{"type":"FeatureCollection","features":[{"type":"Feature","properties":{"hazard":"fire-perimeter","severity":"ELEVATED","tone":"elevated","fire_name":"Luna","acres":8553.113572988259,"contained_pct":42.0,"irwin_id":"{7D70E58C-3570-466C-86F7-8E5F828D0F7F}","unit_code":"NOCA","unit_name":"North Cascades National Park","acres_affected":6680.5},"geometry":{"type":"MultiPolygon","coordinates":[[[[-121.125670233414,48.7832122012061],[-121.125732864215,48.7832122007211],[-121.125789013759,48.7832791499288],[-121.125884038453,48.7832381165617],[-121.125983381486,48.7832726706947],[-121.126093522679,48.7832359566745],[-121.126158311167,48.7832381169434],[-121.126281409909,48.783259713425],[-121.126352677991,48.7833698543137],[-121.126390676448,48.7833926533019],[-121.126439063118,48.7834216848969],[-121.126439062857,48.7834907939612],[-121.126331228842,48.783553467691],[-121.12650538804,48.78362525761],[-121.126616523585,48.7836710678378],[-121.127837249517,48.7828422256174],[-121.128883766323,48.783133262238],[-121.129325342755,48.7833020938142],[-121.129230826356,48.7831832086959],[-121.13083021664,48.781356721869],[-121.134882009375,48.7807947264137],[-121.13861392467,48.7780549966993],[-121.145118119044,48.7798814828217],[-121.146026449321,48.7831821183239],[-121.146021037733,48.7831832286914],[-121.146693681828,48.7836464696587],[-121.146206973119,48.7860832149828],[-121.145817606115,48.7871092142334],[-121.147277733332,48.7885199611737],[-121.149419251375,48.7890970851201],[-121.151434728318,48.7900207132726],[-121.151547485537,48.7900268657416],[-121.151552180564,48.7895883443904],[-121.151718025354,48.7893125558604],[-121.152482480395,48.7891017496808],[-121.153000577538,48.7889664346901],[-121.153898714083,48.7890411697412],[-121.154304990385,48.7889823327235],[-121.154885211007,48.788942612183],[-121.155143405964,48.7889249360917],[-121.155134642511,48.7885917656716],[-121.15527016922,48.7883871469277],[-121.156670055145,48.788639611475],[-121.156891861012,48.7883487059353],[-121.157286624489,48.7878309496634],[-121.158403828877,48.7880905216835],[-121.160331091479,48.7872975848027],[-121.159899166724,48.7886435989942],[-121.159490890333,48.78991584581],[-121.159068330607,48.7909656839344],[-121.159042089851,48.7910308693501],[-121.159003619541,48.7911264395464],[-121.158762261597,48.7917260708654],[-121.158730349746,48.7920441459209],[-121.158695114154,48.7923554753057],[-121.158607396333,48.7927733308117],[-121.158624184318,48.7930640473265],[-121.158713714975,48.7933757483534],[-121.158871373207,48.7937901763895],[-121.159006041857,48.7940681820662],[-121.159811546984,48.7950839678044],[-121.160388931532,48.7956043457629],[-121.160716834745,48.7959246455752],[-121.160985464668,48.7964153124407],[-121.161708798795,48.7969429393003],[-121.161965104564,48.7970978828959],[-121.162509067116,48.7975170967516],[-121.16201914141,48.7977452543248],[-121.161357055617,48.7979783990196],[-121.161040031651,48.7980361592699],[-121.161203719431,48.7983577492422],[-121.16122187361125,48.798393401446624],[-121.136328796367,48.7904972929161],[-121.12279023573991,48.784271600256055],[-121.122807104385,48.7842629961281],[-121.122847598606,48.7839829191754],[-121.122999446331,48.7839323032099],[-121.123151571984,48.7840196344371],[-121.123246580067,48.7839820990408],[-121.123291851078,48.7839642143928],[-121.123418980985,48.7839139878667],[-121.123197457552,48.7836937985725],[-121.123186660493,48.783603093642],[-121.123232011772,48.7835620612066],[-121.123331355135,48.7834907943794],[-121.123365909207,48.7834216849122],[-121.12328384284,48.7834346429066],[-121.123173701606,48.7834864739116],[-121.123076519524,48.7834864742575],[-121.123018208503,48.7834583987461],[-121.123018208869,48.7833936098268],[-121.123145626761,48.7833612159318],[-121.123145627347,48.7833180233244],[-121.123145626861,48.7832597128332],[-121.123253608468,48.7831949239794],[-121.123350792499,48.783222999169],[-121.123327036375,48.7831301354113],[-121.123225532611,48.783130134763],[-121.123134828695,48.7831301354162],[-121.123128349518,48.7830199944054],[-121.123329196379,48.7830437502702],[-121.123335674054,48.7830027170798],[-121.12342853894,48.7830091957208],[-121.123493327409,48.7831020601884],[-121.123631543894,48.7831690092131],[-121.123776239042,48.7831992441349],[-121.123877742589,48.7832035626556],[-121.123912296035,48.7832035629991],[-121.123987883132,48.7832337978373],[-121.124009479542,48.7831517317345],[-121.12405699105,48.783086942673],[-121.124128259371,48.7831366144037],[-121.124167131403,48.7831646886581],[-121.124152014593,48.7832100417491],[-121.124108821766,48.7832251590315],[-121.124169292311,48.7832532340618],[-121.124266474762,48.7832273190324],[-121.124311827588,48.7831538912885],[-121.124363658365,48.7830567082317],[-121.124458681711,48.7830912617408],[-121.124421967492,48.783127975646],[-121.124564504467,48.7832014030445],[-121.124547227616,48.7832791501232],[-121.124771828672,48.7833352999693],[-121.124786946684,48.7831582107007],[-121.124793425076,48.7830739848319],[-121.124862533399,48.7830523886763],[-121.124946757575,48.7830999010464],[-121.12506985684,48.7831409341614],[-121.125255585675,48.7831409343675],[-121.125329013424,48.7831646889333],[-121.125318215183,48.7832856288837],[-121.12539812119,48.7833007459261],[-121.125460749514,48.7833201826725],[-121.125467229019,48.7832661916171],[-121.125536336975,48.7832726706982],[-121.125639999932,48.7832769904072],[-121.125640000229,48.7832489147661],[-121.125670233414,48.7832122012061]]],[[[-121.176960111941,48.807194834285],[-121.180651009516,48.805808255164],[-121.177434746179,48.8029853372322],[-121.182933652301,48.8035954803428],[-121.183069420582,48.8029178171195],[-121.183873193753,48.8025963579456],[-121.184470957981,48.8023572827986],[-121.185256955952,48.801905613402],[-121.185461999121,48.8017974969234],[-121.18573830008,48.8016458747758],[-121.185940824376,48.8015347381422],[-121.186076833929,48.8014601020098],[-121.186660148997,48.8011333698048],[-121.187027705142,48.800791294685],[-121.18735051795,48.8004908566914],[-121.188222456403,48.7996793311484],[-121.188495781064,48.7997321123541],[-121.188566777362,48.7996913964128],[-121.188854683647,48.799482281549],[-121.189147983289,48.799300351845],[-121.189576322581,48.7990619028934],[-121.189876270851,48.7989119828624],[-121.19018158344,48.7987788852331],[-121.190504658326,48.7986718488552],[-121.190735443103,48.7986622711966],[-121.191080352459,48.798647955912],[-121.191471950273,48.7988359538116],[-121.19185488042,48.7984551200117],[-121.19195368448,48.7983568557571],[-121.196124015633,48.7978965444807],[-121.196296092534,48.7975931756569],[-121.197150774355,48.7973825582166],[-121.197734067863,48.7972388138829],[-121.198161122091,48.797133570372],[-121.198429692742,48.797191692093],[-121.198555775868,48.7970958774179],[-121.19924484695,48.7970774209184],[-121.199491444658,48.7970708158972],[-121.19984960101,48.7970612228253],[-121.200181373776,48.797332441378],[-121.201848547588,48.7969656284293],[-121.202012297359,48.7979034748629],[-121.202185394752,48.7979208066661],[-121.202553150842,48.7981382137483],[-121.202817215933,48.7982824649048],[-121.203494414432,48.7986523976506],[-121.203822252794,48.7989222442027],[-121.203888955527,48.7995295426582],[-121.203942465758,48.799607786289],[-121.204021934838,48.7997239859226],[-121.204270946706,48.8000880914813],[-121.204472853814,48.8000987894116],[-121.204701485618,48.8001109028696],[-121.20486645505,48.8000837736708],[-121.205233583146,48.8001215334285],[-121.205264886954,48.8001477716978],[-121.205370486267,48.8002362839506],[-121.205576243401,48.800408746759],[-121.205679824607,48.8004955674382],[-121.205324228818,48.8007387265884],[-121.205198450616,48.8008670802315],[-121.205192846749,48.8008727983955],[-121.205363125871,48.8011463272266],[-121.205578413705,48.801381778131],[-121.206365059172,48.8021571448745],[-121.206501848214,48.8022600824966],[-121.206517362707,48.8022641753681],[-121.206627338951,48.8023198840042],[-121.206974833734,48.8024959057522],[-121.207303364083,48.8026707299591],[-121.207764641117,48.8028988961816],[-121.207930247888,48.8031377181437],[-121.207940115637,48.8033870468613],[-121.207956044782,48.8034050068977],[-121.207997591359,48.8034456802374],[-121.208011238462,48.8034590399521],[-121.208119011294,48.8035645445033],[-121.20829564298,48.8037201118684],[-121.208304187934,48.8037276371544],[-121.208454067326,48.8038596421119],[-121.209159117849,48.8046509156019],[-121.209586782474,48.8051431687449],[-121.210066972251,48.8056192399228],[-121.210225541233,48.8057290292703],[-121.210470281506,48.8058984791079],[-121.210905958523,48.806200126754],[-121.211535102723,48.8065774626917],[-121.21165116703,48.8071691327106],[-121.211554456853,48.807338613824],[-121.211551693523,48.8073433165889],[-121.211668765547,48.807415277341],[-121.216792698517,48.8105645114106],[-121.217932300609,48.8102439036368],[-121.218533274212,48.8103380523082],[-121.219869201783,48.8105473268466],[-121.220958614017,48.8121720773672],[-121.218897357457,48.8128093520433],[-121.218600232456,48.8128623216029],[-121.221355347747,48.8142712821039],[-121.222249246393,48.8161678975934],[-121.223769589619,48.8170349941806],[-121.223209049255,48.8173314740122],[-121.223544844203,48.8176207198051],[-121.225396848279,48.8183753181322],[-121.225999249396,48.819251930765],[-121.225502565673,48.8216441268853],[-121.225371443458,48.822275654255],[-121.225974865395,48.8224125693485],[-121.225279037024,48.8227207159436],[-121.225002094203,48.824054565997],[-121.224999880946,48.8279980340028],[-121.224811370477,48.8291626798635],[-121.224964758626,48.8294519951579],[-121.225087430762,48.8296833732302],[-121.225582834473,48.8306177516164],[-121.226824582474,48.8314298833525],[-121.22595007672,48.8332052733566],[-121.226141234884,48.8339509031107],[-121.226265311452,48.8344348576976],[-121.226848956565,48.8367110228892],[-121.225488516276,48.8381569107985],[-121.222091622238,48.8406719571963],[-121.220249467847,48.8420358797806],[-121.218987531444,48.8449100551493],[-121.218494056056,48.8465092246386],[-121.218148733988,48.8476282223498],[-121.220354283793,48.8551456890649],[-121.220127252152,48.8561625891128],[-121.21988753653,48.8576868427692],[-121.219810787364,48.8595007359499],[-121.21911239738,48.8601492446996],[-121.216452136015,48.8626193097029],[-121.217821837727,48.8638406282327],[-121.214568667958,48.8643266146534],[-121.206632584588,48.8704667581882],[-121.201027160191,48.8661559976145],[-121.198038682826,48.8625172910623],[-121.19760754132,48.8592904485859],[-121.197533977714,48.8587398349007],[-121.197496705074,48.8584608421534],[-121.197411740463,48.8583611653446],[-121.197074326227,48.8582442747649],[-121.196161113854,48.8579279136938],[-121.195790766585,48.8577996146456],[-121.193911529585,48.8571011557768],[-121.193326799198,48.8573626444087],[-121.192746964063,48.857502524635],[-121.192554363237,48.8572878067639],[-121.192605122634,48.8570615596235],[-121.192874441999,48.8568130607725],[-121.193005065979,48.8566925348931],[-121.193095585807,48.8565536769946],[-121.19309439361,48.8565530501461],[-121.193239007183,48.8562931203876],[-121.193348400361,48.8560964942156],[-121.193382445899,48.8560285550556],[-121.193432128828,48.8559294121288],[-121.193418736922,48.8559171308088],[-121.192533468552,48.8554076543916],[-121.191980142341,48.8553853654512],[-121.191889704503,48.8553454933097],[-121.191636761351,48.8552339771801],[-121.191462580818,48.8551571856048],[-121.191797035261,48.8548575228552],[-121.19241680436,48.8544220191176],[-121.192481157643,48.8543767983024],[-121.192500665528,48.8543630877653],[-121.192496614967,48.8543417404646],[-121.192372836994,48.8536891577718],[-121.19215246447,48.852527280758],[-121.188565431386,48.8516924911905],[-121.187265067119,48.8513231640443],[-121.187258130559,48.8514697960297],[-121.186346923913,48.8516973310189],[-121.185571777606,48.8522286876973],[-121.185459683131,48.8523055259233],[-121.185080076552,48.8529454051083],[-121.183771224615,48.8539079641498],[-121.184361147601,48.854394206804],[-121.183836165478,48.8547329756311],[-121.183219162094,48.8549408615727],[-121.182737914219,48.8547111833302],[-121.181776195522,48.8549178589462],[-121.18062481062,48.8549235597366],[-121.18000945468,48.8553615773956],[-121.180008365742,48.8550324800129],[-121.179177096867,48.8550194258579],[-121.178053538611,48.8548314898117],[-121.177037840115,48.8544651730543],[-121.174555112714,48.8540655581683],[-121.17530458752,48.8545290510881],[-121.173557038628,48.8541738106221],[-121.172452977676,48.8543572046123],[-121.174105424339,48.8539092444415],[-121.172797473153,48.8528785318677],[-121.173210347855,48.8525426820415],[-121.173392232813,48.8519707981056],[-121.173669000244,48.8517270967146],[-121.17438359929,48.8522142986785],[-121.174318829382,48.8525976265576],[-121.175549766281,48.8531006204022],[-121.176015835098,48.8529187123496],[-121.175705153347,48.8520571268644],[-121.176761729973,48.8518713511791],[-121.176757513597,48.8512170874087],[-121.176426950624,48.850287202921],[-121.175883076845,48.8495137186857],[-121.176347777398,48.8492139493394],[-121.177032419283,48.8486078243503],[-121.176481694606,48.8484052154226],[-121.17743365363,48.8476848741047],[-121.177609874629,48.8475399476677],[-121.178348504556,48.846932476923],[-121.177757320503,48.8459824417713],[-121.177710201795,48.8449356500732],[-121.176177305441,48.8454114468294],[-121.175643860685,48.8455770157342],[-121.175621697645,48.8455825513064],[-121.173657083526,48.8460732453549],[-121.171339667274,48.8466935033749],[-121.170877324666,48.8461095680546],[-121.174884947445,48.8446716731155],[-121.175057384348,48.8437177543481],[-121.17582587396,48.8431226035587],[-121.175687644189,48.8426473273646],[-121.171788550971,48.8428116373215],[-121.174204868443,48.8425561878498],[-121.175415998863,48.8411201407832],[-121.17361874546,48.8404664770642],[-121.171717777836,48.8405228843022],[-121.169629388463,48.8412344488863],[-121.169104684745,48.840709384147],[-121.169601533469,48.8400602839806],[-121.171034489406,48.8397473741906],[-121.170325627662,48.8395172287691],[-121.169186224533,48.838319473234],[-121.169825938695,48.8382328260258],[-121.171242057424,48.8377340427353],[-121.171494628766,48.838517081281],[-121.17309341833,48.8385349287812],[-121.174093506344,48.8381515802023],[-121.174469543641,48.8380424514309],[-121.175107222411,48.8378573878216],[-121.175621308704,48.8361967171059],[-121.175667422306,48.8360477366638],[-121.17571405803,48.8358970929196],[-121.176109314596,48.8346202447514],[-121.175910681312,48.8345355525099],[-121.174791622523,48.8340584022366],[-121.173879067226,48.8346511739241],[-121.172881552371,48.8348930044514],[-121.171894958702,48.8346466327453],[-121.172426029536,48.834436726085],[-121.172053092355,48.8333860832517],[-121.172999694626,48.8337375653467],[-121.173480959153,48.8335489380468],[-121.174182538913,48.8321871806164],[-121.172814184011,48.832725503134],[-121.171047557656,48.8330129418829],[-121.169830510372,48.8331470546849],[-121.169482931623,48.8326768579136],[-121.168945542454,48.8321704051761],[-121.167543457275,48.8327435701473],[-121.165915131354,48.8328771219696],[-121.164007888931,48.8335829970645],[-121.162731914435,48.834147477001],[-121.162229803304,48.832713947711],[-121.171269036436,48.8280269478357],[-121.173742267045,48.8264193299636],[-121.173650166931,48.8262396220209],[-121.171997211443,48.8264565955719],[-121.171165576355,48.826545806602],[-121.169710114715,48.8264723903911],[-121.169369728938,48.8273086358193],[-121.16907732139,48.8283477747389],[-121.169006033327,48.8270788759432],[-121.167988871594,48.8269219518379],[-121.167488240011,48.8275060833074],[-121.16711083618,48.8267643391329],[-121.166939260243,48.8261509819352],[-121.168174841175,48.8254231856648],[-121.168717248587,48.8252877765803],[-121.170544071495,48.8252776661993],[-121.169150882612,48.8249572653235],[-121.171959122567,48.8229400174067],[-121.171742322202,48.8225169886683],[-121.163724903716,48.8243431380106],[-121.162644412629,48.8242537151325],[-121.160688922205,48.8243349627189],[-121.155829014715,48.8288072216797],[-121.154262073182,48.8276032213936],[-121.153898028436,48.8275408122477],[-121.153917703906,48.8280378928121],[-121.153568410208,48.828114931739],[-121.153216469087,48.8276764112689],[-121.152403685632,48.8278566817038],[-121.152222839026,48.8270514189593],[-121.151751971372,48.8263634183951],[-121.152042249733,48.8252070973715],[-121.151513280232,48.8251677298987],[-121.151178681264,48.8249517721984],[-121.150835273835,48.8252750948413],[-121.150246190863,48.8255610433067],[-121.149803460915,48.8257023013431],[-121.148508105509,48.8249797409309],[-121.148317818512,48.8240946277353],[-121.148615359422,48.8237050666534],[-121.148765517323,48.823252695176],[-121.149543190551,48.8233741741162],[-121.150957415544,48.8234568111872],[-121.151046521311,48.8231459502858],[-121.151980918966,48.8222726366971],[-121.153001093843,48.8231369858255],[-121.153411814793,48.8225918089726],[-121.153708843022,48.8219417757662],[-121.153277313473,48.8205004716013],[-121.153393273783,48.819148171562425],[-121.15703741866163,48.81955673499111],[-121.157928594801,48.8207481280938],[-121.158689089391,48.8223766756302],[-121.158587529581,48.8219524742556],[-121.158695060479,48.821366898435],[-121.158670712073,48.8207639545961],[-121.158709437521,48.8203024792273],[-121.158269608744,48.8206525206929],[-121.158172666252,48.8204512982848],[-121.158187100691,48.8201892815508],[-121.158324703548,48.819797868854],[-121.15833543627056,48.81970226228008],[-121.16133947023,48.820039059651],[-121.17512669776268,48.806777946974556],[-121.176960111941,48.807194834285]]],[[[-121.128524763743,48.8165133783613],[-121.125041609939,48.8172164383736],[-121.124296064762,48.82188492634],[-121.120414867342,48.8215630700663],[-121.119179211525,48.8192659227539],[-121.120531767066,48.8176472333269],[-121.12249372044757,48.81609914639319],[-121.124323247897,48.8158889846081],[-121.12879365590624,48.81639018455616],[-121.128524763743,48.8165133783613]]],[[[-121.163838764544,48.8262457078136],[-121.164080477222,48.8264667890779],[-121.163225560355,48.8266797344323],[-121.163838764544,48.8262457078136]]],[[[-121.161967158185,48.825914836419],[-121.162500797461,48.8265966793985],[-121.162347690352,48.8269610398226],[-121.1618890005,48.827293915782],[-121.161818402679,48.8269902086689],[-121.161967158185,48.825914836419]]],[[[-121.158625972952,48.8270590860671],[-121.158910834711,48.8272653270886],[-121.159457412381,48.8281419257473],[-121.158646050916,48.8275272402684],[-121.158625972952,48.8270590860671]]],[[[-121.159563564018,48.8287252681071],[-121.159235844319,48.8290416553316],[-121.159087995357,48.8289103073157],[-121.159563564018,48.8287252681071]]],[[[-121.154723163371,48.8296977722206],[-121.155105820482,48.8297628975867],[-121.155164947843,48.8298409863934],[-121.154723163371,48.8296977722206]]],[[[-121.169169398462,48.8351368120955],[-121.169540424972,48.8351704182956],[-121.169224657837,48.8353762910615],[-121.169169398462,48.8351368120955]]],[[[-121.170437323518,48.8360046693898],[-121.170428681184,48.8361984783491],[-121.170210729343,48.8360402022596],[-121.170437323518,48.8360046693898]]],[[[-121.168843822913,48.8363403747403],[-121.168325481797,48.8367883639481],[-121.16748965219,48.8367921857381],[-121.168843822913,48.8363403747403]]],[[[-121.166075036812,48.8394730102198],[-121.166947212541,48.8395116012417],[-121.166604458328,48.840513465269],[-121.165612829165,48.8407576263184],[-121.166075036812,48.8394730102198]]],[[[-121.165995800524,48.8428381170232],[-121.166737327222,48.8429759927233],[-121.166293140773,48.8432734949761],[-121.165995800524,48.8428381170232]]]]}},{"type":"Feature","properties":{"hazard":"fire-perimeter","severity":"ELEVATED","tone":"elevated","fire_name":"Luna","acres":8553.113572988259,"contained_pct":42.0,"irwin_id":"{7D70E58C-3570-466C-86F7-8E5F828D0F7F}","unit_code":"ROLA","unit_name":"Ross Lake National Recreation Area","acres_affected":1872.6},"geometry":{"type":"MultiPolygon","coordinates":[[[[-121.16162144531,48.7991781029142],[-121.164229955307,48.8043002124241],[-121.17512669776268,48.806777946974556],[-121.16133947023,48.820039059651],[-121.15833543627056,48.81970226228008],[-121.158370673214,48.8193883732906],[-121.158066925927,48.8191873390162],[-121.157595743893,48.8189355273245],[-121.157525444604,48.8185191719521],[-121.157822880718,48.8184889683533],[-121.158090847972,48.8185651373927],[-121.158349137429,48.8184775981095],[-121.158493512597,48.8182701920183],[-121.158703229871,48.8177918201575],[-121.159126641812,48.817510124864],[-121.159124225474,48.8162900587887],[-121.158837220884,48.8158231030738],[-121.157722860778,48.8148050983724],[-121.155027153398,48.8137663621991],[-121.155822851835,48.8136822025693],[-121.156716696978,48.8139516467171],[-121.156911251152,48.8140102922723],[-121.15802890364,48.8139188942048],[-121.15790177592,48.8136611233934],[-121.157783578416,48.8135049759565],[-121.157347174488,48.8129284638974],[-121.157505158346,48.8123143016752],[-121.157443830837,48.811943981403],[-121.157714915785,48.8118471541325],[-121.158173053228,48.8116835138078],[-121.159047987439,48.8115811047434],[-121.159408381577,48.81172238436],[-121.160048149513,48.811881818367],[-121.160281050465,48.8122160906194],[-121.160426003439,48.8126035988316],[-121.160649567331,48.8127556388398],[-121.160635938043,48.8128309245995],[-121.160851638562,48.8125409664661],[-121.160979441686,48.8123691627127],[-121.161132168788,48.8121638513466],[-121.161486494594,48.811938593858],[-121.161399398549,48.8116986264087],[-121.161500674369,48.8115087413484],[-121.161671756874,48.8111807792208],[-121.161851125115,48.8107732272081],[-121.16156821354,48.8102585086428],[-121.159641744589,48.8100185873129],[-121.158313319053,48.8100160508619],[-121.15691178099,48.8100133580455],[-121.157179404172,48.8108455048129],[-121.156966155331,48.8110179539975],[-121.156414961817,48.8110864541859],[-121.155989490517,48.8109976108421],[-121.155523456979,48.8110101301042],[-121.155216993076,48.8107708351845],[-121.155458695097,48.810383074634],[-121.153778112394,48.8094669043255],[-121.153274493144,48.8093086734677],[-121.152343248016,48.8090160795558],[-121.151545172882,48.8087653177891],[-121.150331479658,48.8083839509128],[-121.14909278904,48.8070772060706],[-121.14897205034,48.8069498297591],[-121.148009672988,48.8072070230656],[-121.146286297369,48.8076675647606],[-121.145807116546,48.8076977083327],[-121.145668219089,48.8076685952328],[-121.141787303952,48.8099078790551],[-121.139597934627,48.813250508591],[-121.134814727442,48.8135286539847],[-121.135377136539,48.8148901958699],[-121.133561539699,48.8142057633375],[-121.12879365590624,48.81639018455616],[-121.124323247897,48.8158889846081],[-121.12249372044757,48.81609914639319],[-121.123235899591,48.8155135270583],[-121.123263352924,48.8139350537854],[-121.12187775319,48.8106113303694],[-121.126351497216,48.8089757456848],[-121.131656232262,48.8093987536032],[-121.130461928717,48.808068070304],[-121.132240844997,48.8081555453849],[-121.134369327292,48.808442678751],[-121.136022954237,48.80559197489],[-121.137131919436,48.8033226461817],[-121.13757673544,48.8035382594542],[-121.138021937642,48.8034495419628],[-121.137581637485,48.8026769927792],[-121.135900913832,48.8022956206136],[-121.134470980634,48.8019711309281],[-121.131668919379,48.8013352049433],[-121.131676174776,48.8013606253973],[-121.130016247478,48.8016670858445],[-121.128772210881,48.801306132375],[-121.127846836264,48.801037636804],[-121.127684989661,48.8009906783882],[-121.125903948322,48.8001898606801],[-121.12586749548,48.8001834344296],[-121.124502168575,48.7998391988543],[-121.121216140973,48.7990206399552],[-121.119519786874,48.7985980263582],[-121.119268187613,48.7980891333574],[-121.119235220515,48.7980816166272],[-121.118000516847,48.797382064664],[-121.116967109257,48.7967965719169],[-121.116144401974,48.7963304382838],[-121.115930532032,48.7962092653922],[-121.115638166406,48.7962289804067],[-121.115339705163,48.7961382294967],[-121.11505143854,48.7960505783623],[-121.114422780692,48.7958178612753],[-121.114316932786,48.7954956773616],[-121.114400253622,48.795359916867],[-121.114747114536,48.7952580348501],[-121.115038132406,48.7950699426325],[-121.115087494571,48.79503803858],[-121.115328271607,48.7948824191883],[-121.115500883749,48.794684766254],[-121.115585544903,48.7944717840114],[-121.115507513621,48.7938150693816],[-121.113829352382,48.7912414939578],[-121.113705676626,48.7911046960453],[-121.113294983675,48.7907916922569],[-121.113141859072,48.7906897087072],[-121.112547506452,48.7901239007149],[-121.112521587381,48.7900992258383],[-121.112201573785,48.7899325556697],[-121.112090220905,48.789874560134],[-121.11185295638,48.7897369920586],[-121.11160572157,48.7895936426137],[-121.111191616956,48.7891241668676],[-121.111188125017,48.7890606216058],[-121.111165541939,48.7886496264368],[-121.111160158441,48.7885516427087],[-121.111402073974,48.788490702311],[-121.11147339166,48.7884727364128],[-121.111521309241,48.7884606656653],[-121.111092146205,48.7882242898612],[-121.111056662023,48.7882047460281],[-121.110956889,48.7882275972205],[-121.110591647579,48.788311247868],[-121.110457574168,48.7883371150079],[-121.110050085325,48.7884157311561],[-121.11050187302,48.7894960352568],[-121.110314715713,48.789462135556],[-121.109705749216,48.7883180474736],[-121.109675771559,48.7882617246273],[-121.109808939933,48.7881377582292],[-121.11016333499,48.7880425595735],[-121.110207643575,48.7880306568921],[-121.110285253328,48.7880098089598],[-121.110340430255,48.7879949869499],[-121.110412021439,48.7879445377096],[-121.11059384758,48.7878164067481],[-121.110648145444,48.7877781439563],[-121.110756985694,48.7877014450728],[-121.11076178403,48.7876980636609],[-121.110823054698,48.7876548860233],[-121.111153461579,48.7877343997401],[-121.112766719641,48.7881226210108],[-121.112569071941,48.7879029328217],[-121.11250154774,48.7878278774366],[-121.112800301331,48.7874856143196],[-121.112826760377,48.7871762051633],[-121.113354275679,48.7870989553454],[-121.113811942543,48.7871418912994],[-121.11436330832,48.787217890129],[-121.114887711618,48.7873760320611],[-121.115091100002,48.7873455790927],[-121.115365240607,48.7873045335148],[-121.116066286427,48.7871995679215],[-121.118482427367,48.7876494082085],[-121.118992889551,48.7877444463821],[-121.119180324349,48.7877214142322],[-121.119270390474,48.7875758622126],[-121.119333755934,48.7874734600636],[-121.119545518148,48.787131234228],[-121.119599143667,48.7870445690359],[-121.119490048524,48.7869051687008],[-121.119469801584,48.7868376796431],[-121.119479925287,48.7867600675937],[-121.119725588958,48.7867314084006],[-121.11973114244,48.7867161085686],[-121.119830662637,48.7864419341561],[-121.119829074754,48.7863925070944],[-121.119439432368,48.7863855077076],[-121.119247089489,48.7862775256369],[-121.119031126952,48.786277526034],[-121.118971151762,48.7862113468687],[-121.118933268724,48.7861695447319],[-121.118963639027,48.7860379418669],[-121.118815163945,48.7859333346071],[-121.118639693814,48.7858456003027],[-121.118511466302,48.7857308701162],[-121.118511465874,48.7856195139486],[-121.118511466453,48.7854946602149],[-121.118670063361,48.7854406685715],[-121.118821913204,48.7852685736058],[-121.118889400662,48.7851099761094],[-121.118778045522,48.7851099762569],[-121.118589078314,48.7850863551857],[-121.118454100917,48.7849783736951],[-121.1181234082,48.7849513775913],[-121.118352868221,48.7847016714109],[-121.118707181658,48.7844890829286],[-121.118943391634,48.7842967400777],[-121.119186349726,48.7841921327764],[-121.119193098725,48.7840504081183],[-121.118994008262,48.7840504076273],[-121.118778044476,48.784020037706],[-121.118970386724,48.7837635822765],[-121.119145856896,48.783567865076],[-121.119422559741,48.7835172487715],[-121.119722882475,48.7836117328038],[-121.119959093475,48.7834868794055],[-121.120293160855,48.7836488507776],[-121.120613731623,48.7838411939208],[-121.120870187248,48.7837804537909],[-121.121028785678,48.783780453764],[-121.12123462443,48.7837703307581],[-121.12132235853,48.7838648139242],[-121.121646304142,48.783827696344],[-121.121666550471,48.7839896680982],[-121.121615934672,48.7840841518884],[-121.121420218074,48.7842629961817],[-121.121227876629,48.7843979729387],[-121.121325734144,48.7845531969811],[-121.121315610837,48.7846814249115],[-121.121622682835,48.7847961546383],[-121.121700295268,48.7849884965884],[-121.121943253547,48.784904135709],[-121.122084979314,48.7846847986154],[-121.122304315991,48.7845194515609],[-121.12279023573991,48.784271600256055],[-121.136328796367,48.7904972929161],[-121.16122187361125,48.798393401446624],[-121.16162144531,48.7991781029142]]],[[[-121.153412339642,48.8189258302987],[-121.153315839325,48.818160558756],[-121.152654930738,48.8174007349619],[-121.15317792833,48.8168038803992],[-121.15422140782,48.8163384677656],[-121.154413352687,48.816416663825],[-121.157471241039,48.817937163708],[-121.156974256377,48.8188260890761],[-121.157024686553,48.8195397137248],[-121.15703741866163,48.81955673499111],[-121.153393273783,48.819148171562425],[-121.153412339642,48.8189258302987]]],[[[-121.109940434806,48.7878230113248],[-121.110031544047,48.7879343667812],[-121.10986282144,48.7879984806615],[-121.10974134444,48.7878736277053],[-121.109940434806,48.7878230113248]]],[[[-121.109194686917,48.7880254758926],[-121.1092284316,48.7882178189568],[-121.109144071367,48.7883055539062],[-121.108995595357,48.7883021788831],[-121.108894364561,48.7882144452691],[-121.10893485689,48.7880625951541],[-121.109194686917,48.7880254758926]]],[[[-121.11386104067,48.7993448149521],[-121.114124672469,48.7994410263594],[-121.113878867397,48.7999203061204],[-121.114675887503,48.8002028929865],[-121.114933706467,48.8002109597724],[-121.114965814954,48.8004539308912],[-121.114943117695,48.8006402410884],[-121.114937137531,48.8006893274991],[-121.114925674459,48.8007834258104],[-121.114911231235,48.8009019820182],[-121.114713922983,48.8010775850669],[-121.114742806731,48.8015125837807],[-121.114689259627,48.8017974089862],[-121.114442381411,48.80218222358],[-121.114203191197,48.8023408449189],[-121.113533445976,48.8022153531962],[-121.113447890953,48.8021441346441],[-121.11329623611,48.8020178930385],[-121.113051233848,48.8018312868851],[-121.112943992376,48.8017496060726],[-121.112498732253,48.8007757957041],[-121.111355911129,48.8004186730052],[-121.111934664787,48.7997472682523],[-121.112329436869,48.799677670092],[-121.113110318472,48.7995773999808],[-121.11386104067,48.7993448149521]]],[[[-121.159608827645,48.8108131196247],[-121.159540826472,48.8110298889224],[-121.15939567112,48.8110324601385],[-121.159378309155,48.8108266311304],[-121.159608827645,48.8108131196247]]],[[[-121.155480605209,48.8151375379979],[-121.155988622223,48.8152468413383],[-121.155530636863,48.8153744740867],[-121.155480605209,48.8151375379979]]]]}},{"type":"Feature","properties":{"hazard":"fire-perimeter","severity":"INFO","tone":"info","fire_name":"Crosswhite","acres":355064.5580676493,"contained_pct":100.0,"irwin_id":"{1B0219EE-5298-4FEF-9927-C2666D9D53FC}","unit_code":"JODA","unit_name":"John Day Fossil Beds National Monument","acres_affected":1059.4},"geometry":{"type":"MultiPolygon","coordinates":[[[[-120.439876275,44.9104398970001],[-120.439691322,44.9104439050001],[-120.439500908,44.9104515400001],[-120.439302466,44.9104650450001],[-120.439098495,44.9104828700001],[-120.438886638,44.9105069510001],[-120.438671014,44.9105358310001],[-120.43844891,44.9105692210001],[-120.438219107,44.910607455],[-120.437980195,44.9106496480001],[-120.437732861,44.9106954260001],[-120.437478514,44.910742096],[-120.437219441,44.9107911770001],[-120.436958863,44.9108393320001],[-120.436694203,44.910886754],[-120.43642766,44.9109356450001],[-120.436159652,44.9109837130001],[-120.435890926,44.911032506],[-120.435621619,44.9110809430001],[-120.435350317,44.911124908],[-120.43507581,44.9111622240001],[-120.434797956,44.9111895870001],[-120.434518044,44.9112105390001],[-120.434236068,44.911227142],[-120.433951693,44.9112362130001],[-120.433666434,44.9112409850001],[-120.433380292,44.9112440440001],[-120.433094053,44.911243993],[-120.432807807,44.9112429470001],[-120.432521264,44.911241567],[-120.432235064,44.911241542],[-120.431950665,44.91124125],[-120.431667456,44.911241488],[-120.431386624,44.9112416580001],[-120.431108203,44.9112419780001],[-120.430834036,44.9112388290001],[-120.430562515,44.9112366750001],[-120.430295433,44.9112363740001],[-120.430031815,44.9112356260001],[-120.429771412,44.9112359530001],[-120.429515079,44.911235456],[-120.429262058,44.911236709],[-120.429012005,44.9112379100001],[-120.428765714,44.911239251],[-120.428522069,44.911237478],[-120.42828194,44.9112343910001],[-120.428043552,44.911230688],[-120.427807578,44.9112271020001],[-120.427570239,44.911223428],[-120.427330922,44.9112197200001],[-120.427088664,44.911215005],[-120.42684249,44.9112089220001],[-120.426594011,44.9112031510001],[-120.426343874,44.9111958030001],[-120.426091375,44.9111874370001],[-120.425838,44.9111792090001],[-120.425583056,44.9111689800001],[-120.425328239,44.9111557750001],[-120.425073041,44.911142066],[-120.424818392,44.911127767],[-120.424562518,44.9111111490001],[-120.42430393,44.911090582],[-120.424045527,44.9110667740001],[-120.423788486,44.9110351400001],[-120.423533264,44.910997933],[-120.423281586,44.910957997],[-120.423031223,44.910918214],[-120.42296371789051,44.910908075550026],[-120.439882998903,44.9104226520553],[-120.44002411287534,44.91043982390925],[-120.439876275,44.9104398970001]]],[[[-120.41744736,44.9111066090001],[-120.417201,44.911153604],[-120.416952057,44.9111921520001],[-120.416701753,44.911227884],[-120.416450442,44.91126189],[-120.416198588,44.9112948920001],[-120.415945703,44.9113263680001],[-120.415694649,44.9113597830001],[-120.415692784,44.911360035],[-120.415444456,44.91139345],[-120.415195632,44.9114281060001],[-120.41494896,44.911465003],[-120.414703698,44.911504601],[-120.414461976,44.911547591],[-120.414227396,44.9115925410001],[-120.414000222,44.911639517],[-120.413808504,44.911683097],[-120.413785217,44.9116883900001],[-120.413582278,44.9117388970001],[-120.413392098,44.9117954770001],[-120.413214477,44.911859373],[-120.413044724,44.9119325390001],[-120.412891023,44.9120174510001],[-120.412764959,44.912119644],[-120.412662022,44.9122326340001],[-120.412574481,44.912353851],[-120.412493082,44.9124746350001],[-120.412411354,44.912595654],[-120.41232406,44.9127151770001],[-120.412228332,44.9128299760001],[-120.412117967,44.912937808],[-120.411988672,44.9130292580001],[-120.411840191,44.913105753],[-120.411673335,44.913158589],[-120.41153746747024,44.91318569240128],[-120.412901895561,44.9111967547767],[-120.41763836742439,44.91106086278916],[-120.41744736,44.9111066090001]]],[[[-120.411300597,44.913204781],[-120.411104251,44.913202239],[-120.410903856,44.9131985510001],[-120.410697213,44.9131967120001],[-120.410485943,44.913195666],[-120.410270608,44.9131973080001],[-120.410051812,44.9132014030001],[-120.409832353,44.9132061390001],[-120.409613545,44.9132111700001],[-120.409395749,44.9132120080001],[-120.409179267,44.913203739],[-120.408964473,44.9131881370001],[-120.408750735,44.913167334],[-120.408539155,44.9131362800001],[-120.408332855,44.913093733],[-120.408130546,44.913040773],[-120.407930677,44.912980594],[-120.407732982,44.912915879],[-120.407534552,44.9128503100001],[-120.407339734,44.912782513],[-120.407299815,44.9127679530001],[-120.407152694,44.9127142940001],[-120.406972522,44.9126470910001],[-120.406795125,44.9125896520001],[-120.406614794,44.912550308],[-120.406430462,44.912529862],[-120.406248049,44.91253929],[-120.40607429,44.912574121],[-120.405907481,44.9126238420001],[-120.405742335,44.9126770570001],[-120.405570043,44.9127207080001],[-120.405390061,44.912751287],[-120.405203863,44.912766004],[-120.405009544,44.912761539],[-120.404806252,44.9127360570001],[-120.404601503,44.912687293],[-120.404399263,44.9126177200001],[-120.404204371,44.912531965],[-120.404017253,44.9124318630001],[-120.403831944,44.9123249350001],[-120.403639285,44.912217979],[-120.403442261,44.91211077],[-120.403244089,44.9119998640001],[-120.403045265,44.9118879970001],[-120.40285095164253,44.91177746646318],[-120.41134992535603,44.91320215772923],[-120.411300597,44.913204781]]],[[[-120.285014569,44.6583311790001],[-120.285015413,44.658504141],[-120.285064561,44.6586423950001],[-120.28508386708909,44.65864096820899],[-120.28508923289785,44.65912184372513],[-120.284945931,44.6591615930001],[-120.284703508,44.659144902],[-120.284533358,44.6590415410001],[-120.284411854,44.658972658],[-120.284314831,44.658955603],[-120.28409647,44.658904256],[-120.283829898,44.6589049190001],[-120.283393854,44.6589405940001],[-120.282885778,44.659114823],[-120.282644193,44.659271093],[-120.28245099,44.659409942],[-120.28240269,44.6594446560001],[-120.28216001,44.659376072],[-120.281941402,44.6592728270001],[-120.28181981,44.6591866410001],[-120.281674409,44.6591870030001],[-120.281529254,44.6592392520001],[-120.281311898,44.6593954580001],[-120.281142924,44.6595342470001],[-120.28099827,44.659690272],[-120.280877851,44.6598462420001],[-120.280733118,44.65998497],[-120.280515836,44.6601584730001],[-120.280419229,44.660227897],[-120.280273323,44.6601244730001],[-120.280199953,44.659986281],[-120.28017497,44.6598306710001],[-120.280173801,44.6595885190001],[-120.280075031,44.659208236],[-120.279807459,44.659001328],[-120.279709192,44.6587248220001],[-120.279684376,44.6586038040001],[-120.279853602,44.658516907],[-120.279999584,44.658637625],[-120.280121588,44.6588102950001],[-120.280267909,44.6590001980001],[-120.280413978,44.6591382140001],[-120.280632169,44.659154975],[-120.280922642,44.659085078],[-120.281164401,44.658963402],[-120.281357941,44.6588937380001],[-120.281551561,44.658841372],[-120.281672647,44.6588237770001],[-120.281963453,44.658823054],[-120.282060558,44.658857411],[-120.282157748,44.6589090620001],[-120.282303152,44.6589087020001],[-120.28252109,44.6588735720001],[-120.282859949,44.658786245],[-120.283005013,44.6587167010001],[-120.283222698,44.6586296770001],[-120.283391746,44.6585081810001],[-120.283366586,44.6583179790001],[-120.283341339,44.6581104860001],[-120.283098665,44.658041896],[-120.282807864,44.658042616],[-120.282686187,44.657939137],[-120.282685438,44.6577834710001],[-120.283096479,44.6575921850001],[-120.283216723,44.65740162],[-120.283312559,44.657176527],[-120.283767163,44.6569761000001],[-120.283718677,44.6568999030001],[-120.283555754,44.656892294],[-120.283443556,44.6569206360001],[-120.283336837,44.6569208990001],[-120.283274391,44.65678475],[-120.283066244,44.656717111],[-120.282970271,44.656617125],[-120.282879938,44.6565211330001],[-120.282795162,44.6564130990001],[-120.282698997,44.656273024],[-120.282557975,44.6561490930001],[-120.282428366,44.656061218],[-120.282354828,44.6559531550001],[-120.282218897,44.6557209700001],[-120.282156416,44.6555768010001],[-120.282138769,44.6554124780001],[-120.282070767,44.6552883640001],[-120.281840357,44.655260868],[-120.281721708,44.6551168390001],[-120.281681869,44.655008696],[-120.281574611,44.654896707],[-120.281523522,44.654784582],[-120.281486427,44.654597892],[-120.280706493,44.6544673720001],[-120.280487653,44.6543122360001],[-120.280510382,44.654000839],[-120.280752202,44.6538964650001],[-120.280994687,44.653930464],[-120.281470259,44.6541981230001],[-120.281525509,44.6540348950001],[-120.281597761,44.6538783660001],[-120.281687144,44.65377792],[-120.281855344,44.653717371],[-120.282113618,44.653700697],[-120.282265282,44.653704336],[-120.282411503,44.6537440600001],[-120.282552127,44.653787811],[-120.282647489,44.653763521],[-120.282754044,44.6537311880001],[-120.282877313,44.6536707450001],[-120.283006159,44.653602273],[-120.283118214,44.6535458700001],[-120.283219619,44.653609766],[-120.283332336,44.6536896630001],[-120.283355273,44.6537858240001],[-120.283406349,44.65389394],[-120.283491122,44.6540019700001],[-120.283642922,44.6540336670001],[-120.283783335,44.6540333180001],[-120.283963078,44.6540368780001],[-120.284114701,44.654032493],[-120.284209866,44.6539681150001],[-120.28429973,44.65396789],[-120.284423522,44.6540156890001],[-120.284524738,44.6540394890001],[-120.284625932,44.654059282],[-120.284721449,44.6540670620001],[-120.284850628,44.6540667400001],[-120.284996656,44.654066378],[-120.28503265927951,44.6540518031891],[-120.28507951642922,44.65825106877387],[-120.285014569,44.6583311790001]]],[[[-120.284966255,44.65359339],[-120.284932205,44.6535213130001],[-120.28490927,44.653425155],[-120.284908897,44.6533489870001],[-120.284745275,44.6531970510001],[-120.284716684,44.653092889],[-120.284732787,44.652940506],[-120.28501919367554,44.65284503650219],[-120.28502807751622,44.653641192620675],[-120.284966255,44.65359339]]],[[[-120.284949442,44.6524536250001],[-120.284817506,44.6523913140001],[-120.284781881,44.6522849140001],[-120.284790136,44.6521784060001],[-120.284798053,44.6520029910001],[-120.284815084,44.65189646],[-120.284805294,44.6516897710001],[-120.284892711,44.6516206470001],[-120.28500591416035,44.65165494680591],[-120.28501485496041,44.6524562075348],[-120.284949442,44.6524536250001]]],[[[-120.288357409,44.64654081],[-120.29002776,44.64607656],[-120.290078651,44.645283637],[-120.290091191,44.6450487010001],[-120.289428933,44.6442086480001],[-120.288960765,44.6437987530001],[-120.288755711,44.6436806660001],[-120.288740776,44.643672071],[-120.288288221,44.643643852],[-120.288151658,44.6437518600001],[-120.288070417,44.643957605],[-120.287989129,44.6441535610001],[-120.28771566,44.6443010680001],[-120.287551339,44.6443406290001],[-120.287496984,44.6444386420001],[-120.287346513,44.6445075350001],[-120.287182287,44.644566674],[-120.286976929,44.644625917],[-120.286771478,44.64466558],[-120.286565928,44.644685671],[-120.286483667,44.6446858780001],[-120.286223089,44.644666956],[-120.28604486,44.644667402],[-120.285839215,44.6446679150001],[-120.285647133,44.6446390340001],[-120.285468908,44.6446394810001],[-120.285290533,44.6446105630001],[-120.285153106,44.6445423930001],[-120.284960688,44.6444450010001],[-120.284891565,44.644327721],[-120.284849717,44.6441810110001],[-120.284807535,44.6439657880001],[-120.284765637,44.643809291],[-120.28466943,44.6437605930001],[-120.284518725,44.643780543],[-120.284381866,44.643829827],[-120.284272239,44.64383988],[-120.283955332,44.644296464],[-120.283527511,44.6447925030001],[-120.283091764,44.645226533],[-120.282822395,44.6457169270001],[-120.282600559,44.6461960410001],[-120.282180661,44.6464891480001],[-120.281752836,44.646297503],[-120.281665691,44.645626742],[-120.281713225,44.645017975],[-120.281784529,44.6444542950001],[-120.281824144,44.643839879],[-120.281816219,44.643248005],[-120.282360865,44.6426603250001],[-120.282319024,44.6425136140001],[-120.282277041,44.6423375410001],[-120.282276234,44.642171153],[-120.282275474,44.642014557],[-120.282260959,44.6418482010001],[-120.282246491,44.641691635],[-120.28215999,44.640639682],[-120.28207298,44.6403646200001],[-120.281936462,44.6402785820001],[-120.28190899,44.639940487],[-120.281887975,44.6398475570001],[-120.281866962,44.639754624],[-120.281811655,44.6396568860001],[-120.281619072,44.639520335],[-120.281495412,44.639461915],[-120.281344473,44.6394329240001],[-120.281124997,44.6394041020001],[-120.28086444,44.6393851670001],[-120.280672521,44.6393856380001],[-120.280439712,44.639435147],[-120.280289106,44.639474669],[-120.280124744,44.639504435],[-120.279905453,44.6395147600001],[-120.279768464,44.639534671],[-120.279480534,44.6395255890001],[-120.279260919,44.6394674000001],[-120.279068667,44.6393993570001],[-120.278725583,44.639321889],[-120.27864754,44.6393000840001],[-120.278518644,44.639048345],[-120.278394474,44.6388822590001],[-120.278310913,44.638608409],[-120.278280868,44.638438051],[-120.278013727,44.6386300950001],[-120.27782157,44.6389764960001],[-120.277749802,44.639166931],[-120.277775347,44.6394436240001],[-120.277994208,44.6396160580001],[-120.278261355,44.6397537820001],[-120.278552566,44.639856853],[-120.278819632,44.6399772780001],[-120.279135401,44.640149476],[-120.279281507,44.6403047900001],[-120.279499959,44.64039074],[-120.279767032,44.640511163],[-120.279888662,44.6406146460001],[-120.279844456,44.640718484],[-120.279792835,44.6408397390001],[-120.279671871,44.6408746290001],[-120.27901131,44.6413823980001],[-120.278448418,44.64184785],[-120.27790074,44.642594735],[-120.277520408,44.643006057],[-120.27714768,44.6433416090001],[-120.277611685,44.643931525],[-120.277969201,44.6443915460001],[-120.278144154,44.644743325],[-120.278327487,44.64526234],[-120.278288358,44.645281906],[-120.278273269,44.6453110250001],[-120.278273912,44.645339532],[-120.278287309,44.6453663560001],[-120.278296324,44.645399266],[-120.278297769,44.6454290840001],[-120.278317801,44.645453005],[-120.278326316,44.6454804740001],[-120.278346743,44.6455091190001],[-120.278334906,44.6455363420001],[-120.278337722,44.6455656040001],[-120.278334638,44.6455990790001],[-120.278348894,44.645629635],[-120.278336901,44.64566369],[-120.278294488,44.6456758740001],[-120.278219308,44.645673],[-120.277880445,44.6456906380001],[-120.277595306,44.645720039],[-120.277347363,44.645793541],[-120.2770085,44.645869985],[-120.276839071,44.645767081],[-120.276847336,44.64549365],[-120.277000237,44.6452672630001],[-120.277096195,44.6450804520001],[-120.277066195,44.6450582890001],[-120.277019794,44.645034561],[-120.276973182,44.645025681],[-120.276932258,44.6450125690001],[-120.276897571,44.644994264],[-120.276864633,44.644968985],[-120.276834798,44.644945491],[-120.276797763,44.644926427],[-120.276755413,44.6449096210001],[-120.276712167,44.6449020850001],[-120.276669753,44.6449002260001],[-120.27662961,44.644888065],[-120.276593055,44.644869516],[-120.276564406,44.644841323],[-120.276538453,44.644809901],[-120.276526299,44.644782992],[-120.276515284,44.6447489010001],[-120.276493042,44.644723668],[-120.276466742,44.6446991240001],[-120.276445487,44.644672352],[-120.276411176,44.644645725],[-120.276412183,44.6446157450001],[-120.276378731,44.6445958190001],[-120.276359883,44.6445715250001],[-120.276338815,44.644543852],[-120.276296559,44.6445179680001],[-120.276257072,44.64449618],[-120.276218908,44.644483076],[-120.276177492,44.644465181],[-120.276141465,44.6444325300001],[-120.276109208,44.6444033940001],[-120.276110043,44.644365082],[-120.276121534,44.64433855],[-120.276127735,44.6443043100001],[-120.276138499,44.644271949],[-120.276139186,44.644236086],[-120.276139024,44.644205663],[-120.276127525,44.644174698],[-120.276133159,44.644146183],[-120.276138803,44.644113147],[-120.276151389,44.64408465],[-120.276168085,44.644057457],[-120.276162619,44.6440254770001],[-120.276164248,44.6439962100001],[-120.276181582,44.6439625670001],[-120.276182351,44.6439330050001],[-120.276183939,44.643899177],[-120.276206642,44.6438657620001],[-120.276218463,44.6438352480001],[-120.276232415,44.643802877],[-120.276221761,44.6437760860001],[-120.276227747,44.643734561],[-120.276246275,44.6437050110001],[-120.27624058,44.64366735],[-120.2762358,44.6436347590001],[-120.276215805,44.6436041040001],[-120.276210415,44.6435727910001],[-120.276197888,44.643540498],[-120.276190615,44.643506669],[-120.276191814,44.643467087],[-120.276183943,44.64342685],[-120.276167631,44.6433975800001],[-120.276132543,44.643373217],[-120.276113361,44.643346454],[-120.276074594,44.6433230160001],[-120.276037748,44.643307792],[-120.276012156,44.6432832030001],[-120.275996298,44.6432579300001],[-120.275981539,44.643221985],[-120.275949223,44.6431983410001],[-120.275939363,44.6431689840001],[-120.275956164,44.6431244020001],[-120.275958502,44.643094891],[-120.275974658,44.6430687050001],[-120.276002646,44.64304464],[-120.276005446,44.6430113150001],[-120.276014237,44.642984369],[-120.27605455,44.642982224],[-120.276092569,44.642939487],[-120.276107147,44.6429118120001],[-120.276114525,44.6428833410001],[-120.276095971,44.642850283],[-120.276088874,44.6428108710001],[-120.276091501,44.642774934],[-120.276114189,44.6427477070001],[-120.276118715,44.642716991],[-120.276126433,44.6426793840001],[-120.276158537,44.642631529],[-120.276177562,44.642606336],[-120.276211135,44.6425900950001],[-120.276241745,44.642562018],[-120.276268014,44.6425384670001],[-120.276314756,44.6425238100001],[-120.276350855,44.6424982],[-120.276406619,44.6425739000001],[-120.276746771,44.642386065],[-120.277107231,44.642216288],[-120.277477842,44.642115146],[-120.277437229,44.6417286320001],[-120.277153955,44.6412267040001],[-120.276936161,44.6412791220001],[-120.276766163,44.64119305],[-120.27636517,44.641787821],[-120.275949386,44.6421697170001],[-120.275906468,44.6424261390001],[-120.275874765,44.642454727],[-120.275832704,44.6424632900001],[-120.27578336,44.642479565],[-120.275738092,44.642466745],[-120.275697725,44.642452635],[-120.275656694,44.642443422],[-120.275617645,44.642436924],[-120.27557928,44.6424414050001],[-120.275526554,44.6424286820001],[-120.275493831,44.6424004200001],[-120.275474882,44.642373854],[-120.275450836,44.642342548],[-120.27542678,44.642316819],[-120.275399881,44.642296673],[-120.275373083,44.6422705310001],[-120.275338591,44.6422536590001],[-120.275327543,44.6422244],[-120.275311634,44.6421897160001],[-120.275277334,44.642164246],[-120.27522395,44.642159328],[-120.275181934,44.642152724],[-120.275145342,44.6421368530001],[-120.275112758,44.6421199120001],[-120.275065813,44.642101499],[-120.275028979,44.6420781080001],[-120.274993529,44.6420589350001],[-120.274962545,44.6420231970001],[-120.274946401,44.641995851],[-120.274924831,44.641972202],[-120.274885697,44.641941581],[-120.274853944,44.6419197380001],[-120.274829641,44.64189407],[-120.274808183,44.6418679770001],[-120.274799363,44.6418381730001],[-120.27474841,44.6418732400001],[-120.274635015,44.6417871780001],[-120.274317508,44.6414805860001],[-120.274113397,44.6412116430001],[-120.273962203,44.6408136050001],[-120.273364989,44.640420943],[-120.2731004,44.640232681],[-120.272593901,44.6401358590001],[-120.272299071,44.639958355],[-120.272117639,44.639770088],[-120.271718534,44.6393890050001],[-120.271572856,44.639320164],[-120.271378726,44.6392514400001],[-120.27120858,44.6391307650001],[-120.271134936,44.6389233780001],[-120.271061375,44.638733287],[-120.271061051,44.6386641010001],[-120.27101187,44.638508546],[-120.271107568,44.63824887],[-120.271276909,44.6381965750001],[-120.271518596,44.638074922],[-120.271784269,44.6379013230001],[-120.271953199,44.637762546],[-120.272073842,44.6376584770001],[-120.272145789,44.637502635],[-120.272144899,44.6373123720001],[-120.272168072,44.6370874580001],[-120.272118734,44.6368973100001],[-120.272083412,44.6368848050001],[-120.271924611,44.636828587],[-120.27165124,44.6368422510001],[-120.271561319,44.6368467460001],[-120.271464498,44.636864276],[-120.271391341,44.636760667],[-120.271318185,44.6366570600001],[-120.2712917,44.6361728110001],[-120.27141218,44.6360341500001],[-120.271168404,44.6357060890001],[-120.270998188,44.635568118],[-120.270634985,44.6356035740001],[-120.270539131,44.6358286620001],[-120.270370283,44.6359847320001],[-120.270176727,44.636037082],[-120.269934723,44.636089542],[-120.269789457,44.636107182],[-120.269560746,44.6362058980001],[-120.269559551,44.6363014030001],[-120.269593223,44.636340295],[-120.269626281,44.6364279700001],[-120.269614046,44.6374035210001],[-120.269607623,44.637448078],[-120.269538699,44.6374964190001],[-120.269148833,44.637491803],[-120.269141948,44.637527053],[-120.269135533,44.637599337],[-120.269118921,44.637786556],[-120.269116266,44.6378123210001],[-120.269116265,44.637842559],[-120.269155369,44.6378892160001],[-120.269172941,44.638102562],[-120.269233631,44.638163257],[-120.26927294,44.638228844],[-120.269325163,44.63826613],[-120.269325164,44.6383407060001],[-120.269377388,44.638377995],[-120.269377389,44.6384525730001],[-120.269429613,44.6384898640001],[-120.269429614,44.6385644380001],[-120.269481839,44.6386017300001],[-120.269481836,44.6386763020001],[-120.269518356,44.6387248080001],[-120.269534064,44.638788171],[-120.269534063,44.6393847860001],[-120.269586287,44.6394220770001],[-120.269586286,44.639645806],[-120.269631482,44.6397100460001],[-120.27009782,44.6401863990001],[-120.27063543,44.6404306650001],[-120.271211903,44.640697969],[-120.271211902,44.6407717100001],[-120.27187258,44.6409837090001],[-120.272280644,44.641218752],[-120.272598027,44.6414676200001],[-120.272766435,44.641730314],[-120.27231303,44.6419377010001],[-120.27194383,44.642135872],[-120.271037018,44.642020657],[-120.270441112,44.6419146600001],[-120.269948845,44.641956136],[-120.269618505,44.642089786],[-120.269618506,44.642306391],[-120.269665993,44.6427757330001],[-120.269656138,44.64280397],[-120.269648357,44.6428369700001],[-120.269645944,44.6428679630001],[-120.269634879,44.6429030720001],[-120.269630445,44.642933301],[-120.26962359,44.642971323],[-120.26961342,44.643002563],[-120.269629121,44.643032986],[-120.269637111,44.643066671],[-120.269623942,44.643106802],[-120.269620905,44.643138723],[-120.269633428,44.6431725100001],[-120.269646747,44.6432028],[-120.269666329,44.6432295320001],[-120.269697988,44.6432467670001],[-120.269732017,44.6432619490001],[-120.269749704,44.643286548],[-120.269784546,44.643305576],[-120.269817065,44.6433313420001],[-120.269844398,44.643350862],[-120.269873033,44.6433797550001],[-120.269903941,44.643408864],[-120.269907724,44.6434485190001],[-120.269928849,44.643482212],[-120.269943246,44.643514902],[-120.26994128,44.6435449510001],[-120.269941571,44.643577803],[-120.269955329,44.6436058290001],[-120.269958187,44.643634353],[-120.269952502,44.6436643010001],[-120.269957653,44.6436921980001],[-120.26996612,44.64372489],[-120.269955033,44.643751266],[-120.269964844,44.643779463],[-120.269966205,44.643811929],[-120.269973906,44.643845178],[-120.269989421,44.6438757970001],[-120.270009798,44.643912587],[-120.270033601,44.643941039],[-120.270036509,44.6439756130001],[-120.270045557,44.6440046540001],[-120.270058674,44.6440384540001],[-120.270058975,44.6440669940001],[-120.270059232,44.6440973840001],[-120.270053831,44.6441261090001],[-120.270047768,44.64415631],[-120.270045953,44.6441884710001],[-120.270053923,44.6442207850001],[-120.270063725,44.644250132],[-120.270066509,44.6442776170001],[-120.270081671,44.6443065010001],[-120.270093746,44.6443350170001],[-120.27010266,44.644372887],[-120.270176673,44.6443448320001],[-120.270305923,44.6444053320001],[-120.270510001,44.6445674730001],[-120.270710679,44.644666687],[-120.270921558,44.644896584],[-120.270870541,44.6449933820001],[-120.270625646,44.6448796440001],[-120.270394355,44.644775586],[-120.270078034,44.644690892],[-120.269812731,44.6445674710001],[-120.269778086,44.6445839780001],[-120.269748479,44.6446039750001],[-120.269715285,44.6446255280001],[-120.269683968,44.644642886],[-120.269652371,44.6446649580001],[-120.269619793,44.644690779],[-120.269593909,44.64471331],[-120.26955175,44.6447378610001],[-120.269514092,44.6447529760001],[-120.269475241,44.644765611],[-120.26944272,44.6447818670001],[-120.269408892,44.6448101010001],[-120.269368253,44.644831993],[-120.269344839,44.6448585570001],[-120.26931352,44.644875062],[-120.269282698,44.6449035890001],[-120.269267857,44.644929538],[-120.269236572,44.644946718],[-120.269209522,44.64497333],[-120.269182346,44.644997931],[-120.269158321,44.6450204440001],[-120.269130101,44.645042727],[-120.269096242,44.645058809],[-120.269063271,44.6450829820001],[-120.2690386,44.6451103150001],[-120.269003525,44.6451241250001],[-120.268969068,44.645143519],[-120.268933831,44.64516358],[-120.268908306,44.6451894080001],[-120.268894373,44.645218673],[-120.268869327,44.6452465610001],[-120.268851134,44.6452717770001],[-120.268824581,44.645303391],[-120.268809266,44.645330474],[-120.268783621,44.6453513590001],[-120.268750454,44.645367078],[-120.268728615,44.645391202],[-120.268705515,44.645418353],[-120.268683592,44.6454447510001],[-120.268652874,44.6454694130001],[-120.268631751,44.6454946380001],[-120.268610994,44.645522337],[-120.268580667,44.6455494580001],[-120.268542459,44.6455730110001],[-120.268515208,44.6456023600001],[-120.268506824,44.6456296010001],[-120.268500863,44.645660166],[-120.268493052,44.6456918370001],[-120.268524711,44.645709503],[-120.268556364,44.645728697],[-120.268598101,44.645725262],[-120.268634289,44.6457373120001],[-120.268661569,44.6457601380001],[-120.268661169,44.6457996710001],[-120.268700927,44.6458016510001],[-120.268701937,44.645829206],[-120.268752681,44.6458297090001],[-120.268791864,44.6458323580001],[-120.268820206,44.6458523920001],[-120.268850251,44.645870314],[-120.268877245,44.6458943970001],[-120.268884813,44.6459240790001],[-120.268876627,44.6459584770001],[-120.268877821,44.645993322],[-120.268893788,44.6460283120001],[-120.268882719,44.646060479],[-120.268872098,44.6460912970001],[-120.268869055,44.6461186670001],[-120.268860372,44.646150445],[-120.268863376,44.6461785860001],[-120.268860796,44.646207745],[-120.268850608,44.6462392620001],[-120.268853402,44.6462693070001],[-120.2688581,44.646301099],[-120.268875656,44.646336585],[-120.268879476,44.6463689980001],[-120.268889159,44.646396995],[-120.268897341,44.6464320900001],[-120.268895569,44.6464671250001],[-120.268883629,44.646499772],[-120.268907131,44.6465239940001],[-120.268931557,44.6465455360001],[-120.26892679,44.646575286],[-120.268931177,44.6466079730001],[-120.268950014,44.6466376020001],[-120.268963277,44.6466652120001],[-120.268940375,44.646687881],[-120.268899684,44.646710801],[-120.268866224,44.6467273150001],[-120.268840559,44.64674969],[-120.268812402,44.646775158],[-120.268797098,44.6468066530001],[-120.268776584,44.646837233],[-120.268733786,44.646862954],[-120.268688656,44.646877719],[-120.268652396,44.646900923],[-120.268621929,44.6469319300001],[-120.268607333,44.6469574810001],[-120.268569027,44.646972111],[-120.268543862,44.6470013210001],[-120.268512721,44.647031145],[-120.268498167,44.6470583510001],[-120.26849349,44.6470868310001],[-120.26848759,44.647114839],[-120.26847583,44.6471445270001],[-120.268460459,44.647176836],[-120.268431606,44.6472077120001],[-120.268392755,44.647211171],[-120.268348464,44.6472095920001],[-120.268306755,44.647210961],[-120.268272864,44.647227023],[-120.268225591,44.647229768],[-120.268183475,44.6472267520001],[-120.268141153,44.647228478],[-120.268097662,44.647226817],[-120.268052483,44.647226931],[-120.268012838,44.6472397910001],[-120.267973053,44.647248963],[-120.267930733,44.647256321],[-120.267885723,44.647264917],[-120.267848202,44.647281223],[-120.267809265,44.6472974320001],[-120.267762915,44.647311233],[-120.267729238,44.6473366060001],[-120.267709125,44.6473674700001],[-120.267696165,44.6473968380001],[-120.267667554,44.647416273],[-120.267644094,44.6474445280001],[-120.267643164,44.647472077],[-120.267641243,44.6475050290001],[-120.267629928,44.6475425570001],[-120.267625203,44.647571413],[-120.267621677,44.6476003810001],[-120.267625061,44.6476279620001],[-120.267626297,44.6476568310001],[-120.267602824,44.6476857110001],[-120.267568642,44.6477086730001],[-120.267541578,44.647729112],[-120.267531878,44.64775809],[-120.267539904,44.6477904820001],[-120.267566411,44.6478170880001],[-120.267587875,44.647843014],[-120.267626018,44.6478629170001],[-120.267667037,44.647882354],[-120.267703835,44.6478979660001],[-120.267741053,44.64792011],[-120.267756294,44.647945426],[-120.267748455,44.6479777120001],[-120.267752788,44.6480067320001],[-120.267765295,44.6480391280001],[-120.267775668,44.6480690280001],[-120.267789095,44.6481012950001],[-120.26781216,44.6481335080001],[-120.267839136,44.648159584],[-120.267861127,44.6481845370001],[-120.267880658,44.648213894],[-120.267902999,44.648246214],[-120.267923295,44.648272928],[-120.26791858,44.6483067280001],[-120.267914901,44.6483348520001],[-120.267904784,44.6483658720001],[-120.267910452,44.6484023720001],[-120.26788291,44.648424194],[-120.267875541,44.648457439],[-120.267868216,44.648498955],[-120.267863297,44.648528223],[-120.267846753,44.6485583780001],[-120.267805283,44.648576389],[-120.267766067,44.64858658],[-120.267741429,44.648616229],[-120.267721494,44.6486406230001],[-120.267716402,44.6486679920001],[-120.267695327,44.6486933090001],[-120.267676184,44.6487220160001],[-120.267714801,44.648732555],[-120.267744156,44.648752175],[-120.267752485,44.6487798640001],[-120.267758177,44.6488182690001],[-120.267739264,44.648846604],[-120.267753595,44.648876541],[-120.267791752,44.64889407],[-120.267831587,44.6488964430001],[-120.267871246,44.6488867990001],[-120.267904701,44.648868823],[-120.267950147,44.6488672190001],[-120.267981069,44.648850645],[-120.26802492,44.6488425860001],[-120.268056695,44.648858821],[-120.268058755,44.648896608],[-120.268041741,44.648932523],[-120.26803629,44.6489619390001],[-120.268032661,44.6489972090001],[-120.26803946,44.649028555],[-120.268044018,44.6490646410001],[-120.268063919,44.649089003],[-120.268083807,44.6491143980001],[-120.268103378,44.6491397520001],[-120.268131659,44.6491676360001],[-120.268175777,44.6491651380001],[-120.26822288,44.649160495],[-120.268261454,44.6491718950001],[-120.268308078,44.6491696570001],[-120.26835559,44.6491720600001],[-120.268381718,44.6491968880001],[-120.268394257,44.649226879],[-120.268429489,44.6492477630001],[-120.268456507,44.6492714390001],[-120.268501848,44.649288303],[-120.268504787,44.649324172],[-120.268514623,44.649358218],[-120.268551531,44.649374736],[-120.268592021,44.6493634],[-120.268635637,44.6493656540001],[-120.268675071,44.649370769],[-120.268693092,44.6493982280001],[-120.268685706,44.649430588],[-120.268665904,44.6494605120001],[-120.268654517,44.6494881360001],[-120.268655646,44.649520915],[-120.268682063,44.6495541530001],[-120.268716191,44.649572677],[-120.26875526,44.6495925790001],[-120.268798149,44.64961737],[-120.268841269,44.6496342790001],[-120.268866988,44.649656975],[-120.268885697,44.6496835460001],[-120.268906335,44.649713949],[-120.268905174,44.6497456170001],[-120.268886366,44.6497715180001],[-120.26884928,44.6497891500001],[-120.268794677,44.6498033880001],[-120.268760288,44.6497907290001],[-120.268719208,44.649775968],[-120.268681288,44.6497559210001],[-120.268637079,44.6497521790001],[-120.268589279,44.6497533570001],[-120.268545504,44.6497667240001],[-120.268528635,44.6497962270001],[-120.268539309,44.649825879],[-120.268569829,44.6498441910001],[-120.268610717,44.649868392],[-120.268606177,44.6498980060001],[-120.268581421,44.649926844],[-120.268620802,44.6499404090001],[-120.268652737,44.6499227950001],[-120.268691922,44.649904453],[-120.268738696,44.649909445],[-120.268781903,44.6499011980001],[-120.268820478,44.6499049990001],[-120.268861298,44.6499073370001],[-120.268908067,44.6499157600001],[-120.268960044,44.6498905540001],[-120.269007678,44.6498826910001],[-120.269047841,44.6498948070001],[-120.269093136,44.6498814510001],[-120.269132467,44.649864463],[-120.269179158,44.6498475110001],[-120.26921543,44.649830077],[-120.269261113,44.649816995],[-120.269302681,44.649804891],[-120.269339116,44.649784471],[-120.26936629,44.6497616250001],[-120.269386019,44.6497323250001],[-120.269404721,44.649699389],[-120.26941282,44.649670717],[-120.269429356,44.6496422270001],[-120.269445043,44.649614195],[-120.269479211,44.6496003680001],[-120.269517459,44.6495953460001],[-120.269561101,44.649607062],[-120.269598741,44.6496136100001],[-120.269641616,44.6496325750001],[-120.269677557,44.6496521190001],[-120.269703818,44.6496754500001],[-120.269731229,44.6497064170001],[-120.269755424,44.649729214],[-120.269788147,44.6497519710001],[-120.26983072,44.649763249],[-120.269868745,44.6497571250001],[-120.269910551,44.6497569490001],[-120.269948988,44.6497480740001],[-120.26999787,44.649755199],[-120.270037955,44.6497556140001],[-120.270081589,44.649749216],[-120.270114117,44.649733805],[-120.270141471,44.649708736],[-120.270176923,44.6496943160001],[-120.270213177,44.6496777670001],[-120.27024758,44.649661931],[-120.270290339,44.6496487050001],[-120.270319008,44.6496286810001],[-120.270353937,44.649611609],[-120.270395419,44.6496182550001],[-120.270439805,44.649627788],[-120.270481925,44.6496291660001],[-120.270520158,44.649632996],[-120.270558945,44.649641273],[-120.270609547,44.6496482680001],[-120.270662442,44.6496525270001],[-120.270703045,44.649644806],[-120.270741225,44.6496391700001],[-120.270780141,44.6496478070001],[-120.270819752,44.649644757],[-120.270867364,44.649639021],[-120.270909245,44.649639006],[-120.270948297,44.6496331110001],[-120.270994149,44.6496125140001],[-120.271028503,44.649598375],[-120.271064758,44.649587109],[-120.271097616,44.6495707180001],[-120.271106576,44.6495416910001],[-120.271112428,44.6495075460001],[-120.271124038,44.649475426],[-120.271154778,44.6494573250001],[-120.271186022,44.6494349700001],[-120.271225734,44.649429464],[-120.271257232,44.649453081],[-120.271293538,44.649439719],[-120.271334014,44.649443526],[-120.271377896,44.6494226610001],[-120.271422177,44.64940764],[-120.271471996,44.6494110960001],[-120.271526257,44.649408522],[-120.271566258,44.649418203],[-120.271594642,44.6494448550001],[-120.271639176,44.6494702900001],[-120.271679822,44.6494591490001],[-120.271719373,44.649453921],[-120.27176245,44.649441003],[-120.271794741,44.6494238180001],[-120.271798065,44.6493920790001],[-120.271804926,44.649364592],[-120.271832514,44.6493326940001],[-120.27183098,44.649300811],[-120.271829886,44.6492709020001],[-120.271834977,44.649241159],[-120.271830769,44.6492077950001],[-120.271848968,44.6491758180001],[-120.271875948,44.649150508],[-120.271905595,44.6491753920001],[-120.271927443,44.649202153],[-120.27195882,44.649220986],[-120.27198073,44.649243648],[-120.272012801,44.649266509],[-120.272044198,44.6492871300001],[-120.27208846,44.6493104090001],[-120.272130469,44.6493201270001],[-120.272169915,44.6493371220001],[-120.27222458,44.6493440350001],[-120.272267582,44.649323908],[-120.272286017,44.6492996490001],[-120.272312562,44.6492756280001],[-120.272345563,44.649244652],[-120.272380519,44.6492230920001],[-120.272439091,44.6492209310001],[-120.272472423,44.649202007],[-120.272493999,44.649228877],[-120.272502641,44.6492598290001],[-120.272498536,44.6492921720001],[-120.27247251,44.6493184940001],[-120.272455276,44.6493462820001],[-120.272449591,44.6493755870001],[-120.272417488,44.6493924640001],[-120.272394489,44.649416246],[-120.272355393,44.649429802],[-120.272333761,44.649462494],[-120.272337168,44.649500921],[-120.272334837,44.649537895],[-120.27233587,44.649572806],[-120.272316671,44.6495973580001],[-120.272299912,44.649627014],[-120.272288753,44.6496573790001],[-120.272260466,44.649679663],[-120.272254009,44.649711783],[-120.272243305,44.6497407160001],[-120.2722172,44.649763605],[-120.272176116,44.649772747],[-120.272144057,44.6497518080001],[-120.272100209,44.649736714],[-120.272051442,44.6497321090001],[-120.27201713,44.649755457],[-120.271978293,44.649755923],[-120.271941382,44.6497405600001],[-120.27191933,44.6497108020001],[-120.271880256,44.649704478],[-120.271839456,44.649693857],[-120.271807005,44.6496683170001],[-120.271762957,44.6496630930001],[-120.271731704,44.6496826210001],[-120.271698235,44.6497055610001],[-120.271675888,44.6497294270001],[-120.27164537,44.6497541100001],[-120.271611933,44.649779833],[-120.271595285,44.649807546],[-120.271572111,44.64983878],[-120.271536515,44.6498578280001],[-120.271531672,44.6498861640001],[-120.271527132,44.64991975],[-120.271539137,44.6499490360001],[-120.271560261,44.6499754170001],[-120.271552373,44.6500144440001],[-120.271566141,44.6500483200001],[-120.271567915,44.6500771730001],[-120.271580649,44.6501119980001],[-120.271604027,44.6501467150001],[-120.271626077,44.6501710310001],[-120.271617914,44.650206407],[-120.271589198,44.650232311],[-120.271542332,44.6502495190001],[-120.271501171,44.6502662250001],[-120.271462597,44.6502760760001],[-120.271420401,44.6502936680001],[-120.271370298,44.6502993060001],[-120.271332651,44.6502850140001],[-120.271293627,44.6502908570001],[-120.271250707,44.650310742],[-120.271207558,44.6503260710001],[-120.271158182,44.6503290640001],[-120.271122105,44.6503090320001],[-120.271104224,44.650283545],[-120.271069268,44.650254761],[-120.27104603,44.6502292980001],[-120.271043684,44.6501985510001],[-120.271030635,44.6501681350001],[-120.271011529,44.6501437520001],[-120.270983222,44.650115713],[-120.270956911,44.650093031],[-120.270947842,44.6500654710001],[-120.270914088,44.6500488890001],[-120.270873026,44.650054536],[-120.27083528,44.650042467],[-120.270793086,44.650026945],[-120.270754473,44.650009357],[-120.270712697,44.650002122],[-120.270685488,44.6499814900001],[-120.270672798,44.649951554],[-120.270650183,44.6499278700001],[-120.270617733,44.6499049270001],[-120.270578541,44.6499117330001],[-120.270533403,44.6499142970001],[-120.270484887,44.6499246720001],[-120.270443084,44.649930039],[-120.270402152,44.6499363080001],[-120.270366114,44.649913885],[-120.270330495,44.6499271230001],[-120.270374572,44.6499821370001],[-120.270401654,44.6500035030001],[-120.270420179,44.650028504],[-120.270427412,44.650056776],[-120.270463429,44.6500738140001],[-120.270503141,44.6500896160001],[-120.270536163,44.6501128240001],[-120.270555883,44.650137511],[-120.270551079,44.6501682430001],[-120.270528242,44.650193114],[-120.270487088,44.6502084110001],[-120.270464469,44.650234788],[-120.270464673,44.65026679],[-120.270427904,44.65031923],[-120.270453913,44.650340016],[-120.270461498,44.6503670750001],[-120.270471016,44.6503949630001],[-120.270491075,44.650424253],[-120.270522501,44.650444238],[-120.270554285,44.650463589],[-120.270596594,44.6504799910001],[-120.270629416,44.650498477],[-120.270665474,44.6505256250001],[-120.27070597,44.6505383670001],[-120.27075894,44.6505407440001],[-120.270800735,44.6505425820001],[-120.270841431,44.6505381160001],[-120.270888837,44.650552878],[-120.270911107,44.6505877600001],[-120.270910099,44.650615196],[-120.270916267,44.6506469810001],[-120.270916281,44.650681214],[-120.270948495,44.6507082040001],[-120.270977848,44.6507284030001],[-120.271006028,44.6507564250001],[-120.27102655,44.6507872620001],[-120.27104456,44.6508164300001],[-120.271076174,44.650833253],[-120.271118996,44.6508463230001],[-120.27116781,44.650847313],[-120.271189197,44.650823093],[-120.27120802,44.6507971090001],[-120.271223543,44.650771838],[-120.271226748,44.650739394],[-120.271271833,44.6507386170001],[-120.271318137,44.6507422700001],[-120.271350229,44.6507666360001],[-120.271330957,44.650799132],[-120.271318221,44.6508271490001],[-120.271314112,44.65085571],[-120.271330072,44.6508823010001],[-120.271345924,44.6509146180001],[-120.271348186,44.650942011],[-120.271317988,44.6509676750001],[-120.271315016,44.650995992],[-120.271345938,44.651014323],[-120.271372763,44.651047051],[-120.271413329,44.651064983],[-120.271442339,44.6510881090001],[-120.271459616,44.651115324],[-120.27149689,44.6511240080001],[-120.271538567,44.651114948],[-120.271558086,44.651089273],[-120.271544702,44.6510599490001],[-120.271560274,44.651025578],[-120.271581421,44.6509890720001],[-120.271564936,44.650955212],[-120.271556542,44.6509120260001],[-120.271560107,44.6508747010001],[-120.271568799,44.6508426680001],[-120.271597047,44.6508147750001],[-120.271620339,44.650786544],[-120.271653783,44.6507691780001],[-120.271695033,44.6507517300001],[-120.271709248,44.650718209],[-120.271738942,44.6507004530001],[-120.271758466,44.6506717720001],[-120.271775072,44.650644099],[-120.271787989,44.650608162],[-120.271794271,44.650578341],[-120.27179328,44.650607108],[-120.271796475,44.650639025],[-120.271799972,44.6506682030001],[-120.271830323,44.650685953],[-120.271825796,44.650717157],[-120.271792317,44.6507318000001],[-120.271752501,44.650744466],[-120.271725441,44.650765375],[-120.271747566,44.650797378],[-120.271780513,44.6508214340001],[-120.27181794,44.650834047],[-120.271851319,44.650853097],[-120.271898341,44.6508613710001],[-120.271943574,44.6508646930001],[-120.271988653,44.6508604420001],[-120.272028519,44.650854338],[-120.272071838,44.6508541490001],[-120.27212256,44.6508527990001],[-120.272147072,44.6508750940001],[-120.272188173,44.6508857750001],[-120.272225374,44.650898033],[-120.27226849,44.6508770400001],[-120.272311967,44.650876183],[-120.272333761,44.650900848],[-120.272360781,44.650926268],[-120.272359151,44.6509540120001],[-120.272342812,44.6509818850001],[-120.272316776,44.6510102350001],[-120.272300647,44.6510409730001],[-120.272260169,44.6510553190001],[-120.272217947,44.651067175],[-120.272182969,44.6510807870001],[-120.272143745,44.6510926280001],[-120.272109801,44.65111324],[-120.272121621,44.6511408740001],[-120.272108197,44.6511679120001],[-120.272099345,44.6511975810001],[-120.272088367,44.6512262430001],[-120.272061972,44.651254054],[-120.272074046,44.651281064],[-120.2720696,44.6513085820001],[-120.272063313,44.651340417],[-120.272057199,44.6513780590001],[-120.272060163,44.6514092800001],[-120.272097358,44.651427567],[-120.272126248,44.651449805],[-120.272153513,44.651475045],[-120.272187991,44.6514994670001],[-120.272221432,44.6515157220001],[-120.272249275,44.6515372160001],[-120.272247384,44.6515731530001],[-120.272224469,44.6515978190001],[-120.272195818,44.6516199280001],[-120.272178419,44.6516460170001],[-120.272162971,44.651673246],[-120.272157344,44.651702626],[-120.272128519,44.651721959],[-120.272105768,44.651753625],[-120.272123785,44.651791099],[-120.272114115,44.6518193320001],[-120.272099828,44.651846026],[-120.272080133,44.6518782140001],[-120.272069155,44.6519046440001],[-120.272076875,44.6519385490001],[-120.272080356,44.6519738210001],[-120.272065657,44.652007902],[-120.272022864,44.6520194390001],[-120.271988193,44.6519984700001],[-120.271950343,44.6519825920001],[-120.271920858,44.65195942],[-120.271876947,44.651951738],[-120.271834703,44.651946174],[-120.271820092,44.651972497],[-120.27178582,44.6519952960001],[-120.271747871,44.6520144500001],[-120.271710614,44.6520326460001],[-120.271677143,44.652047311],[-120.271646952,44.6520696010001],[-120.271637489,44.652100413],[-120.271648557,44.6521314030001],[-120.271663587,44.6521592450001],[-120.27168811,44.6521841630001],[-120.271729361,44.6521837670001],[-120.271771229,44.6521889640001],[-120.27181188,44.652184704],[-120.271857598,44.652193083],[-120.271896042,44.652188009],[-120.271938874,44.6521876690001],[-120.271981424,44.6521731600001],[-120.272015879,44.652148181],[-120.272053486,44.6521386380001],[-120.272088767,44.6521275600001],[-120.272102477,44.6521016230001],[-120.272120098,44.652072493],[-120.272147455,44.6521028340001],[-120.272181546,44.6521230870001],[-120.272221036,44.6521417210001],[-120.272248624,44.652169015],[-120.272272746,44.652197121],[-120.272282765,44.65222863],[-120.272287883,44.652258977],[-120.272287118,44.6522866010001],[-120.27230453,44.652312141],[-120.272331496,44.6523338960001],[-120.272373488,44.6523348600001],[-120.272426971,44.6523297260001],[-120.272467374,44.6523186590001],[-120.272499044,44.65230043],[-120.272527562,44.6522806740001],[-120.27256926,44.6522756750001],[-120.272580977,44.6523052640001],[-120.272580842,44.6523357080001],[-120.272564843,44.652369106],[-120.272560719,44.652397056],[-120.272558398,44.652425953],[-120.272544471,44.6524570330001],[-120.272549311,44.6524861560001],[-120.272553632,44.652515399],[-120.272564299,44.65254552],[-120.272538623,44.6525739470001],[-120.272511343,44.6526027190001],[-120.272477584,44.6526172640001],[-120.272450257,44.6526448540001],[-120.272425402,44.652674791],[-120.27244846,44.6526978110001],[-120.272461199,44.6527262920001],[-120.272498566,44.6527558180001],[-120.272545527,44.652761018],[-120.272590245,44.652768236],[-120.272628559,44.6527636970001],[-120.272669001,44.652775515],[-120.272680884,44.6528058270001],[-120.272700859,44.6528337230001],[-120.272713452,44.6528605010001],[-120.272736474,44.6528884000001],[-120.272743582,44.6529158650001],[-120.272764114,44.6529453270001],[-120.272769832,44.65297531],[-120.272781149,44.6530041980001],[-120.272786895,44.653038134],[-120.272760416,44.653058355],[-120.272725804,44.653072744],[-120.272702101,44.6530969520001],[-120.272669206,44.6531242990001],[-120.272685527,44.65315966],[-120.272712314,44.6531883550001],[-120.27274414,44.653212152],[-120.272775781,44.6532459490001],[-120.272775995,44.653278576],[-120.272762406,44.653304242],[-120.272749594,44.6533356690001],[-120.272707516,44.6533518410001],[-120.272665829,44.6533535310001],[-120.272623216,44.6533702080001],[-120.272510525,44.653423957],[-120.272491257,44.6533989370001],[-120.272456244,44.653359542],[-120.272430771,44.65332994],[-120.272402883,44.6532969900001],[-120.272370426,44.6532606120001],[-120.272332476,44.653223903],[-120.272287682,44.6531884450001],[-120.272232196,44.6531545330001],[-120.272171704,44.653124545],[-120.272099083,44.65310163],[-120.272019846,44.653086914],[-120.271937396,44.653080269],[-120.271856282,44.653077567],[-120.271764003,44.6530693780001],[-120.271669196,44.6530643780001],[-120.271573979,44.6530609380001],[-120.271473093,44.6530561540001],[-120.271371866,44.6530503440001],[-120.27126909,44.6530431150001],[-120.27117556,44.6530358790001],[-120.271086587,44.653022337],[-120.271001975,44.6530037260001],[-120.270921186,44.6529745450001],[-120.270843199,44.6529377950001],[-120.27077607,44.6528905930001],[-120.270706429,44.6528441680001],[-120.270640465,44.6527924380001],[-120.270575042,44.6527382460001],[-120.270507765,44.6526786490001],[-120.270428424,44.6526232850001],[-120.270349062,44.6525722470001],[-120.270266136,44.652527547],[-120.270175861,44.652487298],[-120.270077872,44.6524563660001],[-120.269975428,44.6524368510001],[-120.269869394,44.6524291050001],[-120.269766475,44.652431903],[-120.269664023,44.652437509],[-120.26955602,44.6524404510001],[-120.269445769,44.6524407800001],[-120.269336736,44.652432592],[-120.269223844,44.6524297130001],[-120.269115302,44.6524230470001],[-120.269010111,44.652413477],[-120.268900788,44.6524052300001],[-120.268791275,44.6523975380001],[-120.268682514,44.6523923730001],[-120.268570465,44.652376051],[-120.268464552,44.6523626480001],[-120.26836764,44.6523313530001],[-120.268279258,44.652291076],[-120.268209539,44.65224642],[-120.268155517,44.6522076150001],[-120.268114901,44.6521635670001],[-120.268076154,44.6521182660001],[-120.268032155,44.6520701160001],[-120.267986026,44.6520241860001],[-120.26792944,44.651978442],[-120.267880012,44.651946509],[-120.267799478,44.6519368990001],[-120.267729955,44.651955736],[-120.267651856,44.6519546600001],[-120.267575199,44.6519506240001],[-120.267513319,44.65195393],[-120.267446269,44.651955021],[-120.26738928,44.651961832],[-120.267338629,44.651954834],[-120.267307197,44.6519252520001],[-120.26728532,44.6518863150001],[-120.26727041,44.651858691],[-120.267267801,44.6518199000001],[-120.267234249,44.6517951920001],[-120.267199203,44.6517605940001],[-120.267154181,44.6517228120001],[-120.267116723,44.651679888],[-120.267075395,44.6516349930001],[-120.267046364,44.651576403],[-120.266999524,44.6515281710001],[-120.266949773,44.65148566],[-120.266891742,44.6514405980001],[-120.266841896,44.65139809],[-120.266794127,44.6513464180001],[-120.266746335,44.651297631],[-120.26669464,44.651247916],[-120.266636896,44.6512022520001],[-120.266589321,44.6511492390001],[-120.266548981,44.651091475],[-120.266506208,44.6510342230001],[-120.266476089,44.6509904330001],[-120.266463837,44.6509726190001],[-120.266438618,44.6509093760001],[-120.26643976,44.6508962720001],[-120.266443426,44.6508541760001],[-120.266454299,44.650808152],[-120.266487432,44.6507616900001],[-120.26651172,44.6507140030001],[-120.266528283,44.6506703740001],[-120.266558383,44.650634854],[-120.266599388,44.650616439],[-120.26666956,44.6505870190001],[-120.26670284,44.6505471570001],[-120.266733925,44.6505050580001],[-120.266769297,44.6504684820001],[-120.266825766,44.6504260020001],[-120.266864396,44.6503823940001],[-120.266903824,44.6503366590001],[-120.266946331,44.65029557],[-120.266987852,44.650284169],[-120.267038361,44.650262755],[-120.267104354,44.650250219],[-120.267168094,44.6502504900001],[-120.267196925,44.6500109],[-120.267164101,44.649993755],[-120.267093469,44.6499681620001],[-120.267030512,44.649934757],[-120.266971084,44.649911553],[-120.266924611,44.6498872000001],[-120.266771724,44.649763598],[-120.266593028,44.649620772],[-120.26655316,44.6495306840001],[-120.266536104,44.649490884],[-120.266512401,44.6494355770001],[-120.266480147,44.649334611],[-120.266469332,44.649310257],[-120.26647172,44.649300925],[-120.266517539,44.6491216420001],[-120.266519575,44.6490745140001],[-120.266529588,44.648843013],[-120.266535615,44.6485086500001],[-120.266493438,44.64804997],[-120.26633075,44.647621299],[-120.266239622,44.6474899770001],[-120.265878333,44.647145435],[-120.26545051,44.646880514],[-120.265459023,44.6468088510001],[-120.265438984,44.64678109],[-120.265438983,44.646631051],[-120.265488202,44.6465632060001],[-120.265498047,44.6464803170001],[-120.265006843,44.6457193690001],[-120.264903849,44.6451726070001],[-120.26469786,44.644586384],[-120.264610709,44.6439606930001],[-120.264254192,44.643380097],[-120.263778834,44.6432899060001],[-120.26342231,44.643459013],[-120.263295553,44.643729584],[-120.263184636,44.6440339760001],[-120.263176714,44.6442819960001],[-120.263089563,44.6445412910001],[-120.26289942,44.644761126],[-120.262748891,44.6450147780001],[-120.262426559,44.6455980790001],[-120.262443787,44.645631811],[-120.262440364,44.645662198],[-120.262439533,44.6456919280001],[-120.262452895,44.64571777],[-120.262464161,44.645746165],[-120.262478927,44.645775099],[-120.262479668,44.6458079700001],[-120.262487267,44.6458359590001],[-120.262489317,44.6458657740001],[-120.262474656,44.6458950790001],[-120.262460811,44.645927155],[-120.262452672,44.6459559400001],[-120.262441227,44.6459910940001],[-120.262440891,44.646019687],[-120.262428868,44.646050797],[-120.262424061,44.6460790400001],[-120.262415545,44.6461096630001],[-120.262376249,44.646121615],[-120.262352196,44.6460926780001],[-120.262345066,44.6460624650001],[-120.262319018,44.646034899],[-120.262272186,44.646049497],[-120.262254571,44.646076328],[-120.262236826,44.646106644],[-120.26218795,44.646101163],[-120.262176404,44.6460718450001],[-120.262144426,44.646050953],[-120.26211057,44.646026292],[-120.262065481,44.646016349],[-120.262032355,44.6459857400001],[-120.262005641,44.6459601080001],[-120.261983541,44.6459371620001],[-120.261966751,44.6459107750001],[-120.261931196,44.645888991],[-120.261908248,44.6458618010001],[-120.261880603,44.645840037],[-120.261848451,44.6458217910001],[-120.261818553,44.6458045360001],[-120.261776617,44.645787435],[-120.26173472,44.6457661150001],[-120.261709836,44.64574393],[-120.261673755,44.6457263550001],[-120.261631813,44.645709272],[-120.261595547,44.6456845340001],[-120.261569403,44.6456621830001],[-120.26154316,44.6456354200001],[-120.261514934,44.64560814],[-120.261505888,44.6455783100001],[-120.261501463,44.645535841],[-120.261463742,44.6455089510001],[-120.261422894,44.6454922660001],[-120.261389453,44.645472994],[-120.261343219,44.645460643],[-120.261306031,44.645446652],[-120.261293118,44.6454194450001],[-120.261292405,44.6453903490001],[-120.261281198,44.6453633790001],[-120.261266301,44.6453370400001],[-120.261250488,44.645304272],[-120.261227301,44.6452759970001],[-120.261195212,44.6452600420001],[-120.261181377,44.6452288450001],[-120.261158242,44.6451978480001],[-120.261127984,44.6451752570001],[-120.26108822,44.6451617340001],[-120.261049514,44.6451721720001],[-120.26102185,44.6452009160001],[-120.261000673,44.6452294870001],[-120.26097501,44.6452546890001],[-120.260941571,44.6452788720001],[-120.260915386,44.6453038660001],[-120.260892306,44.6453276350001],[-120.26085848,44.6453499840001],[-120.260832444,44.6453728930001],[-120.260806794,44.6453950380001],[-120.260777667,44.6454185170001],[-120.260731854,44.645429769],[-120.260691521,44.6454424400001],[-120.260653711,44.6454594470001],[-120.260641087,44.645486702],[-120.260622363,44.6455159180001],[-120.260595496,44.6455416690001],[-120.260590591,44.645577356],[-120.260540993,44.645597874],[-120.260498572,44.6455862290001],[-120.260476513,44.6455630290001],[-120.260460588,44.645530965],[-120.26043725,44.6455055160001],[-120.260405853,44.6454828130001],[-120.260409046,44.6454543090001],[-120.260424438,44.6454233170001],[-120.260420721,44.64539167],[-120.260419052,44.64536044],[-120.260452355,44.645339972],[-120.260475943,44.645312317],[-120.260502244,44.64528962],[-120.260525978,44.6452600690001],[-120.260541847,44.6452335050001],[-120.260558353,44.645203682],[-120.260554992,44.6451712370001],[-120.260537487,44.645142284],[-120.260534841,44.6451136210001],[-120.260537095,44.645086178],[-120.260544446,44.645057815],[-120.26054424,44.6450260020001],[-120.260532907,44.644995404],[-120.260561936,44.6449761590001],[-120.260542092,44.6449326050001],[-120.260520031,44.6448567400001],[-120.260588054,44.6447861070001],[-120.260634015,44.644714166],[-120.260705716,44.644667079],[-120.260703876,44.644599063],[-120.260635856,44.644575516],[-120.260571506,44.6445781310001],[-120.260512678,44.644619988],[-120.260452008,44.6446330690001],[-120.260429946,44.6445519740001],[-120.26044833,44.644459102],[-120.260453848,44.64438062],[-120.260479585,44.6443243750001],[-120.26058541,44.6441022220001],[-120.260771652,44.6438850550001],[-120.260957894,44.6436163540001],[-120.261102751,44.643347653],[-120.261190698,44.6430789500001],[-120.26122174,44.6428470550001],[-120.261170005,44.642570988],[-120.261107927,44.642291239],[-120.26123726,44.642026211],[-120.261366595,44.6418458480001],[-120.261692521,44.6416397130001],[-120.261847722,44.6414041290001],[-120.26211674,44.6412568900001],[-120.262292638,44.6410213070001],[-120.262390931,44.640855662],[-120.262323676,44.64070106],[-120.261872085,44.6408307140001],[-120.261349191,44.640847625],[-120.261016442,44.6409716420001],[-120.260612385,44.640898361],[-120.260105339,44.640763066],[-120.259732973,44.640503757],[-120.259368535,44.6401260640001],[-120.259115006,44.639799102],[-120.258753978,44.639532052],[-120.258956113,44.639274158],[-120.259137337,44.6389269910001],[-120.259350276,44.638466592],[-120.259350274,44.6383920150001],[-120.259298048,44.638354727],[-120.25929805,44.6379072660001],[-120.259402499,44.6377327690001],[-120.259454725,44.6376954790001],[-120.259503079,44.637631963],[-120.25958705,44.6375880430001],[-120.259806562,44.6374329290001],[-120.259967911,44.637366967],[-120.260030522,44.637262521],[-120.26008142,44.6372242840001],[-120.260166278,44.637210296],[-120.260197582,44.6371580740001],[-120.26034254,44.6370870750001],[-120.260394766,44.6369498670001],[-120.260488972,44.6369281830001],[-120.260603662,44.636839534],[-120.26064224,44.6367925000001],[-120.260777994,44.6367402750001],[-120.26091701,44.636590461],[-120.261011855,44.6365836030001],[-120.261043158,44.636531382],[-120.26111664,44.6364884220001],[-120.261177335,44.636427729],[-120.261282583,44.636253416],[-120.261337472,44.6362180290001],[-120.261545253,44.6362164820001],[-120.261613165,44.6361658050001],[-120.261822061,44.636165804],[-120.261897413,44.6361254440001],[-120.261993309,44.6361135810001],[-120.262118176,44.6360282410001],[-120.26219586,44.636009132],[-120.262300308,44.636009131],[-120.262379298,44.6359909550001],[-120.262419473,44.6359668590001],[-120.262436061,44.635956907],[-120.26284932,44.635953671],[-120.262885153,44.635904684],[-120.26382518,44.635904682],[-120.263892747,44.6358535210001],[-120.263996426,44.6358524570001],[-120.264082312,44.635810431],[-120.264286704,44.635800234],[-120.264472531,44.635748011],[-120.264520504,44.6357076830001],[-120.264712735,44.6356957850001],[-120.26472136307125,44.635674969731085],[-120.285705620824,44.6351344483922],[-120.285673619135,44.6315720481491],[-120.295888520897,44.6318734471705],[-120.295365122928,44.6429063479839],[-120.290283222065,44.6428278494759],[-120.290030222747,44.6465993487612],[-120.28834035086143,44.64658504827246],[-120.288357409,44.64654081]]],[[[-120.256594138,44.63232865],[-120.25655071,44.632349924],[-120.256475402,44.6324027250001],[-120.256436904,44.6324192770001],[-120.256345777,44.6325113450001],[-120.256271172,44.6325645850001],[-120.256243785,44.632596376],[-120.256134082,44.6326644750001],[-120.256107156,44.6326946080001],[-120.256034831,44.632748974],[-120.256021707,44.6327828180001],[-120.255996697,44.6328130530001],[-120.255994458,44.632850202],[-120.255967834,44.632868869],[-120.255917534,44.6328703200001],[-120.255914586,44.6329062030001],[-120.255861333,44.6329435390001],[-120.255779368,44.6330207990001],[-120.255731955,44.6330373420001],[-120.255727743,44.633073342],[-120.255621441,44.6331324060001],[-120.255556447,44.6332150850001],[-120.255493906,44.6332632250001],[-120.255487407,44.6332965300001],[-120.255424718,44.6333381410001],[-120.255407392,44.6333635710001],[-120.255404982,44.6335519680001],[-120.255470548,44.6336398990001],[-120.255482651,44.633668755],[-120.255478315,44.6340078700001],[-120.255529498,44.634132289],[-120.25552709,44.6343206860001],[-120.255505918,44.6343520890001],[-120.25547355,44.634380096],[-120.255457945,44.634415119],[-120.255426774,44.634444919],[-120.255374856,44.6345496270001],[-120.255365374,44.6345857270001],[-120.25535333,44.6355277120001],[-120.255350067,44.6355649060001],[-120.255326037,44.6355984520001],[-120.255032907,44.6358226350001],[-120.255006478,44.6358255740001],[-120.254950157,44.635861977],[-120.254838116,44.6359155700001],[-120.254785345,44.6359152270001],[-120.254759617,44.6359367360001],[-120.254711936,44.63595243],[-120.254659433,44.6359529330001],[-120.254566142,44.6359818390001],[-120.254490899,44.6360075110001],[-120.254411018,44.6360635130001],[-120.254361647,44.636069191],[-120.25434258,44.6361012300001],[-120.254165328,44.6362254970001],[-120.25414626,44.6362575370001],[-120.254108602,44.636283936],[-120.254086009,44.6363124150001],[-120.254040965,44.636331354],[-120.253923948,44.636406466],[-120.25369531,44.6364862300001],[-120.253644435,44.6364918570001],[-120.253486118,44.6364908260001],[-120.253443557,44.6364733190001],[-120.25334544,44.636452219],[-120.253257519,44.6364140270001],[-120.253204769,44.6364136170001],[-120.253157766,44.636396523],[-120.252894612,44.6363927470001],[-120.25284654,44.63640723],[-120.252805745,44.636429848],[-120.252700998,44.6364305770001],[-120.252659966,44.636453563],[-120.252611333,44.6364662570001],[-120.252579477,44.636490581],[-120.252541827,44.636507411],[-120.252514842,44.6365786750001],[-120.252441432,44.6366158770001],[-120.252434823,44.6367631970001],[-120.252469355,44.6368301910001],[-120.25248579,44.6369041360001],[-120.252538294,44.6369565110001],[-120.252554522,44.6369923620001],[-120.252579939,44.637024249],[-120.252690863,44.6371049110001],[-120.252715307,44.6371381220001],[-120.252761839,44.6371455300001],[-120.252786313,44.6371694050001],[-120.252922187,44.637221944],[-120.252972959,44.637228108],[-120.253059849,44.6372693060001],[-120.253203541,44.63729915],[-120.253256313,44.6372994920001],[-120.253335227,44.6373188520001],[-120.253418435,44.637357078],[-120.253508359,44.6374169950001],[-120.253510663,44.637453871],[-120.253533879,44.6374847230001],[-120.253531463,44.63767312],[-120.253495349,44.637772092],[-120.253468725,44.6377907570001],[-120.25315301,44.637785992],[-120.253105777,44.637769545],[-120.252947461,44.637768506],[-120.252921317,44.637749494],[-120.252710891,44.6377469970001],[-120.252668625,44.637728999],[-120.252564037,44.6377243220001],[-120.252514125,44.63771208],[-120.25219819,44.6377070830001],[-120.252149429,44.6376999930001],[-120.252106985,44.637678425],[-120.252057518,44.6376684740001],[-120.252004744,44.6376681300001],[-120.251958746,44.6376564010001],[-120.251868768,44.637629556],[-120.251842627,44.637610544],[-120.250840018,44.637604217],[-120.250792601,44.637620757],[-120.250687609,44.6376218130001],[-120.250639638,44.637636607],[-120.25059874,44.6376589120001],[-120.250545967,44.6376585690001],[-120.250501828,44.637673502],[-120.250461792,44.637695696],[-120.250409861,44.6376980040001],[-120.250362827,44.6377149350001],[-120.250287509,44.637767728],[-120.250204582,44.6378070530001],[-120.250159416,44.6378201790001],[-120.250135862,44.6378442870001],[-120.25012474,44.637874229],[-120.250098112,44.6378928980001],[-120.250097622,44.637930575],[-120.250086115,44.6379649140001],[-120.250043595,44.638027659],[-120.250042629,44.638103018],[-120.250008372,44.6382061030001],[-120.249988108,44.638237782],[-120.249987626,44.638275461],[-120.249962661,44.6382953400001],[-120.249960509,44.638331808],[-120.249933739,44.63836151],[-120.249933252,44.6383991910001],[-120.249906486,44.6384288890001],[-120.249905996,44.6384665690001],[-120.249879367,44.6384852360001],[-120.249858292,44.6385166680001],[-120.249838733,44.638586386],[-120.249817549,44.6386146890001],[-120.249790919,44.6386333620001],[-120.249747811,44.6386501160001],[-120.249710154,44.638676515],[-120.249664658,44.63868905],[-120.249611986,44.6386890150001],[-120.249564563,44.6387055540001],[-120.249463127,44.6387232530001],[-120.249359753,44.6387301080001],[-120.249311256,44.6387432510001],[-120.249259558,44.638746301],[-120.249164717,44.6387793810001],[-120.249112132,44.6387796240001],[-120.248970483,44.6388163760001],[-120.248927384,44.638833145],[-120.248875623,44.638834596],[-120.248833533,44.6388531590001],[-120.24878076,44.6388528100001],[-120.248682825,44.638873876],[-120.248639111,44.638889562],[-120.248480791,44.6388885200001],[-120.248344815,44.638849942],[-120.248292036,44.6388495950001],[-120.248224299,44.6388114640001],[-120.248187026,44.638751977],[-120.248187511,44.638714298],[-120.248214143,44.6386956320001],[-120.248214628,44.6386579530001],[-120.248241258,44.6386392860001],[-120.248245518,44.6386043520001],[-120.248321921,44.638523537],[-120.248349241,44.6384514100001],[-120.248351673,44.6382630140001],[-120.248330551,44.6382315610001],[-120.248327617,44.6380822460001],[-120.248307535,44.638047891],[-120.248302146,44.6380111610001],[-120.248274477,44.6379815930001],[-120.248237506,44.637954704],[-120.248194224,44.6379339480001],[-120.248130832,44.6378771220001],[-120.248045695,44.637834223],[-120.247948801,44.6378110650001],[-120.247368298,44.6378072420001],[-120.247319212,44.637813421],[-120.247276314,44.637834523],[-120.247180207,44.6378548430001],[-120.247082216,44.63786752],[-120.246946341,44.6379121050001],[-120.246865302,44.637959128],[-120.246819321,44.6379771160001],[-120.246743999,44.638029911],[-120.246701031,44.6380854600001],[-120.246664928,44.638097235],[-120.246604159,44.6381332490001],[-120.246577386,44.6381653600001],[-120.246539727,44.6381917570001],[-120.246516321,44.638216131],[-120.246493532,44.6382801410001],[-120.246455385,44.638344213],[-120.246449664,44.6384181350001],[-120.246367793,44.6386269910001],[-120.246341021,44.638656692],[-120.246339556,44.63876973],[-120.246312779,44.638799432],[-120.246312295,44.638837111],[-120.246299676,44.6388726600001],[-120.246232572,44.638929766],[-120.246231445,44.6389672510001],[-120.246151122,44.639056356],[-120.246150633,44.6390940370001],[-120.246104618,44.639136636],[-120.246070739,44.639150031],[-120.246025214,44.639154954],[-120.245983124,44.6391735170001],[-120.24540261,44.639169683],[-120.245376467,44.6391506690001],[-120.245273357,44.6391458750001],[-120.245229319,44.6391308550001],[-120.245176545,44.6391305060001],[-120.245093342,44.6390922740001],[-120.245067198,44.63907326],[-120.245014947,44.639072034],[-120.244990186,44.6390416290001],[-120.244946686,44.6390347820001],[-120.244735589,44.6390333840001],[-120.244693499,44.639051947],[-120.244642522,44.639054775],[-120.244598637,44.639070163],[-120.244556551,44.6390887260001],[-120.244531012,44.639110843],[-120.244487653,44.6391292110001],[-120.244459633,44.6391544910001],[-120.244416787,44.639175648],[-120.244303798,44.6392548370001],[-120.244280497,44.6392826060001],[-120.244240438,44.639304501],[-120.244177993,44.639354644],[-120.244138514,44.639370678],[-120.244114669,44.6394012690001],[-120.244073268,44.6394205180001],[-120.244051785,44.6394501290001],[-120.244008791,44.6394711350001],[-120.243981484,44.6394967370001],[-120.24394313,44.6395180160001],[-120.243919844,44.6395426030001],[-120.243874408,44.63955524],[-120.243399438,44.6395520950001],[-120.243263465,44.6395135110001],[-120.243210684,44.6395131620001],[-120.243111616,44.639493664],[-120.243064528,44.639476802],[-120.242961876,44.6394676990001],[-120.242913466,44.639454668],[-120.242887324,44.6394356540001],[-120.242808406,44.6394162890001],[-120.242786153,44.6393907450001],[-120.242657469,44.6393399230001],[-120.24260666,44.6393362600001],[-120.242569694,44.6393093730001],[-120.242497388,44.6392738710001],[-120.242449148,44.6392597290001],[-120.242412181,44.639232839],[-120.242368043,44.639212904],[-120.242227099,44.6391614130001],[-120.242178706,44.6391483360001],[-120.242127342,44.639143899],[-120.242079635,44.639128837],[-120.241869209,44.639129546],[-120.241821748,44.6391459660001],[-120.241610692,44.6391446820001],[-120.241521773,44.6391816570001],[-120.241423172,44.6392015420001],[-120.241380118,44.6392183990001],[-120.241332733,44.6392275870001],[-120.241257404,44.6392803780001],[-120.24121323,44.6392937200001],[-120.241211268,44.639330322],[-120.241111212,44.6393861830001],[-120.241064635,44.6393968040001],[-120.241042493,44.639423407],[-120.240936938,44.6394227070001],[-120.240910306,44.6394413730001],[-120.240807829,44.6394461020001],[-120.24076267,44.639459232],[-120.240709895,44.6394588800001],[-120.240667804,44.639477442],[-120.240615031,44.6394770910001],[-120.24056427,44.6394861520001],[-120.240419781,44.6395318400001],[-120.240227951,44.6396471350001],[-120.240205423,44.6396781240001],[-120.240135723,44.6397152870001],[-120.24010675,44.639745245],[-120.240063423,44.6397560410001],[-120.24004574,44.639781213],[-120.239912401,44.639887711],[-120.239910926,44.6400007460001],[-120.23995265,44.640094446],[-120.239992564,44.6401163940001],[-120.24010347,44.6401970700001],[-120.240235488,44.640359205],[-120.240301337,44.640417067],[-120.240300843,44.640454747],[-120.240300326,44.640737367],[-120.240302627,44.6407512110001],[-120.240330303,44.6407616810001],[-120.240333506,44.6407833320001],[-120.240390075,44.6408223670001],[-120.240400336,44.6408390760001],[-120.240417067,44.640851243],[-120.240421301,44.6408740480001],[-120.240433389,44.6408945910001],[-120.240449535,44.6409071740001],[-120.240449807,44.640930876],[-120.240475838,44.6409435240001],[-120.240483176,44.6409622780001],[-120.240499906,44.6409744480001],[-120.2405062,44.64099666],[-120.240524838,44.6410164050001],[-120.240532843,44.6410391750001],[-120.240532525,44.6410632910001],[-120.24054757,44.6410766440001],[-120.240548943,44.6410995750001],[-120.240595078,44.641134338],[-120.24059886,44.641157273],[-120.240630098,44.6411963260001],[-120.240631824,44.6412198530001],[-120.240648459,44.6412390850001],[-120.240664758,44.64128458],[-120.240694129,44.6413187890001],[-120.240697814,44.6413400980001],[-120.240718347,44.641382234],[-120.240742009,44.6413994440001],[-120.240765356,44.64144077],[-120.240809935,44.6414945880001],[-120.240820684,44.6415150350001],[-120.240849059,44.641527205],[-120.240889277,44.6415917640001],[-120.240921858,44.641633621],[-120.240930146,44.641656347],[-120.240927632,44.6418492650001],[-120.240910492,44.6418682730001],[-120.240910179,44.641892387],[-120.240893041,44.6419113950001],[-120.240841314,44.6419468030001],[-120.240604875,44.64194523],[-120.240588144,44.6419330640001],[-120.240554366,44.641932835],[-120.240537635,44.641920666],[-120.24050446,44.641920021],[-120.2404704,44.6418961030001],[-120.240437221,44.641895457],[-120.240403158,44.6418715390001],[-120.240369981,44.641870893],[-120.240335916,44.6418469750001],[-120.240268965,44.6418461050001],[-120.240251634,44.6418343550001],[-120.24018468,44.6418334850001],[-120.24016735,44.6418217360001],[-120.240138808,44.641812719],[-120.240039395,44.6418088230001],[-120.239919237,44.6417732830001],[-120.239887312,44.641767676],[-120.239864815,44.6417534190001],[-120.239808335,44.641742745],[-120.239754426,44.6417139480001],[-120.239722173,44.641710247],[-120.239692719,44.641700169],[-120.239638538,44.641673516],[-120.239575384,44.6416585060001],[-120.239500239,44.6416262700001],[-120.239440494,44.641611905],[-120.239407892,44.6416097100001],[-120.23938423,44.641592496],[-120.239321737,44.6415835540001],[-120.239293069,44.641574747],[-120.23911671534357,44.6415735722418],[-120.2384996411231,44.64123727211294],[-120.23838665,44.641130934],[-120.238356018,44.6410898990001],[-120.238336671,44.6410781490001],[-120.238329145,44.6410562930001],[-120.238305486,44.6410390820001],[-120.238297462,44.6410165790001],[-120.238240809,44.640933761],[-120.238219736,44.640915244],[-120.238204916,44.640893573],[-120.238204597,44.6408455000001],[-120.23818796,44.6408262640001],[-120.23818479,44.6408027150001],[-120.238171665,44.6407807690001],[-120.238170185,44.6407329800001],[-120.238139056,44.6406913870001],[-120.238127117,44.6406692520001],[-120.238122762,44.6406458920001],[-120.238128443,44.6402118250001],[-120.238124167,44.640189031],[-120.238095825,44.640122981],[-120.238096143,44.640098865],[-120.238070134,44.640086126],[-120.238056849,44.6400670290001],[-120.237962155,44.639998281],[-120.23793025,44.639992616],[-120.237879009,44.6399620080001],[-120.237849109,44.639950856],[-120.237815868,44.639949072],[-120.237719777,44.6399266540001],[-120.237693574,44.6399123190001],[-120.23759239,44.639911404],[-120.237568586,44.639894428],[-120.237539141,44.6398869320001],[-120.237506093,44.6398854880001],[-120.237411452,44.6398166440001],[-120.237396454,44.63980157],[-120.237390941,44.6397815380001],[-120.237357668,44.6397430700001],[-120.237348037,44.6397218220001],[-120.237330635,44.639701454],[-120.237322586,44.6396789630001],[-120.237287255,44.6396410890001],[-120.237274825,44.6396206430001],[-120.237254234,44.6396020500001],[-120.237224943,44.6395607960001],[-120.237197754,44.6395516360001],[-120.237183765,44.639534865],[-120.237152306,44.639530748],[-120.237128645,44.6395135390001],[-120.237102713,44.6395034110001],[-120.237086154,44.6394826270001],[-120.237015176,44.6394309890001],[-120.237002467,44.63941133],[-120.236891256,44.639358583],[-120.23687313,44.639342436],[-120.236843003,44.6393396550001],[-120.236826147,44.6393202790001],[-120.236737473,44.6392889370001],[-120.23672265,44.639267268],[-120.236693127,44.6392559000001],[-120.236668482,44.6392396470001],[-120.236640453,44.6392297740001],[-120.236624341,44.639209561],[-120.236594092,44.639205346],[-120.23655299,44.6391744110001],[-120.236526056,44.6391603810001],[-120.236494489,44.6391564480001],[-120.236477758,44.6391442780001],[-120.236453589,44.63913732],[-120.236434405,44.639119872],[-120.236400632,44.6391196450001],[-120.23637267,44.63910966],[-120.236340233,44.6391071840001],[-120.236318988,44.6390981760001],[-120.236289728,44.6390947880001],[-120.236263105,44.6390825500001],[-120.23619718,44.6390793730001],[-120.236168934,44.639069862],[-120.236101383,44.63906941],[-120.236049474,44.639044002],[-120.235999286,44.639007491],[-120.235998663,44.638983646],[-120.235966329,44.6389449120001],[-120.235966649,44.638920795],[-120.235950354,44.6388752990001],[-120.235938516,44.638854683],[-120.235934033,44.638831951],[-120.235917395,44.6388127170001],[-120.235914869,44.6387667020001],[-120.235887089,44.63875641],[-120.235884663,44.6387330840001],[-120.235868025,44.63871385],[-120.235868346,44.6386897360001],[-120.235848913,44.638678004],[-120.235835005,44.638656182],[-120.235833872,44.6386324860001],[-120.235818687,44.638612836],[-120.235819,44.6385887210001],[-120.235802363,44.6385694890001],[-120.235797697,44.6385488650001],[-120.235785957,44.6385332030001],[-120.235786271,44.6385090850001],[-120.23575337,44.638442211],[-120.235754002,44.638393981],[-120.235737365,44.638374748],[-120.235737685,44.6383506330001],[-120.235731076,44.6383313650001],[-120.235713748,44.6383151680001],[-120.235655823,44.638153808],[-120.235657087,44.6380573500001],[-120.235644665,44.638035293],[-120.235641113,44.6379877420001],[-120.23560941,44.6379468760001],[-120.235608186,44.6379230090001],[-120.235575273,44.6378573900001],[-120.235572946,44.6378340360001],[-120.235545598,44.6377921370001],[-120.235525705,44.6377734280001],[-120.235523365,44.637751173],[-120.235492563,44.6377249720001],[-120.235492565,44.6377099110001],[-120.235446435,44.6377151070001],[-120.235401,44.6377277460001],[-120.235242896,44.6377270680001],[-120.235205231,44.637753456],[-120.235158503,44.6377638020001],[-120.235106264,44.6377651400001],[-120.235058841,44.637781676],[-120.234953393,44.637781272],[-120.234925815,44.6377992500001],[-120.234768437,44.637798876],[-120.234785062,44.637830669],[-120.234756635,44.637849536],[-120.234549744,44.637858113],[-120.234505288,44.637872476],[-120.234399739,44.637871768],[-120.234357649,44.6378903310001],[-120.234308849,44.6379025150001],[-120.234205631,44.637909634],[-120.234155408,44.6379212140001],[-120.234103805,44.637926308],[-120.23384019,44.637923807],[-120.233763535,44.63788915],[-120.233685261,44.6378210660001],[-120.233659618,44.637764373],[-120.233633624,44.6377343180001],[-120.233633523,44.6376970600001],[-120.233581349,44.637696287],[-120.233581245,44.6376590240001],[-120.233528973,44.6376209910001],[-120.233476795,44.637620219],[-120.233450659,44.6376011990001],[-120.233408962,44.6375448220001],[-120.233367367,44.637525699],[-120.233342763,44.6375041110001],[-120.233213659,44.6374471180001],[-120.233190502,44.6374132600001],[-120.23313931,44.637411119],[-120.233064538,44.637358749],[-120.233019307,44.6373398810001],[-120.232971506,44.6373291030001],[-120.232934543,44.637302214],[-120.232885041,44.6372963680001],[-120.232817308,44.6372582270001],[-120.232765039,44.6372564260001],[-120.232718057,44.6372392590001],[-120.232296064,44.6372358850001],[-120.232248472,44.637251877],[-120.232196501,44.6372540560001],[-120.232101637,44.6372722610001],[-120.231679459,44.6372694200001],[-120.231636848,44.6372520030001],[-120.23155603,44.6371956470001],[-120.231513569,44.6371813280001],[-120.231491723,44.637155109],[-120.2314056,44.6371217920001],[-120.231356258,44.637078832],[-120.231346872,44.637048081],[-120.231320735,44.6370290610001],[-120.231321232,44.636991381],[-120.231295737,44.63692365],[-120.231291512,44.6368146180001],[-120.231248839,44.636760462],[-120.23124824860687,44.636753795166385],[-120.234477311587,44.6368042535194],[-120.234492310863,44.6330157532554],[-120.25671116833433,44.63227585198862],[-120.256594138,44.63232865]]]]}},{"type":"Feature","properties":{"hazard":"fire-perimeter","severity":"INFO","tone":"info","fire_name":"Modrite","acres":57593.94813648781,"contained_pct":100.0,"irwin_id":"{22D5BB97-9B75-4FB1-A8F6-CAACEBB7C124}","unit_code":"LARO","unit_name":"Lake Roosevelt National Recreation Area","acres_affected":146.8},"geometry":{"type":"MultiPolygon","coordinates":[[[[-118.166222680662,48.2922493013947],[-118.16599648815597,48.292109382463885],[-118.1663302692766,48.29227202660145],[-118.166222680662,48.2922493013947]]],[[[-118.164187580488,48.291453695979],[-118.163825160264,48.2913101584031],[-118.163744568724,48.2912782386603],[-118.163299822722,48.2908778700692],[-118.163126403626,48.2907647351592],[-118.1628000453178,48.290551826758715],[-118.16481880986325,48.29153552595008],[-118.164187580488,48.291453695979]]],[[[-118.162743009618,48.2905146180243],[-118.162511925376,48.2902830303193],[-118.16242216697,48.2900410130759],[-118.162543683441,48.289751874406],[-118.16257276563,48.2897325581545],[-118.162726431988,48.2896304969457],[-118.162832561432,48.2895600078778],[-118.163062929767,48.2893147543519],[-118.163505072357,48.2891933140931],[-118.16385518152568,48.289021769781314],[-118.16274302656905,48.29051462908275],[-118.162743009618,48.2905146180243]]],[[[-118.162907000325,48.2891273901578],[-118.162410522368,48.2893531256279],[-118.162299839406,48.2894034487025],[-118.162091529342,48.2894325457615],[-118.161855469376,48.2893899490851],[-118.161656939994,48.2892929857428],[-118.16149121675109,48.28916492044148],[-118.16395822863454,48.28881826477091],[-118.162907000325,48.2891273901578]]],[[[-118.161314461569,48.2889589201654],[-118.16115821351,48.2887744151501],[-118.160245618063,48.2876967437073],[-118.159891815569,48.2871424898084],[-118.159807208917,48.2870251359229],[-118.159561281292,48.2866840155567],[-118.158932326913,48.2858115857562],[-118.15878819872611,48.2855579920683],[-118.16141271290277,48.28907493947006],[-118.161314461569,48.2889589201654]]],[[[-118.158754862501,48.2854738708022],[-118.158709002207,48.2851390481857],[-118.158784048318,48.2847694062919],[-118.158870677165,48.2846695641489],[-118.158957307005,48.2845697210286],[-118.15934924483268,48.284393903193994],[-118.15875915718975,48.285505218722726],[-118.158754862501,48.2854738708022]]],[[[-118.159161759597,48.2843337314522],[-118.158585683804,48.2844924933907],[-118.158382879526,48.2845035353194],[-118.158094651463,48.2844254650632],[-118.157958533595,48.2843226583945],[-118.15769342761243,48.28412242526778],[-118.15926840104132,48.284337153652814],[-118.159161759597,48.2843337314522]]],[[[-118.15570109152,48.2815533723876],[-118.155433438455,48.2812672419823],[-118.155161683717,48.2809100852221],[-118.155104736453,48.2807756994028],[-118.154990714594,48.2806508847008],[-118.15494377349124,48.28055459397756],[-118.1557501660585,48.281605833896755],[-118.15570109152,48.2815533723876]]],[[[-118.153061015837,48.2762569331412],[-118.15300772893,48.2762740596715],[-118.152951289603,48.2762874786498],[-118.152892487454,48.2762975393339],[-118.152832589866,48.2763045007219],[-118.152792007469,48.2763116921932],[-118.152750792545,48.2763690678297],[-118.152588217518,48.2764441559143],[-118.152511776747,48.276479461431],[-118.152216377985,48.2765188253326],[-118.152110365003,48.2765016471484],[-118.151920078914,48.2764402896564],[-118.151797953644,48.2763700132998],[-118.151541682428,48.2760846062878],[-118.151108668323,48.2757107016877],[-118.15102239527585,48.27558293101729],[-118.15307435137528,48.27625214379614],[-118.153061015837,48.2762569331412]]],[[[-118.151017888344,48.2755357108864],[-118.151017641537,48.2754957452646],[-118.151173279018,48.2754131668981],[-118.15122177426056,48.27541176158814],[-118.15101813302195,48.275575652720356],[-118.151017888344,48.2755357108864]]],[[[-118.152339425499,48.2742253017995],[-118.1523327462,48.2742320210902],[-118.152224962502,48.2744848343857],[-118.15208254362024,48.27471901160348],[-118.15185093802305,48.274905408542566],[-118.151804459653,48.2749287260913],[-118.151764853242,48.2749485958406],[-118.151568883309,48.2749686865992],[-118.151000954143,48.2748573377813],[-118.150828244589,48.274724371171],[-118.15071546607585,48.274590936607986],[-118.152879267495,48.2740778056337],[-118.15238183012076,48.27447814485292],[-118.152339425499,48.2742253017995]]],[[[-118.150616687564,48.2743576066466],[-118.15063414727524,48.274160203373214],[-118.15070527422692,48.27456722655111],[-118.150616687564,48.2743576066466]]],[[[-118.14968044435,48.271410009852],[-118.14932817657,48.271026653893],[-118.149105162394,48.2706599982331],[-118.148950839081,48.2702386721664],[-118.148951087044,48.2699867483199],[-118.149000782137,48.2697613203626],[-118.148942994597,48.269437997075],[-118.148955903734,48.2692624227089],[-118.148961298788,48.2691890507063],[-118.14896881412,48.2690868474237],[-118.149125098502,48.2685814400966],[-118.149219046161,48.2684313520973],[-118.149312120367,48.2682826609795],[-118.149526623679,48.2680825770694],[-118.149537340327,48.2680217412816],[-118.149547620674,48.2679633840209],[-118.14954944694391,48.26795301797362],[-118.15023601136562,48.2718818751254],[-118.14968044435,48.271410009852]]],[[[-118.149281727959,48.2677161385514],[-118.149142523731,48.2675555816827],[-118.149010634395,48.2672330006685],[-118.148778816495,48.2669884301898],[-118.148765641127,48.2669745301466],[-118.148707717416,48.2667951667066],[-118.148740024458,48.2666958727555],[-118.14876600512241,48.26666066133256],[-118.14953579189012,48.26792501838203],[-118.149281727959,48.2677161385514]]],[[[-118.148403772886,48.2661234110067],[-118.148305326639,48.266052415737],[-118.148265094126,48.2659707714327],[-118.148250194791,48.2659393282536],[-118.148249288556,48.2659386958195],[-118.148142090499,48.2657211506422],[-118.148091605571,48.2656856659536],[-118.147704925264,48.2655588380792],[-118.147665674695,48.2655459638211],[-118.147178865567,48.2652449201947],[-118.146966492539,48.2650131121512],[-118.146631584882,48.2648005196818],[-118.146434288185,48.2645460678631],[-118.146236993443,48.2642916147797],[-118.146138526179,48.2638427359082],[-118.145812556238,48.2630101845889],[-118.145745520087,48.2628389653679],[-118.145761914634,48.262699892277],[-118.145777378309,48.2625687296018],[-118.145695227594,48.2624348427642],[-118.145664204039,48.2621411648529],[-118.145655013048,48.261971137077],[-118.145685122449,48.2618219685664],[-118.14570175175,48.2617395857805],[-118.14571871288788,48.2616555539702],[-118.14844997178538,48.26614158384994],[-118.148403772886,48.2661234110067]]],[[[-118.146194822362,48.2603703273168],[-118.14619042859,48.2602883096569],[-118.146272597439,48.2600085760057],[-118.146363641277,48.2598997009414],[-118.146461783753,48.25984473781],[-118.146609209061,48.2598383400798],[-118.146731006565,48.2598330542727],[-118.146881879962,48.2598765361574],[-118.14718472346,48.260125434956],[-118.14725008347,48.26022375231],[-118.147254989763,48.2603022254074],[-118.147265824371,48.2604755170122],[-118.147429824598,48.260653824606],[-118.147528150873,48.2608327874281],[-118.14759288179005,48.26114105241106],[-118.146457696851,48.259849938416],[-118.14619836324131,48.260436397195974],[-118.146194822362,48.2603703273168]]],[[[-118.14769647109212,48.2612546642181],[-118.147696997423,48.2612594693722],[-118.14769323654471,48.26125519189949],[-118.14769647109212,48.2612546642181]]],[[[-118.14743141559,48.2597090987043],[-118.147202645752,48.2592705176635],[-118.147207168904,48.2592300580877],[-118.147225800566,48.259063350632],[-118.147256182601,48.2590348968237],[-118.14743943358,48.2588632780296],[-118.14778368955,48.2587428757865],[-118.148779930434,48.2587059282246],[-118.149402957469,48.2586996980939],[-118.149575314395,48.2587249659152],[-118.149666207367,48.2587600450494],[-118.149667015561,48.2587960258047],[-118.14958723091678,48.25887436484913],[-118.149571444154,48.2587322320067],[-118.147435689795,48.2588738532472],[-118.14754144875248,48.25983938294208],[-118.14743141559,48.2597090987043]]],[[[-118.15000495132021,48.262615964454326],[-118.15000393618,48.26262608421],[-118.15000271343716,48.26261507549856],[-118.15000495132021,48.262615964454326]]],[[[-118.150026304761,48.2614106274373],[-118.150092124633,48.2610410820842],[-118.1501813660039,48.260857317263785],[-118.15006141995615,48.26205303847876],[-118.150026304761,48.2614106274373]]],[[[-118.150513246582,48.2575909243815],[-118.150543793333,48.2575636259557],[-118.150677050956,48.2575352996533],[-118.15080143096914,48.25764759785955],[-118.15051315482172,48.25759770080497],[-118.150513246582,48.2575909243815]]],[[[-118.151174561463,48.2576898901223],[-118.151719569603,48.2577227943704],[-118.152030168806,48.2577916577013],[-118.15222913234004,48.25789471540243],[-118.15097678293863,48.25767794912819],[-118.151174561463,48.2576898901223]]],[[[-118.15386260774576,48.25817430646052],[-118.153874899813,48.2581795775048],[-118.15385597387919,48.258176301658494],[-118.15386260774576,48.25817430646052]]],[[[-118.152525717063,48.2576967170701],[-118.151884414672,48.2574512244151],[-118.151326332532,48.2573488511794],[-118.151186441383,48.2572692772122],[-118.151120977924,48.2570539986431],[-118.150865175876,48.2569126048818],[-118.150568660374,48.2568705893351],[-118.150330708512,48.2567740006954],[-118.149823450488,48.2567051742675],[-118.149774925623,48.2566985887953],[-118.149610186018,48.2566372562668],[-118.149519770553,48.2565481876857],[-118.149453604414,48.2564138916707],[-118.14943936943811,48.25627754780146],[-118.15313029113956,48.25786027683621],[-118.152525717063,48.2576967170701]]],[[[-118.15003868481,48.2542666927092],[-118.150054352986,48.2539516322936],[-118.150157649553,48.2537652528879],[-118.150310085757,48.2534902130343],[-118.150416798516,48.2534801474512],[-118.150654059356,48.2536217269132],[-118.150818752998,48.2536609204206],[-118.150908027209,48.2536821648188],[-118.151106903601,48.2536891699849],[-118.151310901549,48.2536241448833],[-118.151516311648,48.2536220869226],[-118.151622113773,48.2536840070815],[-118.151602505245,48.2538595971513],[-118.151598978799,48.2538911759272],[-118.151763846631,48.2540334799647],[-118.151870257436,48.2541223847718],[-118.152321963926,48.2542888040724],[-118.152633454991,48.2545106110926],[-118.152946696679,48.2546604219797],[-118.153059949649,48.2548662215582],[-118.153109723633,48.2549826868646],[-118.15310926394923,48.25500160773492],[-118.150305772018,48.2535003745909],[-118.15005048058576,48.25431258996205],[-118.15003868481,48.2542666927092]]],[[[-118.153157677151,48.2550181947876],[-118.15347218823,48.2547001353629],[-118.15363624892598,48.2546512647747],[-118.153154397913,48.2550257763803],[-118.15314055960778,48.25501836614943],[-118.153157677151,48.2550181947876]]],[[[-118.154555474261,48.2537085542283],[-118.153726711599,48.2541487471148],[-118.153520797637,48.2542407867],[-118.153365256652,48.2542513449855],[-118.15327498911839,48.25423568625381],[-118.15483030613498,48.253514451927344],[-118.154555474261,48.2537085542283]]],[[[-118.15034033522,48.2522602688191],[-118.150187147873,48.2522138339014],[-118.150104518591,48.2521336857302],[-118.1500834496738,48.25201866131812],[-118.15049652893615,48.25230761258469],[-118.15034033522,48.2522602688191]]],[[[-118.1509656498,48.2477343985605],[-118.151073015778,48.2472802301922],[-118.151106361525,48.2471391697303],[-118.151145150216,48.2468418712919],[-118.15119980359263,48.24669928880368],[-118.15096558023664,48.247807874593136],[-118.1509656498,48.2477343985605]]],[[[-118.151204005502,48.2466883266504],[-118.15122241302561,48.246667467225045],[-118.15120116868748,48.24669572747533],[-118.151204005502,48.2466883266504]]],[[[-118.151623420516,48.2459823357595],[-118.151681970135,48.2459277663543],[-118.1518377456365,48.245848921903374],[-118.15161550461171,48.246144557707325],[-118.151623420516,48.2459823357595]]],[[[-118.153677610392,48.243397506378],[-118.153868360815,48.2432696286056],[-118.154005586734,48.2432322605623],[-118.154170617518,48.2431586260922],[-118.154417822335,48.2429582009723],[-118.154621568428,48.242884177102],[-118.154852981628,48.2426929093306],[-118.155353083436,48.2425079347202],[-118.156272157512,48.2422737581637],[-118.156486576922,48.2422626027055],[-118.156750594492,48.242322926627],[-118.156751300614,48.2423230013953],[-118.157134562743,48.2423640460222],[-118.157300745334,48.2424163563026],[-118.157462661888,48.2425406871828],[-118.157553966947,48.2425577619565],[-118.15765612957141,48.24254868827955],[-118.157664321716,48.2425579140903],[-118.153673671187,48.2434066845772],[-118.15367065549937,48.24341069619133],[-118.153677610392,48.243397506378]]],[[[-118.156871220646,48.2419978087856],[-118.15682554473,48.2419881476456],[-118.156790016299,48.241980631841],[-118.156651203613,48.2419100523472],[-118.15662557965,48.2418563262609],[-118.156650279219,48.241757107041],[-118.156756942423,48.2415221043868],[-118.156872337218,48.2414129746435],[-118.15720917245,48.2411936483632],[-118.157695121528,48.2407928721868],[-118.157793708881,48.240647922683],[-118.157965489446,48.2405382239736],[-118.158710964916,48.2402607901148],[-118.158975493345,48.2401951410675],[-118.159244311584,48.24018698407],[-118.159419668039,48.2401816628797],[-118.159599746232,48.2402158338824],[-118.159681560081,48.2402599964416],[-118.159738853585,48.2404483612388],[-118.159828009409,48.2405194388782],[-118.159976516384,48.240571922713],[-118.160009425826,48.2405940841082],[-118.160042336623,48.2406162445806],[-118.16027756636622,48.24096434097062],[-118.158708117353,48.2402710028302],[-118.156753562299,48.241532237123],[-118.15715126028378,48.24198011573432],[-118.156871220646,48.2419978087856]]],[[[-118.16046850537221,48.241043811368364],[-118.160472892868,48.2410506306891],[-118.16045770370044,48.241043920544904],[-118.16046850537221,48.241043811368364]]],[[[-118.159735167498,48.2399052458775],[-118.159616683329,48.2398107847335],[-118.15961455320554,48.239716545428],[-118.1597367978015,48.23990654563521],[-118.159735167498,48.2399052458775]]],[[[-118.159614243513,48.2397028442457],[-118.159781022511,48.2395212144054],[-118.160059762539,48.2393024656897],[-118.160543008482,48.239081650296],[-118.160666516252,48.2390466835654],[-118.160908139457,48.2389782760663],[-118.161202118335,48.2388950457046],[-118.161348991649,48.2388755663281],[-118.16164474507,48.2389625485914],[-118.161866901824,48.2389962926724],[-118.16227617549,48.2389291722131],[-118.16254543643682,48.23890959088591],[-118.15961443705103,48.239711406608535],[-118.159614243513,48.2397028442457]]],[[[-118.16260515325044,48.23888536328709],[-118.162616752738,48.238890081318],[-118.16257673081971,48.238901029871414],[-118.16260515325044,48.23888536328709]]],[[[-118.162080240436,48.2387152190086],[-118.161684922609,48.2386922248753],[-118.161577426984,48.2386663199462],[-118.16143989138,48.2385777383609],[-118.16140669003,48.2385240889524],[-118.16144468833085,48.23841335024919],[-118.16226898820173,48.238748629911356],[-118.162080240436,48.2387152190086]]],[[[-118.161446964034,48.2384067181522],[-118.16150960777995,48.23835242527427],[-118.16144562901438,48.23841060880885],[-118.161446964034,48.2384067181522]]],[[[-118.164454054269,48.2354881498484],[-118.164610114123,48.2352436422053],[-118.164788356127,48.2348639488189],[-118.164930034472,48.2347275543253],[-118.16508599434,48.2346270012274],[-118.165379966301,48.2345250499092],[-118.165512818523,48.2343707491991],[-118.165684127441,48.2342790375978],[-118.166028790232,48.2341855676508],[-118.16628895161547,48.23400599697384],[-118.16442743918279,48.2356988926092],[-118.164454054269,48.2354881498484]]],[[[-118.167728738535,48.2326927459681],[-118.16773957587513,48.232686771039795],[-118.16771648320628,48.23270777196228],[-118.167728738535,48.2326927459681]]],[[[-118.168205107865,48.2322110466829],[-118.16870666786,48.2318010682394],[-118.168903207408,48.2317090952803],[-118.169232559526,48.2314988062914],[-118.169405514946,48.2314430631499],[-118.16944172727928,48.231440964248236],[-118.168702624141,48.2318109562038],[-118.16786848533151,48.232569538271306],[-118.168205107865,48.2322110466829]]],[[[-118.170295737075,48.2309415869671],[-118.170332830314,48.2309266197762],[-118.170746217131,48.2307598145812],[-118.17080619433382,48.230757917718364],[-118.16965269574632,48.23133535431148],[-118.170295737075,48.2309415869671]]],[[[-118.171380991226,48.230451230856],[-118.17141962484185,48.23045083695856],[-118.17128921956729,48.23051611729638],[-118.171380991226,48.230451230856]]],[[[-118.171580799931,48.230134287794],[-118.171579503899,48.2300515030857],[-118.171945979575,48.2297857579364],[-118.172097666379,48.2297331362628],[-118.172424222719,48.2295858466642],[-118.172565379205,48.2295754090992],[-118.172654329266,48.229637481979],[-118.172770222781,48.2296632908924],[-118.172818616586,48.2296448031342],[-118.172876154599,48.2294372771],[-118.172951078574,48.2293645336973],[-118.173222957353,48.2291818124129],[-118.173977011586,48.2289221859375],[-118.174535056236,48.2285565900465],[-118.175223875033,48.2283156167769],[-118.175405467773,48.2281967942704],[-118.175825006687,48.227994560183],[-118.175984552324,48.2278882351051],[-118.176616393118,48.2278265795655],[-118.1768442222517,48.22773530606727],[-118.17169313326096,48.23031391978204],[-118.171580799931,48.230134287794]]],[[[-118.177267844199,48.2274579422266],[-118.177258533031,48.2273423554184],[-118.177268982043,48.2273172303432],[-118.177268998636,48.2273171905862],[-118.177300909737,48.2272450997957],[-118.177494255084,48.2270296981072],[-118.177719943607,48.2269137761387],[-118.178134520575,48.2267008311041],[-118.178228479661,48.2266614130122],[-118.178242166517,48.2266497250327],[-118.178524892129,48.2265313976828],[-118.179195982081,48.2262505246388],[-118.179476813475,48.2262026558161],[-118.179641353665,48.226075005348],[-118.179804609487,48.2260013491876],[-118.180511023429,48.2257961516144],[-118.180674706047,48.2257044984365],[-118.181159392022,48.2255555587927],[-118.181264589764,48.2254824988396],[-118.181439232473,48.2253187519783],[-118.18173460405,48.2251717570815],[-118.181979933471,48.22497129276],[-118.182145497921,48.2248886133634],[-118.18262748864,48.2245867408944],[-118.18281663383,48.2244318397575],[-118.183145812848,48.2244374485639],[-118.183359112839,48.2243812681581],[-118.18360942360353,48.224348674420945],[-118.17731387202642,48.227500201344284],[-118.177267844199,48.2274579422266]]],[[[-118.18426999454,48.2239939960898],[-118.18446153881268,48.223922109092946],[-118.18419854428201,48.22405376306067],[-118.18426999454,48.2239939960898]]],[[[-118.184632460543,48.2238013163405],[-118.184697886622,48.2237556541815],[-118.185115661784,48.2235893940559],[-118.18511657879533,48.22358866632578],[-118.18511106917,48.2235969568988],[-118.18456129703488,48.22387217054201],[-118.184632460543,48.2238013163405]]],[[[-118.185943524519,48.2220872967292],[-118.186173101582,48.2216800481746],[-118.186189333361,48.2215449212934],[-118.186263604735,48.2214451828277],[-118.186395699274,48.2214078287602],[-118.186468485751,48.2213530943507],[-118.186543824801,48.2211903644021],[-118.186557992951,48.2208933063781],[-118.186698527202,48.220747898389],[-118.186789424659,48.2206030017626],[-118.186829181537,48.2205756001577],[-118.187143495472,48.2203165873867],[-118.187282517091,48.2202020253941],[-118.1874188537,48.2200664000648],[-118.18752928194,48.2199565470615],[-118.187531942367,48.2199545717165],[-118.187701354752,48.2198288061265],[-118.187764049089,48.2198148409374],[-118.187913156173,48.2197816297151],[-118.18811866202,48.2196805347374],[-118.188258120822,48.2195981162101],[-118.188294583627,48.2195488106149],[-118.188340505558,48.2194867078816],[-118.188412331587,48.2193895826092],[-118.188442201277,48.2193712788056],[-118.188457135452,48.2193621273576],[-118.188472069621,48.2193529759077],[-118.188775152662,48.2192868591537],[-118.188939846581,48.2192041788326],[-118.189144282778,48.2191660733713],[-118.189323769251,48.2192193991575],[-118.1894136480304,48.219240336423354],[-118.187523864733,48.2199663184043],[-118.18573984246103,48.22265081436202],[-118.185943524519,48.2220872967292]]],[[[-118.19097025515,48.2184416978778],[-118.191257521347,48.2183868290876],[-118.19175812155,48.2182496950203],[-118.192086454871,48.2181344959766],[-118.192455654957,48.2180576962041],[-118.19262472657738,48.21800676368106],[-118.19070206877785,48.218745374779964],[-118.19097025515,48.2184416978778]]],[[[-118.193259721339,48.2176848287845],[-118.193267922613,48.2176078952516],[-118.193235121998,48.2175640952342],[-118.193235121052,48.2175202615581],[-118.193235121473,48.2174764287673],[-118.193374521548,48.2173832288],[-118.19365352241,48.2171418290221],[-118.194163318449,48.2165681071909],[-118.194793921473,48.2158584288282],[-118.195343654853,48.2151510282452],[-118.195401055472,48.2150302278593],[-118.195524121522,48.2147724947715],[-118.195598799558,48.2146476431561],[-118.195753722266,48.2143886283825],[-118.195847659096,48.2142788101019],[-118.195885055574,48.2142350947933],[-118.196052770478,48.2141360889314],[-118.196163322095,48.2140708282413],[-118.196163921467,48.214070495411],[-118.196229654367,48.2139552949288],[-118.196385454666,48.2138018282402],[-118.196557722333,48.2136974947671],[-118.196959854681,48.2136152281606],[-118.197025454569,48.2135604277205],[-118.197041854476,48.213489094628],[-118.197074522189,48.2133520277853],[-118.197107454775,48.2133080949385],[-118.197296122256,48.2131710282642],[-118.19754225494,48.2130668281509],[-118.19771441849761,48.212968087113325],[-118.197714351912,48.2129682548512],[-118.19317834414983,48.21779366313563],[-118.193259721339,48.2176848287845]]],[[[-118.19773105494,48.2129022292361],[-118.197755455543,48.2127046953317],[-118.19786212159,48.2123154277499],[-118.197998332454,48.2120222521722],[-118.198050720484,48.2119094947172],[-118.198058854391,48.2118492276301],[-118.197993254707,48.2117120950365],[-118.198001455627,48.2115530276996],[-118.19802605503,48.211498295858],[-118.198058721635,48.2111252948445],[-118.198091521289,48.2110650279934],[-118.198181855647,48.211026628049],[-118.198337654401,48.2109278284437],[-118.198370453723,48.2108072280356],[-118.198304720369,48.2106590935688],[-118.198288320847,48.2104508283992],[-118.198370320344,48.2100886942664],[-118.198624453444,48.2095402937973],[-118.198960721554,48.208745093769],[-118.198985254088,48.2087176937104],[-118.199157453701,48.2082130940165],[-118.199198320796,48.2079060283702],[-118.199247587109,48.2076536942707],[-118.199280319807,48.2074178938205],[-118.199313054055,48.2073960267931],[-118.19949365333,48.2073904266474],[-118.199624920552,48.2074562938168],[-118.19973965452,48.2074726938054],[-118.199780720358,48.2074508269608],[-118.19977252068,48.2073684938948],[-118.199739721145,48.2073136274421],[-118.199747853552,48.207149227097],[-118.199944653705,48.2068420270726],[-118.200043119813,48.2066280940624],[-118.200182520381,48.2064252273524],[-118.200395720464,48.2062112935711],[-118.20040131896013,48.20619943274487],[-118.19771465914808,48.21296748088324],[-118.19773105494,48.2129022292361]]],[[[-118.205272517864,48.1938108929822],[-118.205206852494,48.1935970932832],[-118.204952450795,48.1931582932661],[-118.204960451402,48.1929334932526],[-118.205026118275,48.1928182933252],[-118.205321385166,48.1926152926891],[-118.205550917749,48.1925440253446],[-118.205887118641,48.1923738930975],[-118.20589280827443,48.19236565153304],[-118.20526452279483,48.19394838498943],[-118.205272517864,48.1938108929822]]],[[[-118.205477050584,48.1921930933376],[-118.205173518342,48.192286293123],[-118.205058717455,48.1922588931285],[-118.204993050717,48.1922040928014],[-118.204837251256,48.1919572934203],[-118.204755051649,48.1916886260241],[-118.204697518576,48.1915350933147],[-118.204629016641,48.1914399947651],[-118.204484251402,48.1912390256618],[-118.204287316552,48.191036092776],[-118.204164117333,48.1908276933271],[-118.203975516945,48.1906686927287],[-118.203737516908,48.1903946260297],[-118.203585682874,48.1901286591232],[-118.203433850454,48.1898626928904],[-118.203228717087,48.1895884258587],[-118.203220517247,48.189544625602],[-118.203081117075,48.1893580928699],[-118.202957916953,48.1891662260831],[-118.202769250484,48.1888482263723],[-118.202539450456,48.1882340255936],[-118.202326050307,48.1879708261579],[-118.20219484974,48.187674626246],[-118.20219483564524,48.18767457922554],[-118.205952663401,48.1922148686255],[-118.20595265533686,48.19221488894014],[-118.205477050584,48.1921930933376]]],[[[-118.202022249114,48.18709882585],[-118.201956648674,48.1866436930014],[-118.20193656520216,48.186483769187426],[-118.2021944968331,48.18767344893897],[-118.202022249114,48.18709882585]]],[[[-118.200856113648,48.1813460919027],[-118.201052847555,48.1810828256634],[-118.20158023047094,48.180799648950796],[-118.20084786691778,48.18146103324038],[-118.200856113648,48.1813460919027]]],[[[-118.20180701367023,48.180594785008815],[-118.201807037827,48.1805948233264],[-118.20180697972718,48.1805948757953],[-118.20180701367023,48.180594785008815]]],[[[-118.201364248007,48.1804138257987],[-118.201306713792,48.1803424915571],[-118.201241113634,48.1802876919196],[-118.20092964842,48.1802382918754],[-118.20079005167,48.1801560924113],[-118.20028964747,48.1794266924417],[-118.20024044633,48.1793992917572],[-118.200092846445,48.1791854256561],[-118.200060046684,48.1788618924038],[-118.200076246554,48.1786370264192],[-118.200125447586,48.1784724924499],[-118.200125447357,48.1782640920833],[-118.200092646764,48.1780392257596],[-118.199870913393,48.1775238263705],[-118.199879046066,48.1772604918989],[-118.199944646958,48.176871091654],[-118.200083912586,48.1765860248547],[-118.200215045788,48.176404892123],[-118.200452713338,48.1761582253773],[-118.200903646224,48.1756316247311],[-118.20096918516671,48.17553062689572],[-118.199871077729,48.1775239923382],[-118.20177223196374,48.18053961406691],[-118.201364248007,48.1804138257987]]],[[[-118.201182246406,48.1751434920776],[-118.201083845563,48.1749734921759],[-118.20109332428967,48.17478254916854],[-118.201182379394,48.1751436210431],[-118.20118219315663,48.17514395911489],[-118.201182246406,48.1751434920776]]],[[[-118.200690046207,48.173904091654],[-118.200476713495,48.1736628918735],[-118.200476646464,48.1735750922747],[-118.200509513671,48.1735366920203],[-118.20075679439393,48.17341809643769],[-118.20092540068994,48.174101706791305],[-118.200690046207,48.173904091654]]],[[[-118.2002056447,48.171847692129],[-118.200172712278,48.1716776249126],[-118.200156311337,48.1712498915888],[-118.20017489549959,48.171058800739125],[-118.2004164994466,48.17203837839172],[-118.2002056447,48.171847692129]]],[[[-118.200139845438,48.1709482924407],[-118.20012373752593,48.17085138191024],[-118.20015092882431,48.17096162840485],[-118.200139845438,48.1709482924407]]],[[[-118.200679043948,48.1640874908397],[-118.200654243549,48.1638736250633],[-118.20069531004,48.1638188254014],[-118.20071099388049,48.16381022945033],[-118.20068664984302,48.16410183693603],[-118.200679043948,48.1640874908397]]],[[[-118.200981242489,48.1605062909856],[-118.20099006565009,48.16046734036903],[-118.20098437542512,48.16053550129745],[-118.200981242489,48.1605062909856]]],[[[-118.201201908613,48.1581700237034],[-118.20132328168451,48.15796863792738],[-118.20116943449263,48.15832272195481],[-118.201201908613,48.1581700237034]]],[[[-118.201398509196,48.1576324913906],[-118.201431242022,48.157583091331],[-118.201439441751,48.1574790236917],[-118.201529508612,48.1572704907568],[-118.20166824117118,48.15717470309603],[-118.20139202231357,48.15781042926276],[-118.201398509196,48.1576324913906]]],[[[-118.2017588417,48.1566178909822],[-118.201717841577,48.1565630906465],[-118.201725908632,48.1563876238168],[-118.201775108596,48.1562888909945],[-118.201988241813,48.1560748906414],[-118.201971708819,48.1558446238479],[-118.202020842129,48.1557788239042],[-118.202053642456,48.1555922909557],[-118.202479642216,48.1550986914461],[-118.202479508073,48.1550218912984],[-118.202307442497,48.15483002401],[-118.202315642224,48.1546984240472],[-118.202479307806,48.1543692898028],[-118.20256130804,48.1542870902875],[-118.202757907726,48.1541608901578],[-118.20280710822,48.1540732242506],[-118.202807107939,48.153919623821],[-118.202716907596,48.1538262901465],[-118.202716841241,48.153628890421],[-118.202790508523,48.1533766901873],[-118.202897107934,48.1532230240264],[-118.202921508315,48.152899489792],[-118.203011641214,48.1526856239965],[-118.203134440907,48.1522578243846],[-118.20324084051,48.1519890241516],[-118.203412907352,48.1517806899434],[-118.20358490774,48.1516982903794],[-118.203933130076,48.1516157343203],[-118.203936775526,48.1516047168914],[-118.203986304542,48.1515041540534],[-118.203970041433,48.1514680226642],[-118.20386350736,48.1513692899218],[-118.203806108525,48.1512814904141],[-118.203814241481,48.1510896234423],[-118.203896108294,48.1509578904146],[-118.203912508492,48.1508044231003],[-118.203945308697,48.1507496232486],[-118.204133708358,48.1506124229476],[-118.204199240737,48.1504478898144],[-118.204117240567,48.1502614225691],[-118.204117107762,48.1501078900012],[-118.204166240355,48.1499652901456],[-118.204264641194,48.1497842896385],[-118.204428306555,48.1496800895961],[-118.204461241033,48.1496472232731],[-118.204477506961,48.1495210231662],[-118.204526640852,48.1494386897593],[-118.204608641535,48.1493728896262],[-118.204838106879,48.149279622722],[-118.204838040728,48.1492194233585],[-118.204665907159,48.14909322329],[-118.204633107546,48.1489670902895],[-118.204649306989,48.1488628898184],[-118.205099840965,48.1480730895696],[-118.205345641218,48.1477714233999],[-118.20559130667,48.147508089648],[-118.205730707449,48.147420422612],[-118.20593958500375,48.14734407435132],[-118.20179008698182,48.156894271228346],[-118.2017588417,48.1566178909822]]],[[[-118.206074639954,48.1470200231451],[-118.206074506448,48.1469486895625],[-118.206156507518,48.1468444892467],[-118.20615673695633,48.146844292476906],[-118.20607926418128,48.147022598443144],[-118.206074639954,48.1470200231451]]],[[[-118.206418706974,48.1466196229982],[-118.20648600223117,48.146600780738154],[-118.2061567702644,48.14684426391139],[-118.206418706974,48.1466196229982]]],[[[-118.206738240072,48.1464110904137],[-118.20678310874119,48.14638105591447],[-118.20673147486147,48.14641924169881],[-118.206738240072,48.1464110904137]]],[[[-118.208614240164,48.1450122886103],[-118.208802706393,48.1448860886986],[-118.208916819403,48.1447768439669],[-118.20914819875689,48.14463195594807],[-118.20860673112219,48.145032397798225],[-118.208614240164,48.1450122886103]]],[[[-118.21091986081,48.1433065811948],[-118.21107644183621,48.143205925698545],[-118.21087784695321,48.14335279634654],[-118.21091986081,48.1433065811948]]],[[[-118.2122067823,48.1423662701008],[-118.213130947695,48.1421495722575],[-118.21314542059,48.1421474715893],[-118.213599022212,48.142081646387],[-118.213787809369,48.1420706536248],[-118.2138153908134,48.14208085615473],[-118.212202080506,48.142373460741],[-118.21218646485308,48.142385009281575],[-118.2122067823,48.1423662701008]]],[[[-118.214152040779,48.1419564223621],[-118.214156182793,48.1419505628225],[-118.214156328617,48.1419497920227],[-118.214303485833,48.1417412956918],[-118.214513281505,48.1417133278932],[-118.214774641509,48.1416710876624],[-118.214938456907,48.1416128176438],[-118.215036841428,48.1415778221227],[-118.215495641532,48.1414734876804],[-118.215831508232,48.1414624221772],[-118.21598730826,48.1415172221009],[-118.216077441099,48.1415884878718],[-118.21608621463704,48.141668998955055],[-118.21413984401512,48.14202201038004],[-118.214152040779,48.1419564223621]]],[[[-118.21674046255,48.1413352917481],[-118.216744443844,48.1413360125572],[-118.216746062011,48.1413195611664],[-118.216777959535,48.1412472441632],[-118.216884201108,48.1411921334306],[-118.217153197468,48.14116229231],[-118.217424489656,48.1410874358111],[-118.2178671596,48.1410827446298],[-118.218005554769,48.1411082703798],[-118.218169172938,48.1412055060891],[-118.2182486463866,48.1412768007248],[-118.21672015436162,48.141554021898266],[-118.21674046255,48.1413352917481]]],[[[-118.23413390996,48.1383412858752],[-118.234314110193,48.1383138192078],[-118.234494443965,48.1383302193514],[-118.23455191033,48.1384124859902],[-118.234621604314,48.1387445012494],[-118.234614639577,48.1390145000285],[-118.234556776843,48.1391590812637],[-118.234449980005,48.1392951909209],[-118.234236103728,48.1394504458367],[-118.234071927119,48.1395061948259],[-118.233727785138,48.139554877642],[-118.233466739565,48.1395734140885],[-118.233447171575,48.1395824440633],[-118.233127309771,48.1396030856399],[-118.233053443968,48.139537286386],[-118.232922310497,48.1395098861082],[-118.23281584461,48.1395648197968],[-118.232758510544,48.1396252202874],[-118.232660244624,48.1396746198672],[-118.23261399897012,48.139676628683254],[-118.234494220626,48.1383303560717],[-118.23385158691931,48.138446909947916],[-118.23413390996,48.1383412858752]]],[[[-118.231511148653,48.1406007033771],[-118.231558831863,48.1408255783292],[-118.231583551567,48.1408699178916],[-118.2315917822,48.1412026663677],[-118.231527829555,48.1413563390469],[-118.231535317388,48.1415634748933],[-118.231668065915,48.1417152761873],[-118.231667916246,48.1418141452114],[-118.231586248617,48.1420940997752],[-118.231435638432,48.1422612422123],[-118.231364590494,48.1424383627957],[-118.231249709918,48.1425379329311],[-118.231233434854,48.1425830275605],[-118.23123473891448,48.14258446736823],[-118.231228840053,48.1425870816987],[-118.231505405593,48.1404704015325],[-118.23151079843525,48.14046654016019],[-118.231511148653,48.1406007033771]]],[[[-118.232190302308,48.141906959335],[-118.232176183609,48.1417726881989],[-118.232134392923,48.1416827855838],[-118.232012088693,48.1415842010041],[-118.231936433195,48.1415232184388],[-118.231936699927,48.1415184110798],[-118.23193564723,48.1415175631329],[-118.231945210553,48.1413555066891],[-118.231986648463,48.1411211283144],[-118.232067782838,48.1408953206284],[-118.23214816147,48.1408134823408],[-118.232246827304,48.140758440386],[-118.232363150369,48.1407391959657],[-118.23310615922,48.1408211977848],[-118.233608223961,48.1407708190646],[-118.23378041814,48.1407689714355],[-118.234271438842,48.1408536698642],[-118.234968756137,48.1410621137614],[-118.235097919904,48.1410877190422],[-118.235139943375,48.1411232561622],[-118.235146972074,48.1412761382812],[-118.23513718957096,48.141284466431344],[-118.23513604442,48.1411322511827],[-118.2322430728,48.1407660404718],[-118.23224435722918,48.141997107310765],[-118.232190302308,48.141906959335]]],[[[-118.235266086365,48.1442080273216],[-118.235406609934,48.1445664132817],[-118.235511516943,48.144736235646],[-118.235576537305,48.1449244838256],[-118.235579392632,48.1457432204385],[-118.235529805753,48.1460226761875],[-118.235531341809,48.1464365409599],[-118.235481442316,48.1465630433892],[-118.235538517356,48.1468053591558],[-118.235710446406,48.1470014540667],[-118.235752496352,48.147072981187],[-118.235859140362,48.1473147646625],[-118.235852299574,48.1474498013686],[-118.235718632741,48.1476221896652],[-118.235719945155,48.1476313832701],[-118.235720350146,48.1476322363469],[-118.235740897477,48.147778173739],[-118.235751972552,48.1478557651146],[-118.235884779201,48.1479623058864],[-118.235934441369,48.1481057303245],[-118.235934232422,48.148110465989],[-118.235934495538,48.1481112333181],[-118.235927068669,48.1482843397906],[-118.235926573537,48.1482851080763],[-118.23592575379,48.1483037671499],[-118.235851131246,48.148520509186],[-118.23573891938,48.1487466534342],[-118.235620139359,48.1487600758609],[-118.235616258454,48.1487660917147],[-118.235475541059,48.1487823302415],[-118.235455974253,48.1488002767312],[-118.235351195394,48.1491626029733],[-118.235345467923,48.1492963608341],[-118.235933482337,48.149678473019],[-118.23602180712,48.1497243129503],[-118.236015183398,48.1497890523153],[-118.236008561005,48.1498537916649],[-118.235926443593,48.1499993683349],[-118.235853711407,48.150115202812],[-118.235776287556,48.1503844400986],[-118.235657551183,48.1506516562841],[-118.23520972128902,48.150925495323676],[-118.2351584578384,48.14411147765129],[-118.235266086365,48.1442080273216]]],[[[-118.235595263293,48.1532972941713],[-118.235734461903,48.1533952388065],[-118.235711479105,48.1536291839115],[-118.235684604233,48.1537963038584],[-118.235658299584,48.1539544762724],[-118.235538325205,48.1540991432825],[-118.235365246015,48.1542178186518],[-118.23523498788501,48.1542839706],[-118.23522764060183,48.15330735828113],[-118.235595263293,48.1532972941713]]],[[[-118.23524029875,48.1548857360352],[-118.235309936277,48.1546951634236],[-118.235370921405,48.1546105849821],[-118.235447168336,48.1545048619404],[-118.235581123072,48.1544185119608],[-118.235819861642,48.1543260578875],[-118.23582141349824,48.15432558400371],[-118.235239521758,48.1548866200568],[-118.2352395130456,48.15488546199112],[-118.23524029875,48.1548857360352]]],[[[-118.235659137844,48.1528112035733],[-118.235650977256,48.1526671115866],[-118.235603239225,48.152586176114],[-118.235595187033,48.15247347329563],[-118.23579492884609,48.15286442285436],[-118.235659137844,48.1528112035733]]],[[[-118.235666805526,48.1522981606884],[-118.2357403876281,48.152186768465775],[-118.2356112982532,48.152422593231464],[-118.235666805526,48.1522981606884]]],[[[-118.236006294984,48.1516557456426],[-118.236035888942,48.1514305096386],[-118.236101751794,48.1513755707758],[-118.23620098521363,48.15134533346953],[-118.23597656007793,48.151755320775464],[-118.236006294984,48.1516557456426]]],[[[-118.237147760606,48.1493253199322],[-118.237147418911,48.1491363774185],[-118.237271030032,48.1490000835854],[-118.237390972484,48.1489288679392],[-118.237557059246,48.1488224729395],[-118.2376033036518,48.1487835314826],[-118.23722011295835,48.14948355699257],[-118.237147760606,48.1493253199322]]],[[[-118.23754488567,48.1467318674394],[-118.237544768338,48.1467259251627],[-118.23748016963,48.1465505260718],[-118.237448310411,48.146343927571],[-118.237471911103,48.1458578110355],[-118.237504545658,48.1456775096107],[-118.23754560769306,48.14562098798426],[-118.237691771963,48.14713074896329],[-118.23754488567,48.1467318674394]]],[[[-118.237353768917,48.1436007242696],[-118.237519469312,48.1430141038518],[-118.237836619636,48.142191917772],[-118.23804036858,48.141964785993],[-118.23805488444366,48.14195503704988],[-118.23735404107377,48.14360311564595],[-118.237353768917,48.1436007242696]]],[[[-118.238999030048,48.1396960876526],[-118.238981475535,48.1395253256948],[-118.23903033088,48.1394258262097],[-118.239105656556,48.1393440365859],[-118.239185206352,48.1392981910475],[-118.239472848679,48.1392411031627],[-118.239932055498,48.1391911598852],[-118.240127896658,48.1390900739246],[-118.240382587602,48.1390603318274],[-118.241570886507,48.1390384963633],[-118.2420619014092,48.13906533869632],[-118.239182007722,48.1393045336279],[-118.23900888250525,48.13971164879288],[-118.238999030048,48.1396960876526]]],[[[-118.242887835661,48.1386733538612],[-118.243840102049,48.1386540492133],[-118.244150906743,48.1386866726811],[-118.244462800319,48.1387642722117],[-118.244903797374,48.1387954828231],[-118.245363023653,48.138781509101],[-118.245675727454,48.1388231050659],[-118.245822341824,48.1388754998398],[-118.24590595784707,48.13894168517129],[-118.245359434732,48.1387914559273],[-118.24287595509257,48.13899772595215],[-118.242887835661,48.1386733538612]]],[[[-118.250871546963,48.1402872140394],[-118.25095806663289,48.14033041780223],[-118.25074403304995,48.140271583871034],[-118.250871546963,48.1402872140394]]],[[[-118.251136054219,48.1404192962442],[-118.25113596855373,48.140420537684946],[-118.25113516807693,48.14041885374745],[-118.251136054219,48.1404192962442]]],[[[-118.251245354676,48.1405260753279],[-118.251382442852,48.1407045320156],[-118.251415673775,48.1407581542475],[-118.251448939492,48.1408477666841],[-118.251473474092,48.1410274488735],[-118.251509698696,48.1411350270622],[-118.251545921959,48.1412425989545],[-118.251603146857,48.141349944806],[-118.25163059750228,48.14146107280232],[-118.25116064765467,48.14047245432118],[-118.251245354676,48.1405260753279]]],[[[-118.25334932659493,48.14506748520938],[-118.253348843715,48.145075692468],[-118.25334628712189,48.14507031424474],[-118.25334932659493,48.14506748520938]]],[[[-118.25341913173,48.1437774593358],[-118.253395574615,48.1437417265847],[-118.253387540618,48.1436878310375],[-118.253362521218,48.1436611096231],[-118.253346051224,48.1433643737074],[-118.253363617334,48.143292202765],[-118.25346759568089,48.14305732716365],[-118.25342306999461,48.14381410705918],[-118.25341913173,48.1437774593358]]],[[[-118.253503462508,48.1419274015667],[-118.253479429798,48.1415274368464],[-118.253481219819,48.1412215026769],[-118.253513584676,48.1410322039827],[-118.25361630206059,48.14052984229142],[-118.25351893073814,48.14218481193681],[-118.253503462508,48.1419274015667]]],[[[-118.253618681974,48.1405182028077],[-118.253702750732,48.1403823232082],[-118.253817532411,48.1403000943601],[-118.25400575850568,48.140224631725836],[-118.25361648597766,48.14052894280504],[-118.253618681974,48.1405182028077]]],[[[-118.255509592043,48.1388251413336],[-118.255580354228,48.1386523039132],[-118.255785099418,48.1382631752827],[-118.255842279552,48.1381275887698],[-118.25590012029,48.1380189857188],[-118.255949419478,48.1379734609174],[-118.256161917636,48.1379711374331],[-118.256262525967,48.13799703017],[-118.256366391467,48.1381218591583],[-118.25646845544793,48.13829943559639],[-118.25537478781537,48.13915440262745],[-118.255509592043,48.1388251413336]]],[[[-118.256606053428,48.1381850110432],[-118.256580701501,48.138034636364],[-118.256581263151,48.138033911346],[-118.256524051345,48.1376972550952],[-118.256509024607,48.1373915054175],[-118.256449019442,48.1372392035963],[-118.256410345502,48.1372036376027],[-118.256376052383,48.1371410302847],[-118.256335916948,48.1371144774499],[-118.256213757779,48.1369628549753],[-118.256140352635,48.1368466900883],[-118.256098900866,48.1367661656214],[-118.256065952443,48.1365865771257],[-118.256083247394,48.136262477846],[-118.256106430516,48.136145258954],[-118.256132207548,48.136099989361],[-118.256214754752,48.1357301907253],[-118.256256947379,48.1353248443248],[-118.256289186527,48.1352345162039],[-118.256321131374,48.1350632137101],[-118.256354647754,48.1349908687206],[-118.256412693243,48.1347926778929],[-118.256412703085,48.1347768310003],[-118.256412727111,48.1347399718695],[-118.256412410175,48.134534733687],[-118.256412126877,48.134351420431],[-118.256397513655,48.134186976238],[-118.256389256354,48.1340960039493],[-118.256364899559,48.1340427629284],[-118.256273980349,48.1339173172909],[-118.256241373978,48.1338338368291],[-118.256241659437,48.1338308277404],[-118.256206549184,48.1337418386556],[-118.256192976798,48.133220135268],[-118.256219305073,48.1325090470015],[-118.25625070282,48.1324187280432],[-118.256367141745,48.1322277011685],[-118.25651734816569,48.13197277992514],[-118.256609455651,48.1381892096727],[-118.25660490828984,48.13819276454052],[-118.256606053428,48.1381850110432]]],[[[-118.256354191481,48.1237406089439],[-118.25639099719396,48.12344522175104],[-118.25640172719943,48.124169400952965],[-118.256354191481,48.1237406089439]]],[[[-118.256484787526,48.1230280483589],[-118.256509203389,48.1228388261186],[-118.256640866113,48.1224866357531],[-118.256691002563,48.1222703177411],[-118.256810398683,48.1220465959624],[-118.256973909925,48.1217500825692],[-118.256991113218,48.1216412240535],[-118.257010773425,48.1215382273438],[-118.257151153372,48.121221671645],[-118.257232037579,48.1210043952457],[-118.2573128129695,48.120836891212235],[-118.2564014726054,48.12338680200329],[-118.256484787526,48.1230280483589]]],[[[-118.25803825401,48.1184583799997],[-118.258137214476,48.1180078945523],[-118.258168925542,48.1178367951154],[-118.258179061402,48.1178262563397],[-118.258243814656,48.1177633503316],[-118.258440224044,48.1174284952261],[-118.258563692334,48.1170758036045],[-118.259055431125,48.115811503394],[-118.259229659306,48.1153237226338],[-118.259310559383,48.1148643241137],[-118.259441406959,48.1145745752735],[-118.259465601493,48.1145503099495],[-118.259606152096,48.1144107246755],[-118.25962481460643,48.114367960223134],[-118.2580328338635,48.118822288194835],[-118.25803825401,48.1184583799997]]],[[[-118.259794804499,48.1132929850348],[-118.259812791364,48.1130136807568],[-118.259875245554,48.1127465516415],[-118.259923241395,48.1125544821683],[-118.259940949419,48.1125189450302],[-118.25996882236,48.1124719176157],[-118.26004668466435,48.112187417351926],[-118.25988113963753,48.11342153567533],[-118.259794804499,48.1132929850348]]],[[[-118.260941367365,48.1054161194409],[-118.260788824658,48.1052084100951],[-118.260741040373,48.1051402808418],[-118.260725195003,48.105106855347],[-118.260688239185,48.1050141086336],[-118.260687664602,48.1048345198158],[-118.260761213518,48.1046445194383],[-118.260902550222,48.103869091109],[-118.260933880028,48.1038059428489],[-118.260934754521,48.1036887547687],[-118.261017347649,48.1033818876199],[-118.261033714483,48.1033668526265],[-118.261061906477,48.1033416145201],[-118.26125272193632,48.10319655411289],[-118.2609410726743,48.10551986198946],[-118.260941367365,48.1054161194409]]],[[[-118.261305237469,48.1027218262265],[-118.261302188125,48.1026741679271],[-118.261288000411,48.1024524737397],[-118.26120743725,48.1022285273258],[-118.261183354138,48.1022099729976],[-118.261184139708,48.1022054612465],[-118.261149235502,48.1021784566934],[-118.261133082776,48.1019986842792],[-118.261158400121,48.10193542378],[-118.261188611574,48.101910571945],[-118.261267880024,48.1018507626016],[-118.261346938482,48.1017860016161],[-118.261419923281,48.1015826018794],[-118.26149864854385,48.10136320074443],[-118.26131428776242,48.10273758826209],[-118.261305237469,48.1027218262265]]],[[[-118.261478907919,48.1009497527426],[-118.261473705819,48.1009342805806],[-118.26153589196,48.1008623899117],[-118.261567553558,48.1008295900631],[-118.2615744652519,48.1007979962775],[-118.26153435145841,48.10109703979771],[-118.261478907919,48.1009497527426]]],[[[-118.261519534589,48.1006588642854],[-118.26147824219123,48.10054734504398],[-118.2615629750218,48.10071796109567],[-118.261519534589,48.1006588642854]]],[[[-118.255748643412,48.0990128083139],[-118.255641775386,48.0990234503325],[-118.2555740146977,48.09898284857317],[-118.2558323891255,48.09893640804173],[-118.255748643412,48.0990128083139]]],[[[-118.255363399093,48.0986394514271],[-118.2553073065,48.0983700410872],[-118.255225012252,48.0982358444166],[-118.255070092557,48.0977880531965],[-118.254997345535,48.097654076869],[-118.254948624645,48.0975643493502],[-118.254841107529,48.0973494758817],[-118.254726926384,48.0969543833769],[-118.254655040275,48.0963345936365],[-118.25469128164048,48.09586479983646],[-118.25555816747386,48.098962981529624],[-118.255363399093,48.0986394514271]]],[[[-118.254614250548,48.0957052861358],[-118.254509184392,48.0956254867082],[-118.254336175215,48.0955555296577],[-118.254156118626,48.0954587051538],[-118.253993482665,48.0952890481043],[-118.253894772232,48.0950116257353],[-118.253886788494,48.0945255103703],[-118.253854010343,48.0943819756478],[-118.253765061455,48.0942120071616],[-118.253765397403,48.0937707773955],[-118.253725061569,48.0935643810857],[-118.2537255096,48.0931687311235],[-118.2538240253,48.0929694399452],[-118.25386699878904,48.092918877845456],[-118.2546629551988,48.09576356336486],[-118.254614250548,48.0957052861358]]],[[[-118.253667811142,48.0922155797311],[-118.253579119235,48.0919914689572],[-118.253562972731,48.0918818657977],[-118.253558101626,48.0918324141484],[-118.253540758529,48.0917927526422],[-118.253481444531,48.0916417543065],[-118.253452008627,48.0914518820764],[-118.25345646530434,48.09145166350448],[-118.25367087960616,48.09221796333204],[-118.253667811142,48.0922155797311]]],[[[-118.254242760495,48.0910126721202],[-118.254061857496,48.0910325243233],[-118.253947209577,48.0910339357492],[-118.253204457487,48.0908893583797],[-118.253042693018,48.0908796394266],[-118.25288751659164,48.090813526207285],[-118.25461074892164,48.090891120486916],[-118.254242760495,48.0910126721202]]],[[[-118.251945111371,48.0903003356145],[-118.251941688986,48.0902986526265],[-118.251828498375,48.0902381529114],[-118.251804055612,48.0899950483349],[-118.251763342325,48.0899420066966],[-118.251717487391,48.0899190800537],[-118.251661235595,48.0898844811229],[-118.251333836263,48.089851413945],[-118.25118663478,48.0897088140769],[-118.251181104005,48.0897030323739],[-118.251122025337,48.0896261146881],[-118.250932446487,48.0894651869221],[-118.250792616487,48.0893854071405],[-118.250704072159,48.0892063607244],[-118.250638031083,48.0890274039926],[-118.250556400349,48.0888301562883],[-118.250521708468,48.0887318211581],[-118.250424193147,48.0885712805773],[-118.25037766411222,48.088454062502066],[-118.25219351642271,48.09037003998961],[-118.251945111371,48.0903003356145]]],[[[-118.250349447463,48.087923841106],[-118.250340597391,48.0876991971176],[-118.250330167507,48.0876739463925],[-118.250328634352,48.087667814337],[-118.250326399891,48.0876648263642],[-118.250325759289,48.0876632732074],[-118.250258329565,48.0875649973253],[-118.250254757412,48.0875148016938],[-118.250254701602,48.0874758809761],[-118.250262342101,48.087450214075],[-118.250274704506,48.0874206854435],[-118.250342248633,48.0873861980364],[-118.25038950838419,48.08736309399813],[-118.25037834705165,48.0879994040924],[-118.250349447463,48.087923841106]]],[[[-118.250431499609,48.0849090807824],[-118.25042578964,48.0848151186285],[-118.250420078269,48.0846303631128],[-118.25043854934745,48.08456725757995],[-118.25043249100207,48.084912645222126],[-118.250431499609,48.0849090807824]]],[[[-118.25510277810427,48.07092168999651],[-118.255103110185,48.0709217875004],[-118.25510297002708,48.07092180439471],[-118.25510277810427,48.07092168999651]]],[[[-118.254445287109,48.0708376313404],[-118.254378247018,48.0708116107299],[-118.254363740415,48.0707493548127],[-118.254331091103,48.0707347190662],[-118.25431569257931,48.070690589862224],[-118.25492326731147,48.070868982931],[-118.254445287109,48.0708376313404]]],[[[-118.260445615168,48.0672359465772],[-118.260078685015,48.0671590489135],[-118.2600306628755,48.067160607022],[-118.25939325488993,48.066930731343085],[-118.259583098597,48.0667998790371],[-118.25980849627089,48.06666685729527],[-118.26048487727212,48.06725835230487],[-118.260445615168,48.0672359465772]]],[[[-118.258575152472,48.061849353805],[-118.258729095993,48.0617978121884],[-118.259105630506,48.0615950792543],[-118.259964630075,48.0615406120599],[-118.260473923452,48.0614537679026],[-118.261302671579,48.0614575293546],[-118.2615565841044,48.06152351962301],[-118.25917987270911,48.06208339642231],[-118.258575152472,48.061849353805]]],[[[-118.26237014355,48.0611011047756],[-118.263474780128,48.0606197376495],[-118.263614430372,48.0605990113273],[-118.263753429493,48.0606264780619],[-118.264007029556,48.0607142776709],[-118.264268630317,48.0608514775513],[-118.26434291178481,48.06086715039508],[-118.262088729414,48.06139816329522],[-118.26237014355,48.0611011047756]]],[[[-118.26884843371,48.0596989232925],[-118.269033450731,48.0596023042987],[-118.269268431133,48.059531676918],[-118.269456497744,48.0593946768302],[-118.269456904435,48.0593923852157],[-118.269460725088,48.0593895844172],[-118.269476802567,48.0592994118942],[-118.269512761696,48.0592462731024],[-118.269851688454,48.0590153402888],[-118.270216256431,48.0589087431525],[-118.270234098489,48.0589234103648],[-118.270299430527,48.0591646774215],[-118.270430097412,48.0593292107283],[-118.270937298479,48.0593074766518],[-118.271121113521,48.0592696426199],[-118.27113501255765,48.059267149802345],[-118.26860870424383,48.05986226682648],[-118.26884843371,48.0596989232925]]],[[[-118.271146618372,48.0590294718576],[-118.270998104331,48.0589142478238],[-118.270917115343,48.0587980741685],[-118.270859764528,48.0586547621465],[-118.270845168598,48.0586388255879],[-118.271158138541,48.0584423505637],[-118.271486230356,48.0584960768983],[-118.2716792022648,48.058478712809084],[-118.27123593702674,48.05913627484381],[-118.271146618372,48.0590294718576]]],[[[-118.271614802347,48.0580438390354],[-118.27167116197,48.0573633283102],[-118.271862884279,48.0572274416929],[-118.271948594662,48.0571673883926],[-118.272436298515,48.0569224102752],[-118.27243845263,48.0569197996832],[-118.272439977042,48.0569190297221],[-118.272471816633,48.0568793929105],[-118.272649097429,48.0566646773387],[-118.27304695918043,48.05644971314202],[-118.271893303719,48.058161103901895],[-118.271614802347,48.0580438390354]]],[[[-118.270233109379,48.0566981072203],[-118.270102317342,48.0567176667178],[-118.2700778447181,48.05669000753498],[-118.27026742850701,48.0566679615981],[-118.270233109379,48.0566981072203]]],[[[-118.269479150423,48.05601335778],[-118.269121441968,48.0554833057245],[-118.269137912487,48.0554283093189],[-118.2695283519,48.0547572722226],[-118.26983991544,48.0533272688795],[-118.27016332100568,48.052819937551014],[-118.26981759868367,48.05639587509231],[-118.269479150423,48.05601335778]]],[[[-118.270427384613,48.0524056968733],[-118.270991896574,48.0523920101208],[-118.271400830649,48.0524414772317],[-118.271719829529,48.0525018769608],[-118.27189142969,48.0526336101945],[-118.27189142966579,48.05263363165354],[-118.27038206648743,48.05247678811999],[-118.270427384613,48.0524056968733]]],[[[-118.272539987463,48.0556127787364],[-118.272515269521,48.055568441952],[-118.272507013654,48.0554246903202],[-118.27254035745,48.055361231669],[-118.272662005104,48.0551513897839],[-118.273161117594,48.0546780052782],[-118.273198697123,48.0546742103009],[-118.273249708507,48.0546400299985],[-118.273302149422,48.0546059184035],[-118.273302294775,48.0545722469626],[-118.273305097057,48.0545534771518],[-118.273297938382,48.054548237271],[-118.273612416726,48.054249968864],[-118.273886228875,48.0542574760384],[-118.274327831332,48.0542632096291],[-118.274491431288,48.0542248763765],[-118.274491836897,48.054224563268],[-118.274496009421,48.0542235938512],[-118.274520676647,48.0542045022593],[-118.274555458745,48.0542035243475],[-118.275213411945,48.0538834114323],[-118.275604097045,48.0539510095562],[-118.275606734244,48.0539502559878],[-118.275607564443,48.0539503988245],[-118.275617718687,48.053947112713],[-118.27566097105077,48.053934741249705],[-118.27253264363824,48.05570805760983],[-118.272539987463,48.0556127787364]]],[[[-118.27566143148596,48.053934451175955],[-118.275661466877,48.0539344601868],[-118.27566143146596,48.05393448025982],[-118.27566143148596,48.053934451175955]]],[[[-118.273608611367,48.0533562317842],[-118.27367428889148,48.05332718618853],[-118.27364121040975,48.05335949038542],[-118.273608611367,48.0533562317842]]],[[[-118.274525206352,48.0525208197254],[-118.274567566695,48.052497276979],[-118.274611394769,48.0524973170538],[-118.27486145615613,48.05264174130099],[-118.2745109914944,48.05256191448863],[-118.274525206352,48.0525208197254]]],[[[-118.276047697419,48.0528082751545],[-118.276193897422,48.0528324087108],[-118.276341030844,48.0528762763723],[-118.27657192407271,48.053031341783814],[-118.27538909173151,48.0527619230787],[-118.276047697419,48.0528082751545]]],[[[-118.276825333479,48.0526110460936],[-118.276707816597,48.0521706772263],[-118.2767515156,48.0521487356154],[-118.27692243134,48.0520648090123],[-118.276968712044,48.05191761183],[-118.276982930387,48.0518749737361],[-118.27705006517667,48.0518638560413],[-118.27686059424241,48.05264927945227],[-118.276825333479,48.0526110460936]]],[[[-118.277624201547,48.0517687775735],[-118.27798650661492,48.05209622456159],[-118.27733022793258,48.05181746036434],[-118.277624201547,48.0517687775735]]],[[[-118.279789938144,48.0522569294161],[-118.279793431543,48.0521588761573],[-118.279767794794,48.052088151134],[-118.279748160487,48.0520276000125],[-118.28056285381916,48.0517211207704],[-118.27978983878,48.052271165143026],[-118.279789938144,48.0522569294161]]],[[[-118.284472698441,48.0511564754135],[-118.284475767178,48.0511533901021],[-118.284687363395,48.050970356441],[-118.284905131324,48.0508473142332],[-118.285280663888,48.050788305119],[-118.285339831878,48.050805674707],[-118.285503298212,48.0509264083729],[-118.28572423209,48.0509866752941],[-118.285846893877,48.0509978078139],[-118.286018699368,48.0509594076226],[-118.286231432565,48.050849808205],[-118.286238504636,48.0508397392698],[-118.286300259479,48.0507541200681],[-118.286315351664,48.0506257190999],[-118.286452711603,48.0506041348938],[-118.286460632467,48.050636008367],[-118.286632231704,48.0507018078325],[-118.28677963229,48.0506688748949],[-118.286780293957,48.0506680712183],[-118.2867843736,48.0506672724435],[-118.286892278157,48.0505350632631],[-118.2873195876,48.0504679177712],[-118.287972626238,48.0506834263474],[-118.287990031374,48.0507184747155],[-118.288047231439,48.0507568746792],[-118.288333499296,48.0508228083432],[-118.288456232285,48.0509104750093],[-118.2885052325,48.05103127534],[-118.2885504003234,48.05107285248271],[-118.28446756476448,48.051165080248474],[-118.284472698441,48.0511564754135]]],[[[-118.288607765089,48.0497471106872],[-118.288444645989,48.0494431402056],[-118.288436025193,48.0492092446319],[-118.288348783771,48.0490468698898],[-118.28836100148,48.0484294930601],[-118.288379370641,48.0484008959082],[-118.288522832292,48.0482782077208],[-118.288847769108,48.0481203084399],[-118.28884973366249,48.04812126352749],[-118.28874452432146,48.050105810662544],[-118.288607765089,48.0497471106872]]],[[[-118.289317248146,48.048348550318],[-118.289545049465,48.0487057371736],[-118.289618431978,48.0489474081962],[-118.28964226754198,48.049191549335035],[-118.28885200146944,48.048122366044275],[-118.289317248146,48.048348550318]]],[[[-118.290326800209,48.0491700757843],[-118.290399183628,48.049052511326],[-118.290424536597,48.0489350954325],[-118.290564297081,48.0486728019895],[-118.290735368071,48.048490715256],[-118.29074085771,48.0484885715888],[-118.290832688631,48.048453871674],[-118.29097977064,48.0484452747295],[-118.291017616919,48.0484430967291],[-118.291548898671,48.0485090739921],[-118.291818831725,48.0485914084472],[-118.291949632521,48.0486790742625],[-118.29194974484946,48.04867923771885],[-118.29017095802206,48.049288655221986],[-118.290326800209,48.0491700757843]]],[[[-118.291998699149,48.0487504742553],[-118.29200368621,48.0489050943325],[-118.292004112843,48.0489674213835],[-118.29191278282879,48.04905964100181],[-118.29194974887288,48.04867924357359],[-118.291998699149,48.0487504742553]]],[[[-118.292037670321,48.0510094828078],[-118.292140376583,48.0506270586961],[-118.292149806472,48.0506073860956],[-118.292212097479,48.050520696872],[-118.292349006839,48.0504053358059],[-118.292500859013,48.0502791427942],[-118.29256870412624,48.05021082661884],[-118.2920073887856,48.051180568509146],[-118.292037670321,48.0510094828078]]],[[[-118.292735788636,48.0497020869544],[-118.29290387769254,48.0496317726999],[-118.29274535139753,48.04990564654201],[-118.292735788636,48.0497020869544]]],[[[-118.293073972059,48.0495606195932],[-118.293525983255,48.0501161512588],[-118.293520336901,48.0501699029228],[-118.293519254573,48.0501762483442],[-118.293513748634,48.0502064073751],[-118.293504291883,48.050254290683],[-118.29332965914685,48.05050875030235],[-118.29304061148328,48.04957457483848],[-118.293073972059,48.0495606195932]]],[[[-118.293617300012,48.0514380077219],[-118.29361755874608,48.05143810362263],[-118.293617249567,48.0514382160895],[-118.29361713161774,48.05143783488833],[-118.293617300012,48.0514380077219]]],[[[-118.294267290197,48.0511142363156],[-118.294221622508,48.0510045476875],[-118.294317274479,48.0507164752943],[-118.294584910501,48.0505774160581],[-118.294656299678,48.0505550736862],[-118.295130832431,48.0505332740834],[-118.29548243857,48.0505936739196],[-118.295727833933,48.0506704744115],[-118.295997699428,48.0508296065923],[-118.296678100439,48.0512558393716],[-118.296741900943,48.05129580703],[-118.296914907417,48.0513256551542],[-118.296878984362,48.0513670328274],[-118.296852980115,48.0514174668164],[-118.296857099621,48.0514458330409],[-118.296865816678,48.0514814163221],[-118.296881733369,48.051516417173],[-118.296903316523,48.0515488842791],[-118.296927034369,48.0515779172862],[-118.296959766645,48.0516068674123],[-118.296998116455,48.0516375328825],[-118.297044182825,48.0516667166272],[-118.297088450084,48.0516964497111],[-118.297132767542,48.0517266833633],[-118.29717729924,48.0517554003255],[-118.297223383624,48.0517851326331],[-118.297270115988,48.0518150159581],[-118.297317616401,48.0518457165473],[-118.297362982816,48.0518750673215],[-118.297405950368,48.0519017666589],[-118.297444032797,48.0519282332376],[-118.29748161662,48.0519556834468],[-118.297521632969,48.0519821002657],[-118.297559532805,48.0520047665888],[-118.297597767108,48.0520311828153],[-118.297637432634,48.052059067425],[-118.297676783397,48.0520866001812],[-118.297729566861,48.0521205834372],[-118.297772365415,48.0521545328103],[-118.297814316804,48.0521926827029],[-118.297853717029,48.0522346168951],[-118.297883482764,48.0522724671581],[-118.297909649551,48.0523254331313],[-118.297928999706,48.0523692340378],[-118.297946815552,48.0524109334004],[-118.297970417104,48.05246861596],[-118.297986799872,48.0525236655773],[-118.29799419961,48.05258186679],[-118.298003549473,48.0526365001128],[-118.29800809971404,48.05265258832052],[-118.29572773177,48.0506705078124],[-118.29426964917216,48.0512008994345],[-118.294267290197,48.0511142363156]]],[[[-118.145781051475,48.2713022762784],[-118.145296953663,48.2700869119028],[-118.14511401435,48.2687160253588],[-118.145471969364,48.2676956369511],[-118.14621511827,48.2668747728385],[-118.146131029588,48.2665197241748],[-118.146666225593,48.2666160701063],[-118.147217354375,48.2674240301339],[-118.147557168636,48.2689967138587],[-118.148262887108,48.2699048094122],[-118.148352691439,48.2705140049543],[-118.148445915381,48.2712756899618],[-118.148625536081,48.2724940820492],[-118.148383445421,48.2718864070394],[-118.148325530302,48.2727004431783],[-118.148330086552,48.2729037623182],[-118.148196026038,48.2737185577697],[-118.148821121476,48.274424088882],[-118.14883023851,48.274830726961],[-118.147905120941,48.2743315551526],[-118.147205034949,48.273677608206],[-118.146645876927,48.2725138405692],[-118.145781051475,48.2713022762784]]]]}},{"type":"Feature","properties":{"hazard":"fire-perimeter","severity":"MODERATE","tone":"moderate","fire_name":"Border 2","acres":23856.63,"contained_pct":75.0,"irwin_id":"{A60CA689-BD59-4A2D-9BDC-CC551CEAFCA4}","unit_code":"ROLA","unit_name":"Ross Lake National Recreation Area","acres_affected":8500.5},"geometry":{"type":"Polygon","coordinates":[[[-121.007800232,48.9777409860001],[-121.010163502,48.9764236010001],[-121.010902526,48.9760116160001],[-121.011460055,48.9756617510001],[-121.01216178,48.9752213880001],[-121.011379205,48.975025988],[-121.009689614,48.9733976970001],[-121.01011,48.9718700000001],[-121.012619243,48.971827601],[-121.01293098,48.970725531],[-121.013194596,48.9702056260001],[-121.010027559,48.9672056900001],[-121.0104165,48.9660641290001],[-121.005306851,48.96844043],[-121.005236763,48.968384374],[-121.005354037,48.968189361],[-121.005617759,48.967986538],[-121.008052042,48.9644324080001],[-121.008187757,48.9642342400001],[-121.008149537,48.964197283],[-121.008054189,48.9641565700001],[-121.006489403,48.9634884120001],[-121.004092892,48.9617988370001],[-121.002923059,48.960688438],[-121.00324064,48.960349342],[-121.003615766,48.959948798],[-121.003821567,48.959729048],[-121.003803806,48.9588091160001],[-121.002947579,48.958461598],[-121.002673651,48.9573486580001],[-121.003535977,48.956255395],[-121.004904167,48.9550211230001],[-121.005631254,48.953895554],[-121.006903665,48.952779407],[-121.006946918,48.952682839],[-121.006937072,48.952472125],[-121.006900051,48.952414096],[-121.006862188,48.95227306],[-121.006626374,48.952056262],[-121.006572933,48.951985736],[-121.006505128,48.9518962540001],[-121.006401943,48.9517600790001],[-121.006134254,48.9516462650001],[-121.005561204,48.951402622],[-121.00466152,48.951020102],[-121.004607731,48.950607545],[-121.004552357,48.950182813],[-121.004047967,48.949950233],[-121.003579195,48.949564782],[-121.003048348,48.9491282760001],[-121.002785711,48.9491501620001],[-121.002574437,48.948983366],[-121.002674514,48.94882769],[-121.002596676,48.948560817],[-121.002260872,48.948533404],[-121.002233337,48.948531157],[-121.002170533,48.94852603],[-121.002073265,48.9485180890001],[-121.00205181,48.948516338],[-121.00202957,48.9483940210001],[-121.002138465,48.9483559070001],[-121.002251964,48.948316182],[-121.002374281,48.948182746],[-121.002040689,48.9479047520001],[-121.00200671,48.9479032740001],[-121.001529182,48.9478825130001],[-121.001128873,48.9478713930001],[-121.000873119,48.947571161],[-121.000861997,48.9474377240001],[-121.001084392,48.9473487660001],[-121.001155869,48.9472915850001],[-121.001095826,48.9472971070001],[-121.000920763,48.947183341],[-121.00091922,48.946640362],[-121.001276673,48.9465423560001],[-121.001608961,48.9464885080001],[-121.001888102,48.9464432710001],[-121.002454702,48.946391077],[-121.003089321,48.9463161720001],[-121.003315452,48.9461318],[-121.00353379,48.945645497],[-121.003519614,48.9456029680001],[-121.003439207,48.9454555550001],[-121.003319458,48.9452360170001],[-121.002963627,48.9451470600001],[-121.002385401,48.945169299],[-121.002304382,48.945124289],[-121.002085168,48.9450025030001],[-121.002285323,48.9447578690001],[-121.002545811,48.944750426],[-121.002310802,48.9446229920001],[-121.001766849,48.944464327],[-121.001558995,48.9444677800001],[-121.001161554,48.944452771],[-121.000767027,48.9446181710001],[-121.000679275,48.94465496],[-121.000418385,48.94433109],[-121.00048978,48.944297582],[-121.001100308,48.9440110410001],[-121.002074027,48.94384985],[-121.003336833,48.944059913],[-121.004382531,48.9445457420001],[-121.004383249,48.944546077],[-121.004442894,48.944573785],[-121.004477778,48.944589992],[-121.004532986,48.944615641],[-121.004642214,48.944666387],[-121.004788759,48.9447344690001],[-121.004944322,48.9447147970001],[-121.004991063,48.944708887],[-121.005078323,48.944697852],[-121.005229394,48.9446787480001],[-121.005666902,48.94462342],[-121.006569535,48.9445446710001],[-121.007026237,48.944486678],[-121.007360901,48.9444441800001],[-121.00795779,48.9443683800001],[-121.007973024,48.944352372],[-121.008192609,48.944319454],[-121.008491955,48.944274577],[-121.008707247,48.9442423020001],[-121.008722245,48.944240054],[-121.008995929,48.9441990240001],[-121.010254156,48.944010383],[-121.010471731,48.943976494],[-121.010570173,48.9439611600001],[-121.01068126,48.9439438570001],[-121.011639887,48.943794537],[-121.013598699,48.943489394],[-121.013717125,48.9435068060001],[-121.01559224,48.94378248],[-121.017477276,48.9440595790001],[-121.018743627,48.944245713],[-121.019082206,48.9439989960001],[-121.019528004,48.9436741420001],[-121.019623279,48.9433561480001],[-121.020034821,48.9426989190001],[-121.020664946,48.9428939520001],[-121.022748825,48.939431315],[-121.019269644,48.9381029990001],[-121.016118733,48.9357386390001],[-121.014821539,48.9326140650001],[-121.016262863,48.932235329],[-121.028514121,48.9317619080001],[-121.028802388,48.9311938050001],[-121.027361062,48.9306257000001],[-121.02721693,48.9297735440001],[-121.031996682,48.928901341],[-121.033049485,48.928229307],[-121.033339442,48.9280442100001],[-121.033497545,48.9280377200001],[-121.033847023,48.9277851790001],[-121.03946819,48.927501127],[-121.039492663,48.9278990770001],[-121.040534433,48.927871741],[-121.042240427,48.9278980110001],[-121.042908847,48.9274775280001],[-121.043315461,48.9271250240001],[-121.045187213,48.9259608180001],[-121.045709702,48.925776457],[-121.046565377,48.9258412130001],[-121.047204006,48.92598538],[-121.048202756,48.926406243],[-121.048585718,48.926792554],[-121.049337074,48.9287000200001],[-121.049131072,48.9291327],[-121.049093157,48.929269973],[-121.048981879,48.9296728570001],[-121.049213758,48.930903481],[-121.049232823,48.930913806],[-121.049252786,48.9311106070001],[-121.049297387,48.9313472970001],[-121.049308091,48.9314110550001],[-121.049394754,48.931397514],[-121.049433365,48.931499827],[-121.049607117,48.9319602190001],[-121.049352605,48.9328510060001],[-121.049421653,48.933046645],[-121.049544546,48.9330720500001],[-121.049566191,48.933163811],[-121.049726141,48.933266223],[-121.049797254,48.9333837830001],[-121.0497788,48.9335330270001],[-121.04977357,48.9336672360001],[-121.050200974,48.933911466],[-121.050119011,48.9344032500001],[-121.050116139,48.9344204870001],[-121.050621652,48.9356713540001],[-121.051033906,48.936005127],[-121.051270519,48.936196694],[-121.052012769,48.9367976190001],[-121.052038436,48.9368183980001],[-121.052999735,48.9376800860001],[-121.05458745,48.9386491440001],[-121.054400787,48.9390465760001],[-121.054620109,48.939121706],[-121.05465928,48.9391351250001],[-121.055019738,48.939258603],[-121.0551763,48.939312235],[-121.055246948,48.939336435],[-121.055706403,48.939493821],[-121.05651703,48.9397714940001],[-121.058073509,48.940267412],[-121.058107876,48.940251937],[-121.05811959,48.9402820940001],[-121.059652408,48.940770473],[-121.060113782,48.9409174730001],[-121.060781502,48.941009104],[-121.061122791,48.9410600680001],[-121.061358488,48.9410374670001],[-121.061876918,48.941658057],[-121.062336914,48.9415755160001],[-121.063750905,48.941611537],[-121.065701785,48.9417301560001],[-121.067549677,48.942104644],[-121.068206441,48.9424591530001],[-121.068552874,48.9428729380001],[-121.069041159,48.9430212010001],[-121.069105816,48.943744397],[-121.068820364,48.945150439],[-121.068443813,48.9453916590001],[-121.068433089,48.9454318850001],[-121.068399516,48.9455912830001],[-121.068359309,48.945719608],[-121.068314989,48.9458530270001],[-121.068257033,48.9460352350001],[-121.06821517,48.9461750140001],[-121.068190789,48.9462795680001],[-121.068119641,48.946429089],[-121.068108564,48.9465949940001],[-121.068029743,48.946701325],[-121.067986594,48.9468513140001],[-121.067888713,48.9471695140001],[-121.067867625,48.947387416],[-121.067994139,48.9477063100001],[-121.068187182,48.9479978960001],[-121.068453573,48.9484685290001],[-121.068703291,48.9489280350001],[-121.068724616,48.9490367560001],[-121.068733706,48.949038785],[-121.068756676,48.949122399],[-121.068803632,48.9492074080001],[-121.068906716,48.9493940400001],[-121.068926615,48.9496346670001],[-121.069015723,48.949972571],[-121.069021038,48.9502129520001],[-121.069106566,48.950454678],[-121.069178066,48.950681752],[-121.069407338,48.9507913200001],[-121.069604848,48.9509676380001],[-121.069870833,48.951260442],[-121.070121681,48.951567411],[-121.070213211,48.951842877],[-121.070429827,48.9520916020001],[-121.070619125,48.9522918100001],[-121.070757194,48.9524959670001],[-121.070953726,48.9527357040001],[-121.071051544,48.952863446],[-121.071209561,48.953004498],[-121.071555338,48.953121009],[-121.072021754,48.9532579900001],[-121.072366396,48.953525191],[-121.072643804,48.9538404780001],[-121.072699315,48.954096694],[-121.072758,48.954512902],[-121.072824103,48.954615507],[-121.072921574,48.954752469],[-121.072954532,48.954866822],[-121.073006769,48.954981767],[-121.073127526,48.955139785],[-121.073217045,48.9552332690001],[-121.073344027,48.955321247],[-121.07357196,48.9554477070001],[-121.07377056,48.955610472],[-121.073963428,48.955695919],[-121.074239731,48.9561439620001],[-121.074246677,48.9563576140001],[-121.074184709,48.956580139],[-121.074137072,48.9567275460001],[-121.074076123,48.9568244930001],[-121.074036594,48.9569594750001],[-121.074102156,48.9571389160001],[-121.074305824,48.9572980560001],[-121.074606377,48.957516587],[-121.074776027,48.9576676230001],[-121.074855928,48.957771945],[-121.074976314,48.957914621],[-121.075203481,48.9581570450001],[-121.075318701,48.9583348020001],[-121.075467364,48.9585357240001],[-121.075603677,48.958661083],[-121.075721843,48.9588614960001],[-121.07594733,48.9590486280001],[-121.076069846,48.959136076],[-121.076167125,48.959185426],[-121.076235796,48.959086095],[-121.07634562,48.9592059870001],[-121.076520833,48.9593118970001],[-121.076613721,48.959376245],[-121.07672712,48.959403255],[-121.076891764,48.9594863820001],[-121.077120201,48.959696169],[-121.077287113,48.9598195230001],[-121.077401336,48.959924416],[-121.077446019,48.9599527920001],[-121.077557297,48.960035028],[-121.077677904,48.960046608],[-121.077721143,48.9600904170001],[-121.077657378,48.9602100180001],[-121.077820774,48.960325778],[-121.077917721,48.960483132],[-121.078027119,48.960713539],[-121.078194956,48.960912265],[-121.078455594,48.961177847],[-121.078599739,48.961298309],[-121.078704555,48.9613502940001],[-121.078996453,48.9616649060001],[-121.079106397,48.961906153],[-121.079333065,48.962212143],[-121.079709562,48.9624970780001],[-121.079930049,48.962653818],[-121.080084258,48.9628290800001],[-121.080275562,48.962969635],[-121.080508621,48.9630494780001],[-121.081206282,48.9638216430001],[-121.082085392,48.9660931830001],[-121.082122653,48.966579208],[-121.082092582,48.9667599540001],[-121.08217136,48.9671575990001],[-121.082189411,48.9674640370001],[-121.08207372,48.9678745780001],[-121.082082077,48.968086305],[-121.082086017,48.9682943870001],[-121.082281874,48.968655997],[-121.082295652,48.9688356820001],[-121.08237836,48.9699144250001],[-121.08226384,48.9704089140001],[-121.082450877,48.970860197],[-121.082474477,48.9711679970001],[-121.082605569,48.971462957],[-121.082625869,48.9716439590001],[-121.0826373,48.9722617190001],[-121.082623011,48.972944845],[-121.082868511,48.973344207],[-121.083065693,48.9736781770001],[-121.08311,48.9748900000001],[-121.08294,48.97508],[-121.0826,48.9755000000001],[-121.08236,48.97587],[-121.082020001,48.9761300000001],[-121.081399999,48.9767000000001],[-121.08105,48.97709],[-121.081,48.9774800000001],[-121.08097,48.9778000000001],[-121.081,48.9780000000001],[-121.08106,48.9782300000001],[-121.08099,48.9786],[-121.0807,48.9789000000001],[-121.080270002,48.97934],[-121.07998,48.97981],[-121.079949999,48.98022],[-121.080070001,48.98049],[-121.08005,48.98074],[-121.079830002,48.9809100000001],[-121.079390001,48.98112],[-121.079019998,48.9814500000001],[-121.078973714,48.9814589580001],[-121.078943256,48.9814648540001],[-121.078872273,48.9814630500001],[-121.078312976,48.9815511100001],[-121.078228032,48.9815644830001],[-121.078177472,48.981526865],[-121.078032528,48.9815394570001],[-121.077939763,48.9815467240001],[-121.077858091,48.981552408],[-121.077634679,48.981682021],[-121.077538,48.98173811],[-121.07746271,48.9817817900001],[-121.077431506,48.981803449],[-121.077428612,48.9818046510001],[-121.077384534,48.981834205],[-121.077364235,48.981844306],[-121.0771,48.98195],[-121.07672,48.9821200000001],[-121.076149999,48.9823700000001],[-121.07545,48.98272],[-121.07503,48.9830400000001],[-121.07481,48.9832000000001],[-121.074480001,48.9833800000001],[-121.07408,48.9834300000001],[-121.073240001,48.98355],[-121.072669999,48.9836900000001],[-121.072448027,48.9839119740001],[-121.07224,48.9841200000001],[-121.072129362,48.984128916],[-121.071873858,48.984149507],[-121.070044906,48.9860980180001],[-121.070029142,48.9861443340001],[-121.070018368,48.986185231],[-121.070004539,48.9862293830001],[-121.070022292,48.9862802910001],[-121.070035564,48.98630632],[-121.070069636,48.986352955],[-121.070102128,48.9863850790001],[-121.070153924,48.986354184],[-121.070166216,48.986385183],[-121.070172077,48.9864263750001],[-121.070182909,48.9864529450001],[-121.070179975,48.9864919870001],[-121.0701966,48.9865336290001],[-121.070234487,48.986580841],[-121.07024602,48.986622878],[-121.070247986,48.9866532680001],[-121.070258736,48.9866896340001],[-121.070265881,48.986734819],[-121.070271131,48.986775836],[-121.07027615,48.986812682],[-121.070276512,48.9868501240001],[-121.070283438,48.9868955760001],[-121.07028222,48.9869355260001],[-121.070285855,48.9869755450001],[-121.070283919,48.9870036400001],[-121.070280733,48.9870362840001],[-121.070289521,48.987063139],[-121.070276569,48.987100045],[-121.070267904,48.987128103],[-121.070254797,48.9871584050001],[-121.070244153,48.987190781],[-121.070235718,48.987232068],[-121.070229533,48.987259529],[-121.070218953,48.987288031],[-121.070185757,48.9873304810001],[-121.070158726,48.987368485],[-121.070150504,48.9873964510001],[-121.070129092,48.9874480780001],[-121.070132419,48.987492794],[-121.070122507,48.9875395820001],[-121.070113169,48.9875676120001],[-121.070099482,48.9876131410001],[-121.070096003,48.987657723],[-121.07009209,48.9877013890001],[-121.070073402,48.9877384760001],[-121.070071466,48.987782419],[-121.070079617,48.987813332],[-121.070068046,48.9878516520001],[-121.070063319,48.9878858870001],[-121.070062723,48.9879214650001],[-121.070057743,48.9879573060001],[-121.070057509,48.987998131],[-121.070056545,48.9880279270001],[-121.070060528,48.9880638330001],[-121.070061008,48.988091389],[-121.070059375,48.9881255450001],[-121.070062237,48.9881612250001],[-121.070063032,48.988199165],[-121.070064216,48.9882549220001],[-121.070056641,48.9882911330001],[-121.070064291,48.988325149],[-121.070062715,48.9883602040001],[-121.070058427,48.9883929710001],[-121.070046537,48.9884241870001],[-121.070042566,48.988455705],[-121.070044838,48.988493029],[-121.070045492,48.988532187],[-121.070053548,48.9885662770001],[-121.070045477,48.9886035310001],[-121.0700523,48.9886343260001],[-121.07005601,48.988673383],[-121.070050949,48.988711886],[-121.070059445,48.988750489],[-121.070064865,48.9887816890001],[-121.07007228,48.9888154670001],[-121.070066259,48.9888462770001],[-121.07006133,48.9888764720001],[-121.070051796,48.9889373190001],[-121.070041361,48.989000366],[-121.070032722,48.9890391770001],[-121.070025402,48.9890683100001],[-121.070018091,48.9891004660001],[-121.070008118,48.9891321100001],[-121.069998022,48.9891608350001],[-121.06998354,48.989194465],[-121.06997212,48.989231547],[-121.069956758,48.989267678],[-121.069937717,48.9893030550001],[-121.069916639,48.989341994],[-121.069899355,48.9893770300001],[-121.069877762,48.9894127920001],[-121.069861166,48.989448183],[-121.069842079,48.989485136],[-121.069833725,48.9895194960001],[-121.069823364,48.9895550460001],[-121.06980149,48.9895918500001],[-121.069796678,48.989625027],[-121.069773988,48.989658709],[-121.069753764,48.9896919940001],[-121.069732681,48.9897305760001],[-121.069720353,48.989767504],[-121.069699638,48.9898030640001],[-121.069686733,48.989831574],[-121.069676745,48.989863314],[-121.069662463,48.9898918110001],[-121.069648189,48.9899292600001],[-121.069636141,48.9899589180001],[-121.06962142,48.989995531],[-121.069604338,48.9900279880001],[-121.069587985,48.9900662330001],[-121.069569203,48.9901028630001],[-121.069558896,48.9901434700001],[-121.069532973,48.9901753620001],[-121.069505941,48.9902133510001],[-121.069496692,48.9902542610001],[-121.069465108,48.99028436],[-121.069446184,48.9903220100001],[-121.069427274,48.990354251],[-121.069407349,48.99038496],[-121.069396024,48.990423176],[-121.069376798,48.990451986],[-121.069367772,48.9904800940001],[-121.069351001,48.990511482],[-121.069335323,48.9905424520001],[-121.069320387,48.9905758580001],[-121.069303545,48.990607433],[-121.069299375,48.9906425290001],[-121.069278772,48.99067667],[-121.069271682,48.990716149],[-121.069257457,48.9907532760001],[-121.069226817,48.990783879],[-121.069212512,48.9908195340001],[-121.069188854,48.9908541900001],[-121.069176955,48.9908835780001],[-121.069161488,48.9909143140001],[-121.069149775,48.9909452160001],[-121.069135296,48.990978355],[-121.069118386,48.9910050020001],[-121.069097241,48.9910371180001],[-121.069074012,48.9910729960001],[-121.069060253,48.9911124930001],[-121.069038838,48.991142428],[-121.069025965,48.9911735690001],[-121.069007216,48.9912053240001],[-121.068987256,48.9912439030001],[-121.06896532,48.9912763980001],[-121.068949137,48.9913048180001],[-121.068930234,48.991336195],[-121.068906113,48.9913664690001],[-121.068885165,48.991394465],[-121.068866192,48.9914250250001],[-121.06884337,48.991453273],[-121.06882031,48.9914802010001],[-121.068794369,48.9915116780001],[-121.06877047,48.991538172],[-121.068745045,48.9915650250001],[-121.068704972,48.9916114320001],[-121.068659416,48.9916584860001],[-121.068640388,48.9916852870001],[-121.068625023,48.9917124470001],[-121.068609381,48.9917398260001],[-121.068589581,48.991765844],[-121.068569674,48.991791447],[-121.06854739,48.9918169530001],[-121.068524392,48.991841922],[-121.068501006,48.991868971],[-121.068479226,48.9918961880001],[-121.06845717,48.9919244480001],[-121.068431349,48.99194957],[-121.068404738,48.9919772800001],[-121.068381613,48.9920020480001],[-121.068359532,48.992026335],[-121.068340103,48.9920598480001],[-121.068319317,48.9920877210001],[-121.068299794,48.9921157950001],[-121.06827886,48.9921426820001],[-121.068255845,48.9921683700001],[-121.068238214,48.9921934000001],[-121.068215202,48.9922248130001],[-121.068193763,48.9922507050001],[-121.068173723,48.99227539],[-121.068148167,48.9923031370001],[-121.068126796,48.9923275100001],[-121.06810401,48.9923554150001],[-121.068080055,48.992378348],[-121.068062097,48.992405567],[-121.068043157,48.9924333430001],[-121.068025474,48.9924615350001],[-121.068003183,48.9924872180001],[-121.067980136,48.9925128790001],[-121.067961015,48.9925393770001],[-121.067942138,48.9925678280001],[-121.067897406,48.9926157200001],[-121.067875408,48.992640845],[-121.067857663,48.99266621],[-121.067817289,48.992708706],[-121.067801189,48.9927342390001],[-121.067784677,48.992763283],[-121.067766355,48.9927892950001],[-121.06774603,48.9928162200001],[-121.067712588,48.99286139],[-121.067686106,48.9928879880001],[-121.067666047,48.992913689],[-121.067639883,48.9929595340001],[-121.067620345,48.9930003060001],[-121.067596748,48.9930424790001],[-121.06756393,48.993088087],[-121.067541508,48.993115684],[-121.067502283,48.9931701460001],[-121.067482437,48.9931971390001],[-121.06746551,48.993223722],[-121.067443386,48.9932518090001],[-121.067406324,48.993304966],[-121.067376444,48.993348068],[-121.067352337,48.9933873690001],[-121.067333463,48.9934224240001],[-121.067297914,48.993461951],[-121.067254549,48.9935022070001],[-121.067215663,48.993547371],[-121.06718592,48.9935866880001],[-121.067156072,48.9936314130001],[-121.067127385,48.9936746120001],[-121.067091758,48.9937101780001],[-121.067063375,48.9937486920001],[-121.067039726,48.9937728520001],[-121.067003344,48.993815952],[-121.066967178,48.993857017],[-121.066952635,48.9938835500001],[-121.066916428,48.9939260740001],[-121.066884579,48.993970183],[-121.06685777,48.9940075380001],[-121.066837716,48.9940417120001],[-121.066811986,48.994081743],[-121.066788031,48.994127307],[-121.066763062,48.9941593440001],[-121.066750767,48.9941944190001],[-121.066731322,48.9942437780001],[-121.066709819,48.9942971890001],[-121.066697187,48.9943435180001],[-121.06665236,48.9944051050001],[-121.066631481,48.994452521],[-121.066617831,48.994493596],[-121.066604385,48.9945295260001],[-121.066590788,48.994587236],[-121.066586421,48.994633164],[-121.066576601,48.9946804850001],[-121.066575216,48.9947334560001],[-121.066577215,48.994773738],[-121.066577034,48.9948070890001],[-121.066581307,48.9948372640001],[-121.06654329,48.9948567230001],[-121.066537316,48.994886003],[-121.066534633,48.9949155190001],[-121.066526271,48.9949510370001],[-121.066508709,48.9949827560001],[-121.066494292,48.99502038],[-121.066484368,48.9950647840001],[-121.066470824,48.995107225],[-121.066461137,48.99515531],[-121.066446308,48.9952059560001],[-121.066440359,48.995233521],[-121.066435517,48.995261756],[-121.066429128,48.995291636],[-121.066421633,48.9953210470001],[-121.066416406,48.9953503940001],[-121.066406846,48.995381509],[-121.066400022,48.9954110580001],[-121.066390827,48.9954415760001],[-121.066384132,48.9954702480001],[-121.066374739,48.995497691],[-121.066367153,48.995525768],[-121.066356609,48.9955555670001],[-121.066337975,48.9955894610001],[-121.066316256,48.9956211190001],[-121.066284508,48.9956528770001],[-121.066263964,48.99567992],[-121.066242312,48.995715278],[-121.066215223,48.9957450090001],[-121.066196202,48.9957694330001],[-121.066178362,48.9958003450001],[-121.066160387,48.9958310220001],[-121.066143155,48.995859673],[-121.06611875,48.995897889],[-121.066093223,48.9959306280001],[-121.06607679,48.9959624900001],[-121.066054811,48.995995646],[-121.066038573,48.9960300280001],[-121.066015254,48.996069812],[-121.065998254,48.9960978340001],[-121.065982514,48.9961340770001],[-121.065969451,48.9961669690001],[-121.065951654,48.9961923650001],[-121.065929506,48.996221645],[-121.06591324,48.9962560320001],[-121.065893876,48.9962890890001],[-121.065880928,48.996319],[-121.065861079,48.9963517640001],[-121.065849968,48.9963887170001],[-121.065832318,48.996423185],[-121.065805318,48.996451295],[-121.065789584,48.9964901290001],[-121.065773335,48.996526714],[-121.06575228,48.9965522570001],[-121.065732724,48.9965819600001],[-121.065714398,48.996614171],[-121.06570202,48.9966450150001],[-121.065682768,48.996676607],[-121.065672187,48.996709019],[-121.065653806,48.9967447180001],[-121.065638773,48.9967784990001],[-121.065623032,48.9968119420001],[-121.065608203,48.996845867],[-121.065594826,48.996879531],[-121.065574389,48.9969112030001],[-121.065559806,48.9969452870001],[-121.065541712,48.9969748520001],[-121.065523109,48.997006121],[-121.065506883,48.997039016],[-121.065488723,48.9970677700001],[-121.065467376,48.997097104],[-121.065454163,48.997125479],[-121.065443549,48.9971528020001],[-121.065432879,48.997181514],[-121.065419033,48.9972109080001],[-121.065397001,48.9972533750001],[-121.065382326,48.997287224],[-121.065370517,48.9973239060001],[-121.065357772,48.997353446],[-121.065342728,48.997383702],[-121.065319924,48.9974140730001],[-121.065205173,48.9976333120001],[-121.065182653,48.997666017],[-121.065170157,48.9976938120001],[-121.065164583,48.997707672],[-121.065164308,48.9977083570001],[-121.065158491,48.997722814],[-121.065144898,48.9977518470001],[-121.065120278,48.997800999],[-121.065104854,48.997849047],[-121.065096249,48.99787988],[-121.065071249,48.9979088530001],[-121.065040554,48.9979827780001],[-121.065019108,48.998033003],[-121.065003984,48.9980611240001],[-121.064968136,48.9981009570001],[-121.06471314,48.998535325],[-121.064695885,48.998574294],[-121.064681734,48.9986004720001],[-121.064656814,48.998648046],[-121.064336018,48.9988235050001],[-121.064048027,48.998938003],[-121.063946841,48.9990388840001],[-121.063581813,48.999402812],[-121.063469624,48.9995874510001],[-121.063391686,48.999816197],[-121.06327343745191,49.00016325429955],[-121.01950525904,49.0001263231412],[-121.014380478131,48.9961638745139],[-121.011394509502,48.9957038538281],[-121.01080616797,48.994051635808],[-121.01374658695,48.9882382161698],[-121.011906640703,48.9846645631906],[-121.012595571431,48.9831778460344],[-121.006972316858,48.9808184975473],[-121.00771977620013,48.977841793349256],[-121.007800232,48.9777409860001]]]}},{"type":"Feature","properties":{"hazard":"fire-perimeter","severity":"ELEVATED","tone":"elevated","fire_name":"Sisi","acres":4352.363051732318,"contained_pct":29.0,"irwin_id":"{DC4342D9-B479-44F1-906C-8ABD42E1F59C}","unit_code":"LACH","unit_name":"Lake Chelan National Recreation Area","acres_affected":2384.6},"geometry":{"type":"MultiPolygon","coordinates":[[[[-120.854629303626,48.3694595559305],[-120.854581467848,48.3694463470068],[-120.854576582991,48.3693178017319],[-120.85461747538,48.3692866951755],[-120.85463185202649,48.36923979540675],[-120.85469887407434,48.36945474484254],[-120.854629303626,48.3694595559305]]],[[[-120.854530878271,48.3691749718611],[-120.854445140137,48.3691984261671],[-120.854241283004,48.3691764108521],[-120.854165305136,48.3691490051573],[-120.854117433373,48.3691270886392],[-120.854117484835,48.3692182893533],[-120.854095959792,48.3692779620201],[-120.853939436955,48.3692781495797],[-120.853879273652,48.3692766803605],[-120.853832406029,48.3692372700386],[-120.85380089569,48.3692592139818],[-120.853748599556,48.3692579356124],[-120.853727398222,48.3692381425333],[-120.853682823216,48.3691965256046],[-120.853684046214,48.3691464296383],[-120.853491395444,48.3690710510805],[-120.853402362609,48.3691260642683],[-120.853295821401,48.3691234599617],[-120.853202428517,48.3690960947103],[-120.853147251588,48.3690445796074],[-120.853122335591,48.3690377002288],[-120.853091613601,48.3690118657135],[-120.853043469473,48.3689291702096],[-120.853039839594,48.3688943681965],[-120.852867792571,48.3688270497963],[-120.852869924741,48.3688546295751],[-120.852900901415,48.3692553890719],[-120.852910041372,48.3693024376827],[-120.852961365503,48.3695666438071],[-120.852936902882,48.3695722890571],[-120.852904029068,48.3696380360489],[-120.852756320067,48.3697791985678],[-120.852717627067,48.3697791994374],[-120.852696627731,48.3698090887634],[-120.852673658883,48.3698523491462],[-120.852668637977,48.3698785204275],[-120.852650691307,48.3698956104478],[-120.852615226954,48.3699122716696],[-120.852593006022,48.3699248758647],[-120.852578305001,48.3699332153873],[-120.852585373656,48.369955601415],[-120.852481652378,48.3700333916825],[-120.852416826346,48.3700917344248],[-120.85231958752,48.3701695268465],[-120.852254762175,48.3701824914186],[-120.852170487483,48.3701954570741],[-120.852235313393,48.370266766159],[-120.852170488128,48.3703251087768],[-120.852079730036,48.3703315921493],[-120.852021387552,48.3703640048711],[-120.851942134001,48.3703696656373],[-120.851922859489,48.3704205166572],[-120.85183815487,48.3704436878213],[-120.851756389318,48.3704613219818],[-120.851733691898,48.3704719853807],[-120.851727400207,48.3704998783642],[-120.85172083658,48.3705389823529],[-120.851720219287,48.3705642083633],[-120.851716868079,48.370586564432],[-120.851705246037,48.3706031075573],[-120.851673865607,48.3706247780278],[-120.851665250709,48.3706329810104],[-120.851656225157,48.3706580013484],[-120.851644603041,48.3706745453659],[-120.851587721789,48.3707068106196],[-120.851509513668,48.370693681679],[-120.85146733242,48.370698259585],[-120.851441626239,48.3707172639292],[-120.851432873943,48.3707310723701],[-120.851421183719,48.3707504195639],[-120.851412363355,48.3707670321024],[-120.85140368041,48.3707780373655],[-120.851383853919,48.370785967861],[-120.851327795295,48.3707845974008],[-120.851291563143,48.3707752973364],[-120.851274197043,48.3707973114389],[-120.851268179899,48.3708139907423],[-120.851251019246,48.3708275943666],[-120.851222648436,48.3708409246329],[-120.851155240848,48.3708448870812],[-120.851051188895,48.3708563666751],[-120.850992327043,48.3708549265709],[-120.850953497034,48.3708371518403],[-120.850939550423,48.3708340057508],[-120.850879866665,48.3708662029851],[-120.850826404325,48.3708733104122],[-120.850797417011,48.3709118656952],[-120.850746825911,48.3709162375726],[-120.850676546854,48.3709229361475],[-120.850640452165,48.3709080304041],[-120.850598612264,48.3708985938147],[-120.850568533686,48.3708670078604],[-120.850557196807,48.3707931257178],[-120.850481159454,48.3708041639249],[-120.85042640399,48.3708081159191],[-120.850431942838,48.3708328190896],[-120.850437206253,48.3708469704271],[-120.850436659051,48.3708693941704],[-120.850427291214,48.370908428573],[-120.850387639219,48.3709242883438],[-120.850292132655,48.3709303684359],[-120.849949403814,48.3709010446351],[-120.849690033454,48.3708673178629],[-120.849418314699,48.3707785099663],[-120.849186150873,48.3707522943938],[-120.848983197212,48.3706514726428],[-120.848932523205,48.3706164733954],[-120.848787924563,48.3705166034156],[-120.84874360059,48.3705188000284],[-120.848690694519,48.3705997715623],[-120.848423911225,48.3706912326352],[-120.848146377646,48.3708216240683],[-120.847968921637,48.370866277044],[-120.847762805571,48.3708808361671],[-120.847606368408,48.370867214797],[-120.847549529348,48.3707874412261],[-120.847511317593,48.370747314901],[-120.847463792351,48.3706873649252],[-120.847416268606,48.370627414057],[-120.847466388871,48.3705638808927],[-120.847457758617,48.370554818271],[-120.847407749896,48.3705391993829],[-120.847310227386,48.3705562358126],[-120.847233804615,48.370475983898],[-120.847245510844,48.3703978847626],[-120.847282265827,48.3703753569914],[-120.847279986722,48.3703267709514],[-120.84734653514,48.3703220713076],[-120.847369721822,48.3702353606762],[-120.847357126385,48.3702182098839],[-120.847359365139,48.3701718425884],[-120.847304985062,48.3701174586369],[-120.847284273709,48.3700988099004],[-120.847272547072,48.3701056973742],[-120.847210374542,48.3701272940341],[-120.847181698815,48.3701445728312],[-120.847140187582,48.3701615384403],[-120.847098866087,48.3701708022604],[-120.847082890503,48.370164097053],[-120.847025554899,48.3701769505779],[-120.846996178276,48.3701762341122],[-120.846988300461,48.3700976558577],[-120.846968954911,48.3700873848715],[-120.846861239688,48.3700847526241],[-120.846812278845,48.3700835560445],[-120.846775364964,48.3700887850938],[-120.846799731335,48.3701564551186],[-120.846573519021,48.3702458266174],[-120.846413217537,48.3702570242024],[-120.846433711573,48.3703388528844],[-120.846374342591,48.3703978486789],[-120.84656341825,48.3704263761342],[-120.846612421869,48.3704337691914],[-120.846854469252,48.3705241083712],[-120.847109203546,48.3705912815687],[-120.847169931829,48.3707170767131],[-120.847267611643,48.3707814981029],[-120.847310975539,48.370842360866],[-120.847301132356,48.3709393002282],[-120.847292199998,48.3709988843723],[-120.847268119697,48.37102508461],[-120.847290720139,48.3710436481455],[-120.847317389492,48.3711085125999],[-120.847316133343,48.3711598522203],[-120.847296973531,48.3712081862681],[-120.847278251452,48.3712385500153],[-120.847264537597,48.371274173791],[-120.847243500314,48.3712942084274],[-120.847225343238,48.3713014703672],[-120.847159335255,48.3712998567298],[-120.847157708491,48.3713020873068],[-120.847119623716,48.3713310574322],[-120.847073521212,48.3713822583275],[-120.846990246086,48.3714250749989],[-120.84686196191,48.3714742674354],[-120.846816040477,48.3715179966252],[-120.846786741253,48.3715252235135],[-120.846757644989,48.3715973979195],[-120.846656454053,48.3716325496399],[-120.846562448287,48.3716302521229],[-120.846493511153,48.371628567956],[-120.84646874848,48.3716154206611],[-120.846400423335,48.3715886678039],[-120.846350593389,48.3715749088607],[-120.846275105812,48.3715444759332],[-120.846269387954,48.3715569651236],[-120.846202896669,48.3716585927041],[-120.846157313796,48.3716605146181],[-120.846027513211,48.3716659866226],[-120.845986341907,48.3716695449445],[-120.845882792145,48.3716784956227],[-120.845877685531,48.3717018101516],[-120.845752564281,48.3717308579682],[-120.845664226321,48.3717327129011],[-120.845632727629,48.3717078632468],[-120.845589391235,48.3716746968929],[-120.845549870021,48.3716496519254],[-120.845486088452,48.3716320403756],[-120.845454196374,48.3716232336634],[-120.845393250191,48.3716197758243],[-120.845338789499,48.3716491547175],[-120.845175363688,48.371645161216],[-120.845070305533,48.3716425932881],[-120.845024752918,48.3715947591047],[-120.844945608426,48.3714877028623],[-120.844910873101,48.3714751735965],[-120.844806098802,48.3714609330914],[-120.844713283773,48.3714353037676],[-120.844702751773,48.3713883255724],[-120.844726093064,48.3713276899737],[-120.84453874712,48.3713119033798],[-120.844513728971,48.3713090114442],[-120.844505731481,48.3713251089411],[-120.844447080644,48.3713353560925],[-120.844271981662,48.3713310768058],[-120.84426992526,48.3713296319701],[-120.844215913646,48.3713842787998],[-120.84418294457,48.3714195934188],[-120.844102628257,48.3714216443202],[-120.844053320596,48.3714685983594],[-120.844035513348,48.3715404016151],[-120.844022696249,48.3715721945595],[-120.843997847251,48.3716036953368],[-120.843900996436,48.3716254065997],[-120.843853866597,48.3716917348828],[-120.844082635988,48.3717872662103],[-120.844188472468,48.371831461452],[-120.84435225082,48.3720155043282],[-120.844404093452,48.3720737622436],[-120.844456731697,48.3721329131891],[-120.844597402275,48.3722046981543],[-120.8446731385,48.3722433460181],[-120.84467534469,48.3722434512499],[-120.844682922123,48.3722307801563],[-120.844883334523,48.3722279718436],[-120.844957776398,48.3722297916263],[-120.844979597429,48.3722555820697],[-120.84506960837,48.3722599275895],[-120.845106340669,48.3723230206079],[-120.84510922301,48.3723664814049],[-120.845109835815,48.3723757331602],[-120.845108783591,48.372418764831],[-120.845108110332,48.3724463254732],[-120.845107030714,48.3724904857968],[-120.845112397208,48.3725440062872],[-120.845140078913,48.3725476048077],[-120.845140513426,48.3726349447618],[-120.845140199822,48.3726477798932],[-120.845112695563,48.3726502453085],[-120.845112621221,48.3726532859171],[-120.84509675758,48.3727150928047],[-120.845068987957,48.3727463312386],[-120.845042643182,48.3727759660486],[-120.845013370637,48.3727991713685],[-120.844936517546,48.3728116464027],[-120.844855001602,48.372819222218],[-120.844831744627,48.3728192821003],[-120.844799142627,48.3728741963843],[-120.844682299764,48.3729822491112],[-120.844682979407,48.3730063873251],[-120.844663898923,48.3730625842979],[-120.844671605505,48.37310106822],[-120.844658200296,48.3731569270941],[-120.844633155376,48.3731964481608],[-120.844626860034,48.3731981332325],[-120.844654354814,48.3732755038752],[-120.844707310071,48.3733143248376],[-120.844839324589,48.3734111029111],[-120.844919726567,48.3734700451715],[-120.845043436086,48.3734697839839],[-120.845058283233,48.3733962039331],[-120.845152597056,48.3733576587076],[-120.845179096225,48.3733468294128],[-120.84534233265,48.3733102332279],[-120.845342521569,48.373302558436],[-120.845356108449,48.3732720681969],[-120.845417840506,48.3732684400692],[-120.845418948787,48.3732704339516],[-120.845422028055,48.3732679004117],[-120.845510953659,48.3732419797777],[-120.845630888769,48.3732609654365],[-120.84566248749,48.3732818032415],[-120.84566286639,48.3732822008246],[-120.845712793256,48.3732859226384],[-120.845713074357,48.3733271951124],[-120.845769123701,48.3733482399151],[-120.845780596071,48.3733492241041],[-120.845788399758,48.3733554767887],[-120.845794254444,48.373360168812],[-120.845833497573,48.3733916127818],[-120.845850400537,48.3734356906914],[-120.845838626786,48.3734970470421],[-120.845817149752,48.3735350498668],[-120.845785116457,48.3735422315834],[-120.845780354669,48.3735495615872],[-120.845751200578,48.373592996235],[-120.845742100296,48.3736369199245],[-120.845741315991,48.3736690068457],[-120.845716563411,48.3736964951772],[-120.845700227224,48.373708135806],[-120.845658549458,48.3737713297025],[-120.845655830251,48.3737759546781],[-120.845658609708,48.3738214172301],[-120.845655728969,48.3738341889711],[-120.845621416595,48.3738718784172],[-120.84561905841583,48.37387752971534],[-120.84478733519013,48.374271853331216],[-120.844745110966,48.3742340892975],[-120.8446612407582,48.37433163525242],[-120.84436310817738,48.3744729812118],[-120.844209801011,48.374504435677],[-120.844028044061,48.3745817513985],[-120.843925706035,48.3745754545636],[-120.843923444024,48.3745777874504],[-120.843875588984,48.3745850318815],[-120.843811189996,48.3745806528316],[-120.84377242819,48.3745600733928],[-120.843744398187,48.3745593894537],[-120.843654772712,48.3745543933349],[-120.843578817887,48.3745637559377],[-120.843550586012,48.3745760333349],[-120.843389992894,48.3748046204467],[-120.843345356098,48.3748886939282],[-120.843190901218,48.3749360175756],[-120.842892631958,48.3750678087317],[-120.842793107793,48.3752063515915],[-120.842498316129,48.3752554260269],[-120.842291918465,48.3752181085424],[-120.84216134178,48.375194499338],[-120.842089121902,48.3752101698018],[-120.842098760456,48.3752883657219],[-120.842085235012,48.3753162888879],[-120.841964657491,48.3753240086972],[-120.84203502465,48.3753630883565],[-120.842054514677,48.3754831700268],[-120.842046598306,48.3754944390974],[-120.842084646872,48.3754979971571],[-120.842086893841,48.3755702906721],[-120.842046294733,48.3755893652487],[-120.841986033056,48.375591906198],[-120.841945923995,48.3755909249647],[-120.84178930245,48.3755951241058],[-120.841729138787,48.3755936539457],[-120.841713096492,48.375593261983],[-120.841673407646,48.3755246015408],[-120.841640197566,48.3755154316443],[-120.841549197363,48.375532625223],[-120.841467287075,48.3755481008122],[-120.841385713497,48.3755684187349],[-120.841181345171,48.3756193229997],[-120.840999028963,48.375640118345],[-120.840981959838,48.3756540397674],[-120.841059297931,48.3756927065627],[-120.84101391981,48.3757964298177],[-120.840949093349,48.3758482907249],[-120.840871302147,48.3758742207617],[-120.840871302722,48.3759390466191],[-120.840767580503,48.3759325644387],[-120.840709237365,48.3759001518814],[-120.840637928857,48.3759001516847],[-120.840605515845,48.3758612557436],[-120.840566619892,48.3757769814228],[-120.840514760108,48.3757121561234],[-120.840417519118,48.3756602948758],[-120.840326763777,48.3757121561479],[-120.8403397283,48.3757899468218],[-120.840397536009,48.3758566455817],[-120.840450297889,48.3758397281274],[-120.840502592433,48.3758410052952],[-120.840532605487,48.3758975530693],[-120.840514151693,48.3759389613917],[-120.84046742584,48.3759523204132],[-120.840501793661,48.376003872774],[-120.840456415672,48.3761011114279],[-120.840351505403,48.3761908430286],[-120.840389100194,48.3764015236227],[-120.840177659974,48.3764330605855],[-120.840092710932,48.3764833104342],[-120.84002936209,48.3765061803522],[-120.8399314905,48.3765142534463],[-120.839889863112,48.376516071742],[-120.839813120508,48.3765194230402],[-120.839792623848,48.3765659375507],[-120.839749006668,48.37658879289],[-120.83972681682,48.3765904661213],[-120.839663958596,48.3766749318578],[-120.839590683234,48.376717287739],[-120.839446388338,48.3767097479156],[-120.839440227565,48.3766822703502],[-120.839362649917,48.37668763456],[-120.839360892516,48.3765952861153],[-120.839429238598,48.3765939862095],[-120.839471509465,48.3764885631834],[-120.839319487047,48.3764724843925],[-120.8392680751,48.3764957077394],[-120.839213550994,48.3764993240603],[-120.839185295952,48.3765548753698],[-120.839080815315,48.376560348384],[-120.83902466429,48.3765589756083],[-120.83898915358,48.3765340280625],[-120.838973502675,48.3765175918151],[-120.838917348965,48.376516219836],[-120.838852881248,48.3765266841389],[-120.838812379733,48.3765417483968],[-120.838784106375,48.3765490834078],[-120.838759551855,48.3765685501415],[-120.838742626259,48.3766042555961],[-120.838730298477,48.3766159948668],[-120.838689993439,48.3766230362455],[-120.838633842324,48.3766216641771],[-120.8385380701,48.3765992565589],[-120.838538951964,48.3765631578023],[-120.838543943056,48.3765231468613],[-120.838545511474,48.3764589731049],[-120.838550109424,48.3764354523009],[-120.83841841414,48.3764630630922],[-120.838332468564,48.3764950274092],[-120.838331844882,48.3765205627398],[-120.838340327465,48.3765804492533],[-120.838346371076,48.3766231148913],[-120.838352802667,48.3767084370241],[-120.838336443689,48.3767355075244],[-120.838317300571,48.3767671854096],[-120.83829072598,48.3768091173229],[-120.838255225089,48.3768678657116],[-120.838210818897,48.3769161816116],[-120.838286652878,48.3769335981607],[-120.838196101395,48.3769782448215],[-120.837936957217,48.3773455263207],[-120.837892113225,48.3774381115836],[-120.837788935217,48.3774781739089],[-120.837592549499,48.3774989233651],[-120.83746827502,48.3774766815876],[-120.837377686073,48.3775280686102],[-120.83675311745,48.377582053972],[-120.836669052424,48.3776215499123],[-120.836216365195,48.3776104866852],[-120.836131690162,48.3776846501131],[-120.835934889093,48.377722421795],[-120.835815521173,48.3777280210691],[-120.835697502351,48.3777128896402],[-120.835569315123,48.3776964546303],[-120.835476712672,48.3776056928299],[-120.835450643098,48.3776056223037],[-120.835331752283,48.3776053592885],[-120.835330263638,48.3777970889399],[-120.835228422244,48.3778588118451],[-120.835140279776,48.3778526448764],[-120.835091210522,48.3778617297528],[-120.835126363542,48.3779095412147],[-120.835028044533,48.3779279513648],[-120.835033056479,48.3779704232077],[-120.83500028185,48.3779977159288],[-120.834940021032,48.3780002559099],[-120.834915171328,48.3780317547136],[-120.834846789627,48.3780381113772],[-120.83483074661,48.3780377193427],[-120.834746320602,48.3780436820861],[-120.834730767839,48.3780232351936],[-120.834731890131,48.3779773005961],[-120.83456404828,48.3779825148843],[-120.834533430433,48.3780855913204],[-120.83435616962,48.3781302963253],[-120.834412134628,48.3782522331692],[-120.834390706609,48.3783078947802],[-120.834285149105,48.3783574877323],[-120.834232908643,48.3783602251773],[-120.834144766844,48.3783540565613],[-120.834068419981,48.3783368381629],[-120.834043079761,48.3783575064359],[-120.833955705406,48.3783698830575],[-120.833882841094,48.3783802044197],[-120.833776121934,48.3783909029031],[-120.833655130104,48.3784411744485],[-120.833539460608,48.3785732771031],[-120.833630127114,48.3786770240426],[-120.833392154107,48.3787661472598],[-120.833269079582,48.3786988792593],[-120.833260512733,48.3787062927073],[-120.833149969319,48.3787689978772],[-120.833056965406,48.378783077107],[-120.83304893352,48.3787818982601],[-120.833045364554,48.3789279136695],[-120.832857636924,48.3789919118831],[-120.832712427701,48.3789197769631],[-120.832667296446,48.3787619038455],[-120.832665318961,48.3787583153242],[-120.832476073573,48.3787761684257],[-120.832443586858,48.3789537889649],[-120.832197810648,48.3789477821789],[-120.832096343931,48.3789954528346],[-120.832091026301,48.3790041402921],[-120.831806904845,48.3789740103864],[-120.831410212862,48.3790530271344],[-120.831272626036,48.379088304066],[-120.831119435925,48.3791118131358],[-120.830993614927,48.3791305396937],[-120.830938610616,48.3791509977674],[-120.830764030842,48.3791576305717],[-120.830644323733,48.3791492560106],[-120.830546537935,48.3791359648558],[-120.8304213829,48.3791274557936],[-120.830367817384,48.3791092683536],[-120.830231372456,48.3791154429804],[-120.830079475227,48.3791306714107],[-120.829894798167,48.3791308915986],[-120.829672031498,48.3791396535951],[-120.829261358468,48.3790870009435],[-120.828950180293,48.3790320432976],[-120.828756501184,48.3790131046023],[-120.828625981104,48.3789983668911],[-120.828618945506,48.3789919943839],[-120.828419494193,48.3789604236205],[-120.828231472942,48.378773948723],[-120.827892713338,48.3786265845958],[-120.827777449133,48.3785274798363],[-120.827607677506,48.3784698370381],[-120.827373490801,48.3784213176532],[-120.827184424114,48.3782776144393],[-120.827179295073,48.378216157413],[-120.827117794696,48.3782288575702],[-120.826969850196,48.3781858033718],[-120.826883436764,48.3781354866604],[-120.826826715339,48.3781253364325],[-120.826708787721,48.3781093076511],[-120.826601544581,48.3780146594112],[-120.826545573849,48.3779738521693],[-120.826471655626,48.3779501344393],[-120.826437902535,48.3778967234154],[-120.826448363505,48.3778359443074],[-120.826148670929,48.377896957809],[-120.825914254345,48.3780251300274],[-120.825788929286,48.3780560408738],[-120.825331254057,48.3778740707643],[-120.824862772029,48.3778264956632],[-120.824801276458,48.3778295423152],[-120.824543077557,48.3779379688731],[-120.824071622023,48.3780627100342],[-120.823320746356,48.3781210074258],[-120.822916965948,48.3782644356027],[-120.822515682642,48.3783057276335],[-120.822070802118,48.3783885368072],[-120.821488490263,48.3785190845771],[-120.821138690314,48.378544603046],[-120.820097388063,48.3786383843471],[-120.819789232867,48.3785532946185],[-120.819486279137,48.3785388374367],[-120.819249842643,48.3785256597919],[-120.819095519484,48.3785122224191],[-120.819081531393,48.37859211995],[-120.818706663366,48.3785578387427],[-120.818679772596,48.3784721570117],[-120.818496891514,48.3784554680167],[-120.818385556023,48.3784491505198],[-120.818267849126,48.3784424709051],[-120.818142146549,48.3784393985585],[-120.817987228187,48.3784208154111],[-120.817780911129,48.3783861789246],[-120.817670178178,48.3783760725849],[-120.817610570892,48.3783186071292],[-120.81758936605,48.3783170764306],[-120.817318971228,48.3782878756492],[-120.817289917369,48.3783155425877],[-120.817185243994,48.3783164735846],[-120.817101573811,48.3783144291745],[-120.817011612246,48.378284323986],[-120.816976717666,48.3782543202899],[-120.816598246352,48.3782206007958],[-120.816565425697,48.3782139772905],[-120.816556273036,48.3782173817546],[-120.816462059983,48.3782185673884],[-120.816406108592,48.3782241774008],[-120.816326094894,48.3782152451014],[-120.81625773295,48.3781577611467],[-120.816255343987,48.378152674562],[-120.81603527235,48.3781157304316],[-120.815903169426,48.3781512748926],[-120.815749312927,48.378202020921],[-120.815542050575,48.3782078568496],[-120.815461805173,48.3781459386136],[-120.815413045639,48.3781338466063],[-120.815299452127,48.3780983668729],[-120.815217874611,48.378090922844],[-120.81499673276,48.3782152753934],[-120.814636373242,48.3781538236156],[-120.814546783219,48.3779881693684],[-120.814539093239,48.3779871243854],[-120.814441440282,48.377968386718],[-120.814333293005,48.3779330401251],[-120.813999894855,48.3779779140052],[-120.813929643428,48.3777980358651],[-120.81379033123,48.3777544908344],[-120.81358136849,48.3775636464299],[-120.813137323172,48.3774768979056],[-120.812876120503,48.3773554495697],[-120.81211863119,48.3771646027344],[-120.812000668168,48.3771422159155],[-120.811877953486,48.3771189278977],[-120.811790551233,48.3771655490968],[-120.811752648634,48.3771870486268],[-120.811714746003,48.3772085481438],[-120.811603047683,48.3771908678848],[-120.811568696723,48.3771799310799],[-120.811413382301,48.3772513518944],[-120.810957020472,48.3771755703158],[-120.810930089407,48.3772841632445],[-120.810927082716,48.3774002961233],[-120.810961783631,48.37742467464],[-120.810998249528,48.3775090433538],[-120.811031662348,48.3775869154269],[-120.811017966363,48.3776218973765],[-120.810978362764,48.3776658783671],[-120.810963956379,48.3776708828786],[-120.810914896585,48.3777133396328],[-120.810857421251,48.3777558296034],[-120.810794138331,48.3777793667119],[-120.810711748186,48.3778149779703],[-120.810597410273,48.3778748919048],[-120.810550166916,48.3778737368936],[-120.810539147215,48.3779023627216],[-120.810522711867,48.3779180147117],[-120.810439285402,48.377915976385],[-120.810407276675,48.3779119830083],[-120.810346389255,48.3779072840813],[-120.810307962549,48.3779031351792],[-120.810244414651,48.3778758957359],[-120.810210139374,48.3778333198503],[-120.810189724583,48.3778010156608],[-120.810107633029,48.3778044774067],[-120.809590737407,48.3778262710692],[-120.808671280573,48.3778650320871],[-120.807821419367,48.3777348977054],[-120.807718291803,48.3777191063509],[-120.807659231059,48.3776701342106],[-120.807574698482,48.3775519725465],[-120.807464281022,48.3774404234019],[-120.807436021477,48.3774029297183],[-120.807122802751,48.3772446372584],[-120.807060465564,48.3771700426118],[-120.807019521736,48.3771368317059],[-120.806971157427,48.3770976003929],[-120.806768183137,48.3769329554256],[-120.806590899736,48.3768690055724],[-120.806587368272,48.3768674923362],[-120.806380194948,48.3767786917369],[-120.806098485299,48.3768058735586],[-120.805951221118,48.3769559093221],[-120.805864901639,48.377043854495],[-120.805751134711,48.3770873795266],[-120.805651941907,48.3770661532025],[-120.805555308135,48.3771096081964],[-120.805472261412,48.3770676467976],[-120.80530461927,48.3769829393813],[-120.805301507617,48.3769808663839],[-120.805195039834,48.3769099253353],[-120.80510538184,48.3769928792658],[-120.804972207991,48.3769896237958],[-120.804775979513,48.3770005049861],[-120.80467452406,48.3769823486099],[-120.804668603453,48.376903819041],[-120.804693636768,48.3768417229682],[-120.804710453424,48.3767951038521],[-120.804790601277,48.3767518683974],[-120.804756915986,48.3767175518041],[-120.804834592595,48.3765640927985],[-120.804793810541,48.3765081685268],[-120.804690486999,48.3764724901169],[-120.804540777922,48.3764745877104],[-120.804386695912,48.3764767455728],[-120.804270248469,48.3764622200379],[-120.80427004871,48.3764616835795],[-120.804204488505,48.3764600808302],[-120.804198541134,48.3764406724126],[-120.804124896487,48.3764324506368],[-120.804122394587,48.3764034943223],[-120.804129204127,48.376387607243],[-120.804139379076,48.3763653819014],[-120.804168963107,48.3763372092318],[-120.804173190759,48.3762955736692],[-120.804173426604,48.3762859482911],[-120.804196201108,48.3762736617971],[-120.804228209674,48.376270686648],[-120.804228406239,48.3762626332594],[-120.80425289435,48.3762165106874],[-120.804381298425,48.3762196489363],[-120.80447618796,48.3762219681181],[-120.804474189685,48.3762129146044],[-120.804738353005,48.3761727479117],[-120.804828792654,48.3760042460251],[-120.804678265707,48.3760166616553],[-120.804527654678,48.3759662603663],[-120.804441835214,48.3759284452379],[-120.804412844723,48.3759482608594],[-120.804396017811,48.3759799558093],[-120.804379268142,48.376008441971],[-120.804350153417,48.3760173620925],[-120.804305232301,48.3760162650413],[-120.80427314529,48.3760154796135],[-120.804261330602,48.3759734531505],[-120.804261799591,48.3759542014418],[-120.804236366128,48.3759439473576],[-120.804201305447,48.3759334590507],[-120.80419246316,48.3759011363151],[-120.804138385429,48.3758805506024],[-120.804131071552,48.3758756414349],[-120.804109129148,48.3758859499891],[-120.803910683373,48.3758811004358],[-120.80380590981,48.375866860347],[-120.803689462628,48.3758523333213],[-120.803685159799,48.3758469058031],[-120.803667094607,48.375852978587],[-120.80365426059,48.3758526659801],[-120.803593450824,48.3758447582822],[-120.803610043587,48.3758226888578],[-120.80364462696,48.3757957769685],[-120.80363280739,48.3757808666112],[-120.803600069528,48.3756866245996],[-120.803578435625,48.3756160148177],[-120.803558342772,48.3755913786267],[-120.803510393342,48.3755325907782],[-120.803430391364,48.375460553848],[-120.803302271485,48.3754457431723],[-120.803115783477,48.3754295050634],[-120.803045744317,48.3754277926855],[-120.802989873028,48.3754143844516],[-120.802968005398,48.3754249317479],[-120.802895844415,48.3754873812639],[-120.802787139889,48.3754686717189],[-120.802707392728,48.3754474589881],[-120.80260792183,48.3754450283008],[-120.802566915238,48.3754151301137],[-120.802560245474,48.3754072478264],[-120.80251437662,48.3753945820392],[-120.802455023664,48.3753849119979],[-120.802454275255,48.3753314686179],[-120.802457082204,48.3753007152672],[-120.80245948706,48.3752863897266],[-120.802480273078,48.3752766244224],[-120.802507321568,48.3752629020814],[-120.802510953499,48.3752614491322],[-120.802547242427,48.3752268909083],[-120.802598682912,48.3752240383204],[-120.802678922899,48.3752198348803],[-120.802689516639,48.3752362631645],[-120.802701160469,48.3752347617614],[-120.802728499605,48.3752354299162],[-120.802744811628,48.3752300498683],[-120.802770717046,48.3752253101911],[-120.80277043552,48.3752225012316],[-120.802808023469,48.3751182966183],[-120.802857093358,48.3751086442945],[-120.802860654401,48.3750470650593],[-120.80290675668,48.3750080587789],[-120.802957628167,48.3749792017597],[-120.802992968217,48.3749700329377],[-120.80302317252,48.3749657541262],[-120.803088471605,48.3749623338366],[-120.803128090517,48.3749833681128],[-120.803166362099,48.3750595530021],[-120.803169895455,48.375063056599],[-120.803229972725,48.3750585278652],[-120.803251748522,48.3750598678886],[-120.803473751924,48.3748881318493],[-120.803464226164,48.3748294660934],[-120.80342293711,48.3745751684197],[-120.803180629191,48.3746890088803],[-120.802816208233,48.3748633820806],[-120.802637606017,48.3747624612589],[-120.80229615214,48.3746508134179],[-120.80234397082,48.3745189998982],[-120.802231333436,48.3744256084565],[-120.802038125012,48.3742390890561],[-120.802231872072,48.3742658767317],[-120.802223265874,48.3741929469095],[-120.802282203076,48.3741710265606],[-120.802352813508,48.3741493931541],[-120.802379457333,48.3741522704568],[-120.802391863261,48.3741125493224],[-120.802457162632,48.3741091294008],[-120.802527353818,48.3741108441505],[-120.802542026401,48.3741262527185],[-120.802598966277,48.3741506592907],[-120.802608469942,48.374142745063],[-120.802675322754,48.3741059069764],[-120.802770334946,48.3740535520059],[-120.802838087792,48.3740422313707],[-120.8030476278,48.374007219577],[-120.803047387266,48.3740059994367],[-120.802984574553,48.3738895610424],[-120.802784505607,48.3738998876551],[-120.802602376715,48.3738299897803],[-120.802550544757,48.373810097627],[-120.8024595989,48.3737459259933],[-120.802280740759,48.3738007279969],[-120.802220721684,48.3738191177926],[-120.80205558442,48.3738851629779],[-120.801859135502,48.3737985996961],[-120.801867774912,48.3737503265927],[-120.801846440956,48.3737600957079],[-120.801798309805,48.3737589201106],[-120.801776477063,48.3737327009874],[-120.801783443093,48.3737103974059],[-120.801780391263,48.3737039014466],[-120.801735469572,48.373702803371],[-120.801664877,48.3737010777625],[-120.801632790082,48.3737002933923],[-120.801610328566,48.3736997443151],[-120.801597965131,48.3736801779988],[-120.801589358445,48.3736382296606],[-120.801589907169,48.3736157692141],[-120.801619256032,48.373597221682],[-120.801639056845,48.3735752318597],[-120.801659486536,48.3735275710573],[-120.801669269454,48.3735213888408],[-120.801701512456,48.3735157556603],[-120.801739860429,48.3735231144172],[-120.801792281602,48.3735044752601],[-120.801704554515,48.3734327347788],[-120.801554228486,48.3733706599883],[-120.801321903994,48.3733182612076],[-120.801100112675,48.3733128407154],[-120.800948929897,48.3732857863148],[-120.800822521212,48.373200934026],[-120.80068301343,48.3731741637353],[-120.800519872615,48.3731584965672],[-120.800378651366,48.3732017673767],[-120.800361325853,48.3732182655508],[-120.800399550414,48.3732564950841],[-120.800484191215,48.3733212720549],[-120.800498901606,48.373360824264],[-120.800512463123,48.3734473783672],[-120.800511122463,48.3735022151063],[-120.800486855391,48.3735329763217],[-120.800415968667,48.3735469204415],[-120.800337438405,48.3735528402057],[-120.800298078778,48.3735597161661],[-120.800227575461,48.3735579931804],[-120.800151342363,48.3734699072185],[-120.800148582459,48.3734647897987],[-120.800115278854,48.3734639763297],[-120.799976055111,48.3734255320261],[-120.799965807763,48.3733668809364],[-120.799896338915,48.3733418221551],[-120.799767934193,48.3733386842488],[-120.799731773032,48.3733845213598],[-120.799580020518,48.373380813237],[-120.799538650765,48.3733440366021],[-120.799392995491,48.3733886654339],[-120.799249690551,48.3734792247712],[-120.799221089678,48.3734785262382],[-120.799213457659,48.3734974582037],[-120.799186410572,48.3735111806992],[-120.799106570771,48.3734989547477],[-120.799067652761,48.3734938947255],[-120.799043211557,48.3734850782564],[-120.799021324222,48.3734557759568],[-120.799021927673,48.3734311329023],[-120.799024732536,48.3734003786791],[-120.799032199197,48.3733471365724],[-120.799059899071,48.3733067170019],[-120.799093659762,48.3732705558184],[-120.799110691577,48.3732463153703],[-120.799128245221,48.3732338066866],[-120.799130667898,48.3732176460847],[-120.799186461342,48.3731798173753],[-120.799259888194,48.3731520576738],[-120.799212752537,48.3731148718561],[-120.79917915865,48.3730556488013],[-120.799157239176,48.3729967130567],[-120.79915521631,48.372987690462],[-120.799136173442,48.3729027560701],[-120.799067846552,48.3728310042676],[-120.799036092909,48.372772142994],[-120.798981741114,48.3727708147572],[-120.798779341342,48.37271492757],[-120.798621820147,48.372798246427],[-120.798531587949,48.3727416359073],[-120.798296839425,48.3728355223899],[-120.798038602026,48.3728876120705],[-120.797875175384,48.3728836178591],[-120.79783957425,48.3727936443213],[-120.797722174264,48.3727081261557],[-120.797686588137,48.3727653616247],[-120.797558788782,48.372718058419],[-120.797487452961,48.3726916541936],[-120.797531217943,48.3725690268517],[-120.797541010208,48.3724783499011],[-120.797253595195,48.3723436440614],[-120.797265478965,48.3723257743802],[-120.797378085359,48.3721564350777],[-120.797132661689,48.3721143712771],[-120.796981580318,48.3720884760326],[-120.796978910335,48.3720990255906],[-120.796930183747,48.3721683813772],[-120.796867513385,48.3721668495771],[-120.796765674861,48.3721643612443],[-120.796634797319,48.3720671003615],[-120.796635180538,48.3720514333726],[-120.796627921144,48.3720277400382],[-120.796629836006,48.3719494023704],[-120.796600606188,48.3718624638583],[-120.796554177576,48.371837813929],[-120.796523608467,48.3718057130447],[-120.796516541437,48.3717741866717],[-120.796479478275,48.3716870584318],[-120.796464958383,48.3716396717179],[-120.796458273324,48.3715924783269],[-120.79645254586,48.3715061152028],[-120.796469170437,48.371467329369],[-120.796548656813,48.3714222397971],[-120.796691580158,48.3713473481273],[-120.796785969404,48.3713339780837],[-120.796911501685,48.3713292078008],[-120.797060151367,48.3713406787536],[-120.797194891841,48.371372807367],[-120.797345713378,48.3713633988507],[-120.797327802197,48.3713556257239],[-120.797341746642,48.3712061206738],[-120.797421712888,48.3711731042775],[-120.797433848998,48.371168093965],[-120.797567838474,48.3711127721353],[-120.797570126491,48.3710191460508],[-120.797588605603,48.3709599814243],[-120.797606213032,48.3709456214404],[-120.797573385961,48.3708966182971],[-120.797770968414,48.3708175968802],[-120.79775116918,48.3707989386202],[-120.797683857212,48.3707225501466],[-120.797585695786,48.3705939905999],[-120.797546430405,48.3704747511546],[-120.797540820897,48.3703797285594],[-120.797577280919,48.37027725484],[-120.797622155829,48.3702008646271],[-120.797678249064,48.3701077057999],[-120.797815676411,48.3699307032838],[-120.798208326672,48.3694947180632],[-120.79840465202,48.3692674081661],[-120.798474768803,48.3691817000504],[-120.798530861373,48.3690978557787],[-120.79858975975,48.3690065586805],[-120.798657070544,48.3689301666057],[-120.798707554609,48.368846321947],[-120.798783280173,48.3687512980565],[-120.798853396387,48.3686860848312],[-120.799024479807,48.368557521896],[-120.799218000743,48.3684401391119],[-120.799411520917,48.3683264809044],[-120.799767711353,48.3681569266426],[-120.800115487624,48.3680302258859],[-120.800264133766,48.3679445155575],[-120.800370709956,48.36786066981],[-120.800443630913,48.3677600541917],[-120.800494115452,48.3676706168866],[-120.80057825459,48.3674936066623],[-120.800648370946,48.3673985804254],[-120.800917617495,48.3670725066062],[-120.801085895585,48.3668954936465],[-120.801203691042,48.3667576101599],[-120.801307463499,48.3666495393657],[-120.801377579538,48.3665563733344],[-120.801430868043,48.3664725253149],[-120.801492569269,48.3663774969168],[-120.801548662769,48.3662731515514],[-120.80161877915,48.366144581579],[-120.801666458007,48.3660514155809],[-120.80171694182,48.3659470699542],[-120.801784252805,48.3658408614248],[-120.801876806457,48.3657029751556],[-120.801946922574,48.3656153970489],[-120.801983383269,48.3655334098605],[-120.802011429565,48.3654178833285],[-120.802003015934,48.3653321690868],[-120.801941314109,48.3652594973307],[-120.801874001398,48.3652390020755],[-120.801719746198,48.3651812384438],[-120.801585123725,48.3651458341639],[-120.801422453547,48.3650955237319],[-120.801335509358,48.365069436118],[-120.801248565407,48.3650731630735],[-120.801057849098,48.3650992497626],[-120.800895180327,48.3651272014538],[-120.800625932977,48.3651775108385],[-120.800401561744,48.3652352749198],[-120.800174385209,48.3652371381316],[-120.800079026997,48.3652464561578],[-120.79987148292,48.3651961451484],[-120.799691986345,48.3651458333157],[-120.799363842247,48.3649576347195],[-120.799106114492,48.3647390573011],[-120.798913534503,48.3645826773594],[-120.798667461058,48.3645755689544],[-120.798528375372,48.3647035167532],[-120.798335795641,48.3649523034429],[-120.798121817998,48.3652508449898],[-120.797822249495,48.3654640865886],[-120.797651066491,48.365599141069],[-120.79748132316,48.3656705645682],[-120.797495238413,48.3657200603012],[-120.797500629257,48.3658479399296],[-120.797353646975,48.3659380288116],[-120.79724534826,48.3659422884073],[-120.797195430176,48.3660328085634],[-120.7970757237,48.3661154740154],[-120.796797983104,48.3660979873951],[-120.796564579913,48.3660173918015],[-120.796587811319,48.3658212755733],[-120.796275423499,48.3657825827283],[-120.795703870738,48.3656773295597],[-120.795254516797,48.3655991414347],[-120.794847959033,48.3655778169978],[-120.794560435408,48.365648982946],[-120.794451098046,48.3656760445589],[-120.794324600342,48.3657073547731],[-120.794313104475,48.3657919283428],[-120.794326466416,48.3659691821601],[-120.794310636143,48.3661157662543],[-120.794260776948,48.366151290654],[-120.79419927554,48.3661620351319],[-120.794150315441,48.366160838599],[-120.794054486402,48.3660727629779],[-120.793947223364,48.3659260388757],[-120.793887010224,48.3659555035739],[-120.793780795832,48.3659332989876],[-120.793743404751,48.3659254826357],[-120.793720403236,48.3659333548922],[-120.793596191043,48.3659758676204],[-120.793232428702,48.3659403275986],[-120.793090178803,48.3658930748663],[-120.792647560355,48.3659051209587],[-120.792274815712,48.3656420063543],[-120.792403982907,48.3655466711349],[-120.791773699574,48.3652614377822],[-120.791734584534,48.3652437364228],[-120.791349425671,48.3649167615906],[-120.791327256003,48.3648758465978],[-120.791301958099,48.3648539981666],[-120.791012669841,48.3644215481397],[-120.790653761766,48.363372337091],[-120.79064307283,48.3633538211175],[-120.790289446744,48.3628839165906],[-120.789855513929,48.3622111884289],[-120.789590332095,48.3622432233035],[-120.789442611293,48.3623413720909],[-120.789598382448,48.3623340646099],[-120.789823175945,48.3625030748835],[-120.78995987898,48.3627080871196],[-120.789971694588,48.3628936938408],[-120.789925721061,48.3629906793823],[-120.789836961852,48.3630097663423],[-120.789827245982,48.3630118559326],[-120.78983545368,48.3630199359003],[-120.789837757276,48.363074551176],[-120.789858772559,48.3630839156168],[-120.789876300436,48.3631549792366],[-120.789875672709,48.3631806493339],[-120.789851956456,48.3632314390459],[-120.789834995106,48.3632408671059],[-120.789831877189,48.3632488292528],[-120.789892283079,48.3632629609522],[-120.789951162438,48.3632826650573],[-120.78995973261,48.3633057056515],[-120.78993635604,48.3633279657733],[-120.789908305478,48.3633546779385],[-120.789875692046,48.3633812781022],[-120.789781277984,48.3633846026636],[-120.789785001184,48.3633960334395],[-120.789786022148,48.3634289052494],[-120.789788051727,48.3634942167564],[-120.789760429463,48.3635274998173],[-120.789703813095,48.3635957175633],[-120.789544109733,48.363662673412],[-120.789286223967,48.3637326774091],[-120.788981440416,48.3637143279904],[-120.788866997954,48.3636958636826],[-120.788825040358,48.3637840113895],[-120.788282049958,48.3636516825528],[-120.788107440157,48.3633865248575],[-120.788021181208,48.3634167756962],[-120.787815385652,48.3634322879037],[-120.787665338803,48.3634080799699],[-120.787537325023,48.3633227841864],[-120.78742558911,48.3632724891401],[-120.787384600317,48.363296353287],[-120.787341866872,48.3633370467669],[-120.787242632106,48.3633249899024],[-120.787181743811,48.3633202911908],[-120.787159362556,48.3633165341412],[-120.787124065555,48.3633156713184],[-120.787069752638,48.363304711837],[-120.787044161374,48.3633008758925],[-120.787002683273,48.3632902299708],[-120.786999944417,48.3632708994379],[-120.786974981014,48.3632413933934],[-120.786969033499,48.3632219840105],[-120.786969583028,48.3631995226895],[-120.786970209518,48.3631738525785],[-120.786980071844,48.3631644619614],[-120.7869866458,48.3631582021316],[-120.786993299492,48.3631487317654],[-120.787000421609,48.363120010587],[-120.786984614445,48.3631099927747],[-120.787018661842,48.363093546693],[-120.786981267774,48.3630709480437],[-120.786946815049,48.3630801731004],[-120.786927954525,48.3630636588769],[-120.786922085359,48.3630410407277],[-120.786893991728,48.3630082479514],[-120.786893693536,48.3630072776913],[-120.786669919677,48.3630008129747],[-120.7865795641,48.3629982027625],[-120.786504581307,48.3629960368658],[-120.786022432865,48.362851883434],[-120.785757250857,48.3626917097641],[-120.785467961923,48.3624033963095],[-120.785275102924,48.3621150833081],[-120.785130458134,48.3618908388353],[-120.784865277561,48.3615224335515],[-120.785130458341,48.3610258845788],[-120.785395640094,48.3605453476716],[-120.785801306999,48.3603701457692],[-120.78587778903,48.3603371143859],[-120.786022432494,48.3601769340975],[-120.786287614673,48.3600167530061],[-120.786162094271,48.3597804453335],[-120.786142970209,48.3597444438193],[-120.786359937564,48.359552224827],[-120.786390039813,48.359528693105],[-120.786769763371,48.3592318581315],[-120.78701083754,48.3590076006075],[-120.787251911686,48.3588634347527],[-120.787492986126,48.3586231563509],[-120.787444770867,48.358382877889],[-120.787276019116,48.358206672612],[-120.787213244939,48.357966830955],[-120.787179589613,48.3578382410972],[-120.787348341242,48.3575338826148],[-120.787782274398,48.3574698065809],[-120.787951027618,48.3575659207797],[-120.78826442379,48.3577100892957],[-120.788601927815,48.3577741659546],[-120.788987646244,48.3574057305722],[-120.78927693564,48.3570533141851],[-120.7894939022,48.3568450649001],[-120.789927835847,48.3569251605815],[-120.790265339658,48.3568610841649],[-120.790289446347,48.3565887578869],[-120.790530520851,48.3560761424277],[-120.791229635948,48.3557076947791],[-120.79195285946,48.3556436174492],[-120.792338577952,48.3554353624276],[-120.792676081762,48.3550348705616],[-120.792828812529,48.3547488508323],[-120.793046268395,48.3545873178772],[-120.792994876224,48.3544528990517],[-120.793460669096,48.3543238077274],[-120.793503499262,48.3543373618692],[-120.793504961164,48.3543321453364],[-120.793579769698,48.3543181188432],[-120.793580033439,48.3542184488659],[-120.793580475534,48.3540514295428],[-120.79362373792,48.3540499104865],[-120.793607496302,48.3540069511313],[-120.793643817579,48.3539576720153],[-120.793719143596,48.3539544972347],[-120.793754238734,48.3539553541847],[-120.793804253144,48.353961592616],[-120.793844362002,48.3539625736303],[-120.793889484691,48.3539636760217],[-120.793939866576,48.3539548741862],[-120.793975207114,48.3539457045713],[-120.793995260884,48.3539461945879],[-120.794069426381,48.353960857159],[-120.794092688204,48.3539573949633],[-120.794174530138,48.3539539436065],[-120.794191406074,48.3539325539207],[-120.794213593301,48.3539167446423],[-120.79425332231,48.3538523089009],[-120.794259701461,48.3538143110741],[-120.794309127198,48.3537991673597],[-120.794341811065,48.3537999661787],[-120.794366720583,48.3538061438624],[-120.794380586172,48.3537800303494],[-120.794440871962,48.3537764874119],[-120.79450604953,48.3537780804183],[-120.794576239568,48.353779794723],[-120.794626130516,48.3537910482809],[-120.794670885775,48.3538071923759],[-120.794690817569,48.3538126950845],[-120.79471478331,48.3538584305705],[-120.794729334054,48.3538788530313],[-120.794749249562,48.3539477376255],[-120.794861156027,48.353959824169],[-120.794958675047,48.3539840088205],[-120.794979066799,48.3539919927857],[-120.795018063449,48.3540072624307],[-120.795070406506,48.354095750638],[-120.795096311603,48.3541508904264],[-120.795104184759,48.3541779031484],[-120.79551063894,48.3543201375831],[-120.795531353922,48.3543626128896],[-120.795543644037,48.354358042106],[-120.795723539205,48.3543569877452],[-120.795787707295,48.354407610906],[-120.795803517473,48.3544298001669],[-120.795802984888,48.3544515888628],[-120.79580670129,48.3545225371392],[-120.795788628078,48.3545929534426],[-120.795776176121,48.3545992090624],[-120.79577279623,48.3546283543342],[-120.795769402204,48.3546294859246],[-120.79575016916,48.354630617089],[-120.795739987121,48.3546340109589],[-120.795736593148,48.3546419292895],[-120.795733699131,48.3546513381767],[-120.795759314963,48.3547003468306],[-120.795757532099,48.3547133498876],[-120.795761133914,48.3547160371792],[-120.795782206273,48.3547317520177],[-120.795937504238,48.3547441708568],[-120.795940035099,48.3546657179417],[-120.796040716457,48.3546814498411],[-120.796136723847,48.3546232620893],[-120.796256430264,48.354631637781],[-120.796293348352,48.3546742966283],[-120.79632198424,48.3546703404502],[-120.79636723008,48.3546806818578],[-120.796372996142,48.354675353435],[-120.796396491071,48.354587076738],[-120.796764776942,48.354384454307],[-120.796905587975,48.3544264134358],[-120.79697752434,48.3544478487425],[-120.797049038896,48.3543542729406],[-120.797235287106,48.3543041617354],[-120.797454369801,48.3542930234204],[-120.79763830351,48.3542965448224],[-120.797831422204,48.3543539230351],[-120.797888064428,48.3544142359356],[-120.797920030989,48.3544111421174],[-120.797935870149,48.3544100103742],[-120.797939161584,48.3544111629947],[-120.797953925132,48.3544100556366],[-120.79796261333,48.3544165705913],[-120.797963136103,48.3544306534371],[-120.797992112906,48.3544332498811],[-120.79800341431,48.3544131555802],[-120.798046302427,48.3543559715706],[-120.798127312634,48.3543321457502],[-120.798246445763,48.3543559731237],[-120.798255976908,48.3544036259158],[-120.798250646997,48.354433822601],[-120.798254402572,48.3544339475996],[-120.798262367395,48.3544332246672],[-120.798278295954,48.3544368461157],[-120.798283364435,48.3544578423298],[-120.798288432434,48.3544687029632],[-120.798306533506,48.3544766676645],[-120.798332600194,48.3544868039044],[-120.798348528569,48.3544976646476],[-120.798360836427,48.3545266263138],[-120.798357216689,48.3546142357675],[-120.798357940866,48.3546359567609],[-120.798357940037,48.3546518857417],[-120.798349253196,48.3546576765874],[-120.798339115676,48.3546605739832],[-120.798331875176,48.354663471066],[-120.798327530385,48.3546663669115],[-120.798326082748,48.3546685390566],[-120.798326082953,48.3546859157389],[-120.798325358854,48.354700396685],[-120.798310759064,48.3547231018861],[-120.798282641133,48.3547351508416],[-120.798276124677,48.3547662848289],[-120.798276008201,48.3547677968609],[-120.79852507649,48.3547331077402],[-120.798552640702,48.3547292690482],[-120.798696703575,48.3547300360525],[-120.798707447238,48.3547050553154],[-120.798833563348,48.3544118124355],[-120.799493529554,48.3542129337471],[-120.799596139289,48.353769608906],[-120.800011037239,48.3534435834329],[-120.800618451526,48.3536889777344],[-120.800724256311,48.3539470423163],[-120.801153850973,48.3540554498459],[-120.801304167263,48.354345901846],[-120.801375445126,48.3544836275662],[-120.801521655012,48.3545699874409],[-120.801959072677,48.354828344563],[-120.802136080764,48.3551537386946],[-120.801997726173,48.3553674058115],[-120.802010143529,48.355492095165],[-120.802018952403,48.355502378426],[-120.802018715791,48.3555120802939],[-120.802055265489,48.3555428149687],[-120.802100546446,48.3556144684355],[-120.802106657108,48.355685164413],[-120.802105507896,48.3557321673353],[-120.802104933982,48.3557556683596],[-120.80202640441,48.3557615873977],[-120.801934616881,48.3557593442273],[-120.801942338997,48.3558210736223],[-120.801938661206,48.3559716224196],[-120.801936951889,48.3559744509155],[-120.801910117318,48.3560188556305],[-120.801860710216,48.356079271562],[-120.801784933848,48.3560979626879],[-120.801695973685,48.3560957886776],[-120.801641060625,48.3561012934138],[-120.801531176276,48.3561023955615],[-120.801492849332,48.3561500174516],[-120.801508867497,48.3561870771829],[-120.801472980141,48.3562546713434],[-120.80142373984,48.3563082468579],[-120.801359277693,48.3563066705704],[-120.801340714444,48.356324124159],[-120.801174239094,48.3564806310485],[-120.801159921858,48.3564896407721],[-120.801185721421,48.3565215404453],[-120.80127951808,48.356605999437],[-120.801277678838,48.3566812733642],[-120.801221595172,48.3567346810425],[-120.801112105656,48.3567320051409],[-120.800975242443,48.3567286598669],[-120.800820332255,48.3566965653866],[-120.80083174518,48.3568191554444],[-120.801033733354,48.3569380438755],[-120.800994296046,48.3570523150588],[-120.800911565399,48.3570779328714],[-120.800986741243,48.3570986907067],[-120.801039646694,48.3571753039964],[-120.801023618185,48.3572707729302],[-120.800960358003,48.35733769858],[-120.800870393185,48.3573765841295],[-120.800781433557,48.3573744094305],[-120.80061392074,48.3572467543398],[-120.800460426136,48.3572885901612],[-120.800373630815,48.3573233710587],[-120.800468258033,48.3574120258805],[-120.800551020546,48.3574304827325],[-120.800692830555,48.3574621110593],[-120.800791077559,48.3575738825712],[-120.800854210605,48.3577033038165],[-120.800882187084,48.3577774924486],[-120.800922041799,48.3578831795871],[-120.800864352991,48.3579346957287],[-120.800882447115,48.357968066721],[-120.800899461986,48.3579994448405],[-120.80094229293,48.3580784378385],[-120.801078611257,48.358085836839],[-120.80125047998,48.3581172034371],[-120.801342619066,48.3581340197385],[-120.801362754368,48.3581278888393],[-120.801361800653,48.3581221635567],[-120.801394386707,48.3580089867083],[-120.801411560112,48.3579974268229],[-120.801324240937,48.3579405329774],[-120.801318021687,48.3578177219991],[-120.801610716633,48.3577006227718],[-120.801728982257,48.3576262008554],[-120.801911568736,48.3576411396918],[-120.802209210528,48.3574468962885],[-120.802318652626,48.3572924001638],[-120.802665528445,48.3572530167898],[-120.802755523721,48.3573007474278],[-120.802898101927,48.3573430991052],[-120.802904605375,48.3572903375953],[-120.802967933995,48.3572831449859],[-120.803042508026,48.3572969547814],[-120.803059035251,48.3573349561406],[-120.803157173883,48.3572371328722],[-120.803274207506,48.3571667625539],[-120.803115110629,48.356835322595],[-120.802996702471,48.356588643318],[-120.805014537322,48.3561417208358],[-120.805135464851,48.3560042430265],[-120.805174233599,48.3559052928397],[-120.805439308022,48.3558950180702],[-120.805504017719,48.3559055590982],[-120.805600479669,48.355882876771],[-120.805602030227,48.3558825131766],[-120.805602374629,48.3558726433108],[-120.805603374626,48.3558672468643],[-120.805646775919,48.3557384047154],[-120.805782725505,48.3554427508142],[-120.806151290606,48.3556419840433],[-120.806110451099,48.3555193774266],[-120.806356020475,48.3553112922921],[-120.806445437555,48.3552181170406],[-120.80672210934,48.3551427448929],[-120.806843367088,48.3551295516871],[-120.806896533482,48.3551270855646],[-120.806897736445,48.3551258875628],[-120.806539051219,48.3548534714359],[-120.806077887616,48.3546832077278],[-120.806035654117,48.3543464265726],[-120.806013520245,48.3543602264201],[-120.805824340584,48.354390660867],[-120.805747328196,48.3543142807275],[-120.805713146516,48.3542783874242],[-120.805669993218,48.3542510395728],[-120.805583578287,48.3542007225848],[-120.805496093167,48.3541942024218],[-120.805435848651,48.3541489086852],[-120.805406047313,48.3541131222851],[-120.805389706198,48.3540645186701],[-120.805389367739,48.3540343790319],[-120.805098434424,48.353987722067],[-120.805012739657,48.3538902297469],[-120.805130207599,48.3537243737682],[-120.805041443918,48.3536405987963],[-120.805116674122,48.3534963391387],[-120.805255281726,48.3534836470592],[-120.805361706106,48.3534700031412],[-120.805362180291,48.3534690521696],[-120.805682185313,48.3533399323138],[-120.805691490321,48.3531893180216],[-120.805759701804,48.3531489959871],[-120.805748989423,48.352971622018],[-120.805730606974,48.3528639151745],[-120.805983510266,48.3528687403021],[-120.806010780199,48.3527695730877],[-120.806048557265,48.3526936099967],[-120.805959555433,48.3526228962966],[-120.806260415103,48.3525826259056],[-120.806489338425,48.3526099978529],[-120.806568515153,48.3526453735834],[-120.806585349299,48.3526368655703],[-120.80669866423,48.352679368758],[-120.806723936747,48.3526309301879],[-120.806833539161,48.3526071028979],[-120.806947728344,48.3526315728378],[-120.807131671515,48.3524267391273],[-120.806973487096,48.3523201675737],[-120.806910435219,48.3521809359098],[-120.807108818425,48.3521157050434],[-120.807337083768,48.3521583988242],[-120.807412579296,48.3521911629116],[-120.807513401349,48.3521373807614],[-120.807846034299,48.3522145711711],[-120.808068054134,48.3522786077114],[-120.808244116367,48.3523293909781],[-120.808399035591,48.3522840845743],[-120.808520536468,48.3523215657898],[-120.808486392126,48.352400040814],[-120.80838627758,48.3524285663138],[-120.808310572487,48.3524505624266],[-120.808448303495,48.3525846063194],[-120.808414051294,48.3526896890615],[-120.808427914607,48.352828730025],[-120.808486365274,48.3529735036957],[-120.8084914499,48.3529840555796],[-120.808617462408,48.3529673557837],[-120.808642510075,48.3529657808452],[-120.808734452092,48.3529600004428],[-120.808908867984,48.3529957976286],[-120.808914868925,48.3529872555884],[-120.808967637495,48.3529227277031],[-120.809004897095,48.3528943860063],[-120.80912219428,48.352882625608],[-120.809194568788,48.3529136474309],[-120.809201627988,48.3529734679492],[-120.809255289002,48.3529581861815],[-120.809269713561,48.3529540765801],[-120.8095410211,48.3530066508949],[-120.809772673216,48.3529138288924],[-120.809893961083,48.35274432043],[-120.810098179749,48.3526061304232],[-120.810544403021,48.3526047148178],[-120.810907554075,48.3528065766923],[-120.81099036634,48.3529993676908],[-120.811002558392,48.3530902854257],[-120.810983438782,48.3531413334349],[-120.811116551568,48.3531992572896],[-120.811200824942,48.3533611330012],[-120.811179761244,48.3536591674417],[-120.810978554782,48.3539040339974],[-120.810905197247,48.3540475565992],[-120.810824691352,48.3542050635608],[-120.810757235845,48.3543076190435],[-120.811627596503,48.3549322947147],[-120.811756040305,48.3551798316997],[-120.812149961864,48.3552281003003],[-120.812105075489,48.355181580864],[-120.811918830056,48.3549885590177],[-120.811798070303,48.3546840404108],[-120.811796190347,48.354367248797],[-120.811898682691,48.3541039237737],[-120.812208070724,48.3540434929819],[-120.812699741637,48.3541799567453],[-120.812808166052,48.3543588710367],[-120.813033295282,48.3545234228012],[-120.813384122701,48.3546572055855],[-120.813844800762,48.354936767808],[-120.813975016665,48.3551879403158],[-120.814006287937,48.3554555323198],[-120.814652898698,48.3555347460102],[-120.816615218935,48.3557859607842],[-120.817211855684,48.3558623360336],[-120.817543331174,48.3555095694445],[-120.817347223673,48.3550942544393],[-120.815852485837,48.3532365635516],[-120.815442681771,48.352765439804],[-120.814959597678,48.3522100668135],[-120.81488620572,48.352083961053],[-120.81470788982,48.3517775670321],[-120.814622072967,48.3515390490551],[-120.81460153986,48.351533626553],[-120.814536481667,48.3514831058884],[-120.814456268757,48.351472619846],[-120.814384495247,48.3514219714506],[-120.814348794923,48.3513137649946],[-120.814352017767,48.3513111297379],[-120.814100145379,48.3511642710595],[-120.814067735994,48.3510072190395],[-120.813983887852,48.3509724965532],[-120.813972656178,48.3509929887197],[-120.813911442439,48.3510097468167],[-120.813831613532,48.3509903080299],[-120.813827307214,48.3509880748759],[-120.813657900567,48.351036475426],[-120.813557398058,48.350896889826],[-120.813551035591,48.3508283085657],[-120.813428071665,48.3507691544094],[-120.813431753109,48.3506831454445],[-120.813526949382,48.350643073755],[-120.81330713027,48.3502470668256],[-120.813213466284,48.3499438097644],[-120.813076509868,48.349893798571],[-120.812951490614,48.3499528089838],[-120.812939061684,48.350014536739],[-120.81292428802,48.3500456188497],[-120.812857509697,48.3500353890193],[-120.812837456778,48.3500066306881],[-120.812820374985,48.3500146940299],[-120.812563534265,48.3499197747449],[-120.812560198288,48.3497796623063],[-120.812575890357,48.3497109939935],[-120.81255748844,48.3497042737523],[-120.812450293552,48.3495438846966],[-120.812308356425,48.3496402950283],[-120.812186581797,48.3497230097056],[-120.812076803915,48.350407011006],[-120.812104381453,48.3509530415605],[-120.811899470172,48.3514710118768],[-120.811739026197,48.3511754559021],[-120.811730581177,48.3507363464449],[-120.811739026354,48.3501705664521],[-120.811544802222,48.3497990104358],[-120.81140124742,48.3494865660188],[-120.811257691791,48.3488363428524],[-120.811063468922,48.3484901208154],[-120.810776357791,48.3482536760262],[-120.810666579746,48.3477216758108],[-120.810463912961,48.3475021201541],[-120.810580322253,48.347304727715],[-120.810495146432,48.3472419684381],[-120.81053219112,48.3471326950223],[-120.810354134306,48.3467674521711],[-120.810354176649,48.346766464163],[-120.810348999389,48.346766109142],[-120.810125607661,48.3466971885484],[-120.81003432132154,48.34652643048588],[-120.810584576414,48.3466040863781],[-120.820295574459,48.3561856038294],[-120.851982459983,48.3607428105625],[-120.85463180004926,48.36923962870827],[-120.854530878271,48.3691749718611]]],[[[-120.846642596507,48.372285534135],[-120.846731389692,48.3722945503619],[-120.846736225095,48.372376836127],[-120.84659151683,48.3724143831701],[-120.846532604006,48.3723033863915],[-120.846642596507,48.372285534135]]],[[[-120.808769775158,48.3516041200484],[-120.808650979789,48.3516239671769],[-120.808326933247,48.3516781023017],[-120.808266143617,48.3514937835567],[-120.808524436363,48.3513979682928],[-120.808626220834,48.3514273835498],[-120.808636976831,48.3514406257709],[-120.808769775158,48.3516041200484]]],[[[-120.787248173377,48.3567043017797],[-120.787342468165,48.3566524378502],[-120.787557247645,48.3567409241002],[-120.787577231109,48.3567536260572],[-120.787654626719,48.3566955793986],[-120.787733638909,48.3567099461119],[-120.787759956463,48.3567678451018],[-120.787783070937,48.3567672947028],[-120.787847429382,48.3567733276279],[-120.787887652956,48.3567773504436],[-120.787887654203,48.3568577998589],[-120.787881620335,48.3568940017978],[-120.787869553094,48.3569382483075],[-120.787868408192,48.3569399645794],[-120.787859391489,48.3569827573127],[-120.787847696063,48.3569890581228],[-120.787855591216,48.3570242729008],[-120.787819537162,48.3570987111786],[-120.787776972493,48.3571592959446],[-120.78770052608,48.3572053584098],[-120.787523943085,48.3571462650485],[-120.78752661935,48.3570367749474],[-120.787574111847,48.3569851016469],[-120.78754784466,48.356944959063],[-120.787547845216,48.3569304237668],[-120.787526068515,48.3569356803097],[-120.787513677533,48.3569232890906],[-120.78733184598,48.3568976205639],[-120.78724319405,48.3568192305799],[-120.787248173377,48.3567043017797]]],[[[-120.789959033505,48.3632450245848],[-120.790000376354,48.3631671558708],[-120.79002227476,48.3631676910165],[-120.790039793778,48.3631681185959],[-120.790052075837,48.363203476877],[-120.790042032094,48.3632558178288],[-120.789959033505,48.3632450245848]]],[[[-120.790313664983,48.3634377460279],[-120.790366007958,48.3634477888709],[-120.790408839213,48.36348827604],[-120.790303301287,48.3635032260435],[-120.790252351594,48.3634362465478],[-120.790313664983,48.3634377460279]]]]}},{"type":"Feature","properties":{"hazard":"fire-perimeter","severity":"ELEVATED","tone":"elevated","fire_name":"Sisi","acres":4352.363051732318,"contained_pct":29.0,"irwin_id":"{DC4342D9-B479-44F1-906C-8ABD42E1F59C}","unit_code":"NOCA","unit_name":"North Cascades National Park","acres_affected":1.0},"geometry":{"type":"MultiPolygon","coordinates":[[[[-120.845658549458,48.3737713297025],[-120.845655830251,48.3737759546781],[-120.845658609708,48.3738214172301],[-120.845655728969,48.3738341889711],[-120.845621416595,48.3738718784172],[-120.845602319237,48.3739176446022],[-120.845569543511,48.3739390182518],[-120.845630072963,48.3739512315881],[-120.845645331688,48.3739837117385],[-120.845671742133,48.3740525827125],[-120.845670075651,48.3741207684304],[-120.845656573511,48.3741806384072],[-120.845615482906,48.3742197673016],[-120.845559134831,48.3742264160464],[-120.845446770094,48.3742279898298],[-120.845417166398,48.3743428782452],[-120.845371691451,48.3743511755944],[-120.845235380746,48.3743760489794],[-120.845145782109,48.3743923980174],[-120.844979688975,48.3744438885779],[-120.844745110966,48.3742340892975],[-120.844644131937,48.3743515338117],[-120.844423444798,48.3744606017766],[-120.844209801011,48.374504435677],[-120.844028044061,48.3745817513985],[-120.843925706035,48.3745754545636],[-120.843923444024,48.3745777874504],[-120.843875588984,48.3745850318815],[-120.84381262456391,48.3745807503804],[-120.84569626691203,48.3737141406275],[-120.845658549458,48.3737713297025]]],[[[-120.843389992894,48.3748046204467],[-120.843345356098,48.3748886939282],[-120.843190901218,48.3749360175756],[-120.84302020514254,48.375011440142195],[-120.843155370021,48.3748831343216],[-120.84342054278456,48.37476113594789],[-120.843389992894,48.3748046204467]]]]}},{"type":"Feature","properties":{"hazard":"fire-perimeter","severity":"MODERATE","tone":"moderate","fire_name":"Electric","acres":494.5018852211387,"contained_pct":90.0,"irwin_id":"{9E33D836-7B10-46EA-9F26-9966F6392D81}","unit_code":"NOCA","unit_name":"North Cascades National Park","acres_affected":39.0},"geometry":{"type":"Polygon","coordinates":[[[-121.446055565449,48.6645016997672],[-121.44657474622,48.6651079134519],[-121.446627564805,48.6650826680946],[-121.446683205487,48.6650618897825],[-121.446736448512,48.6650377674727],[-121.446817383911,48.6650073935384],[-121.446913517477,48.6649706012327],[-121.447011488942,48.6649553614998],[-121.447092017062,48.6649382311156],[-121.447456545198,48.665126663888],[-121.447642548598,48.6652510790599],[-121.447713041537,48.6652982310435],[-121.447727633744,48.6654043478162],[-121.447732302096,48.6654382953789],[-121.447740216664,48.6654958486831],[-121.448117600397,48.6655436213594],[-121.448149363756,48.6656387696325],[-121.447756289016,48.6656929720989],[-121.447433319259,48.6661104097423],[-121.447375743423,48.6662197793294],[-121.447066134626,48.6668078952156],[-121.447012007423,48.666910712139],[-121.446838762576,48.6672398018972],[-121.446384653318,48.6681023701012],[-121.443275861287,48.6673606687223],[-121.441721725652,48.6661414308729],[-121.44104036717,48.6660580781602],[-121.44065857981,48.6660113724168],[-121.440303263168,48.6658956226082],[-121.439884062961,48.6657590591448],[-121.439794146354,48.6657297672925],[-121.43922939733247,48.66544827258333],[-121.44580158782618,48.663628744135146],[-121.446055565449,48.6645016997672]]]}},{"type":"Feature","properties":{"hazard":"fire-perimeter","severity":"MODERATE","tone":"moderate","fire_name":"West Fork","acres":310.383774360189,"contained_pct":16.0,"irwin_id":"{F96D076D-EE37-4181-996C-9FF52D876942}","unit_code":"MORA","unit_name":"Mount Rainier National Park","acres_affected":310.4},"geometry":{"type":"MultiPolygon","coordinates":[[[[-121.713430193983,46.9387337695922],[-121.713456003529,46.9387806637399],[-121.713547715552,46.9386558846386],[-121.713616269393,46.9386465491242],[-121.713566986443,46.9385605955883],[-121.713779545704,46.9385233560114],[-121.713812687673,46.9384813979315],[-121.713918242236,46.9384718966163],[-121.713964938312,46.9384908745919],[-121.714009452133,46.938483075771],[-121.714192893877,46.9384076062846],[-121.714197762418,46.9383654879995],[-121.714077567004,46.9383347471097],[-121.714037290433,46.9382247460935],[-121.714178071778,46.9382102957425],[-121.714341613605,46.9382228198083],[-121.714454326747,46.9381519558407],[-121.714641557305,46.93808219036],[-121.715380240619,46.9379960500877],[-121.715519483181,46.9380986858641],[-121.715572065802,46.9381824762263],[-121.715648393336,46.9381907513927],[-121.715809108576,46.9380878140221],[-121.715797703714,46.9380441047655],[-121.715817256635,46.9380060198171],[-121.715932735476,46.9380086308575],[-121.716376971035,46.9379878839116],[-121.716542019015,46.9379579940805],[-121.716572299614,46.9378551176039],[-121.71671240071,46.9377645419649],[-121.716719173047,46.9377341580271],[-121.716620728143,46.9377110644172],[-121.716622417429,46.9376403736157],[-121.716781283669,46.9376233601152],[-121.716900837743,46.9375884467843],[-121.717078379401,46.9375653518848],[-121.717167721587,46.9375771852195],[-121.717242856357,46.9375651837813],[-121.717488861684,46.9375952998433],[-121.717858388316,46.9375952996617],[-121.717881174985,46.9375691823691],[-121.717865584302,46.9375115355603],[-121.717902851414,46.9374211088199],[-121.718018333545,46.9374119749831],[-121.718027944441,46.9374009589338],[-121.718072239069,46.9373825750397],[-121.718080323942,46.9373402667288],[-121.71808255553,46.9372467748791],[-121.718246860463,46.937227239332],[-121.718269192462,46.93732607626],[-121.718428350206,46.9373260763712],[-121.718529458251,46.937416788922],[-121.718569527173,46.9374146043486],[-121.718782415494,46.9374792720814],[-121.719266989755,46.9377122749787],[-121.719388691262,46.9375909916629],[-121.719467566802,46.9374872136929],[-121.71954791613,46.9373216082404],[-121.719648755267,46.9371705034327],[-121.719652383518,46.9370183113167],[-121.719690389292,46.9368807752215],[-121.7198933408,46.936816443197],[-121.720056812389,46.9369514744769],[-121.720205265366,46.9371339108958],[-121.720201071998,46.9373098828953],[-121.720254920535,46.9373818443604],[-121.720359075922,46.9373830086922],[-121.720553271339,46.9373946930655],[-121.720627725737,46.937476399311],[-121.720720405335,46.9376677254599],[-121.720534997638,46.9378702161728],[-121.720400006466,46.937997153811],[-121.720363588184,46.9380681061805],[-121.720333999665,46.9381438917618],[-121.720332406556,46.938210750102],[-121.720522641058,46.9383289781254],[-121.720435440593,46.9384073252405],[-121.720114066384,46.9383369347267],[-121.720003483984,46.9383732718806],[-121.719681457583,46.9383463623772],[-121.719588151869,46.9384837199698],[-121.719469535396,46.9384983664212],[-121.719436726276,46.9385642942213],[-121.719218906485,46.9385802549786],[-121.719022521405,46.938507238987],[-121.718865849241,46.9385867413862],[-121.718788746578,46.9387157692938],[-121.718713723517,46.9387361969703],[-121.718823742517,46.9388378761772],[-121.71915442914,46.9390218142212],[-121.719214660386,46.9391818245874],[-121.719214610874,46.9391878119744],[-121.719313992952,46.9391935844339],[-121.719532860268,46.9391497742775],[-121.720014392612,46.9391643780353],[-121.72020933055,46.9390903701162],[-121.720282346812,46.9389535690322],[-121.720425223057,46.9388577131763],[-121.720515630728,46.9388659750945],[-121.720615051693,46.938791782559],[-121.720679175756,46.9387809435672],[-121.72069634024,46.9387532519557],[-121.720687856393,46.9385801331804],[-121.720738037101,46.9384983791148],[-121.720933730385,46.9384713424339],[-121.721009503993,46.9383607606042],[-121.721184004675,46.9383246514882],[-121.72145481197,46.9383276763849],[-121.721677126127,46.9383254022611],[-121.721933253455,46.9383615629336],[-121.722105716477,46.9384110606439],[-121.72219315711,46.9385309685298],[-121.722210593267,46.9386738811507],[-121.722200707754,46.9387974603931],[-121.722155988694,46.9389254067811],[-121.722075707486,46.9390776161485],[-121.72205707119,46.9391100376113],[-121.722219226191,46.9391799333081],[-121.722146345373,46.9393131690213],[-121.721968075812,46.9393980571475],[-121.721985326432,46.9394065324235],[-121.722036386,46.9395190222135],[-121.722085185241,46.9395195669795],[-121.722171370609,46.9396142231261],[-121.722075674547,46.9397329415817],[-121.721729016697,46.9397627185109],[-121.721755607125,46.9398371870486],[-121.721794155559,46.9398985110636],[-121.721918302031,46.9399120755397],[-121.722014841859,46.939964912025],[-121.722038218701,46.940093995591],[-121.722144964248,46.9402003271083],[-121.722400464114,46.940185269956],[-121.722587645495,46.9402512139821],[-121.722591692888,46.9402647225606],[-121.722876251365,46.9402306002393],[-121.722887760283,46.9401367169071],[-121.722914275599,46.9401158002533],[-121.722858688509,46.9400303842671],[-121.722981754738,46.9398991676034],[-121.723210849529,46.9398690521104],[-121.723214964519,46.9398699970071],[-121.723384403158,46.9398241226519],[-121.723615895161,46.9398432648524],[-121.723937586387,46.9402503900757],[-121.724083569542,46.9403676589915],[-121.724152580987,46.9405148266901],[-121.724131011547,46.9405548208519],[-121.724147591014,46.9406094919172],[-121.724235560456,46.9406392880335],[-121.724313267767,46.9406444951272],[-121.724395203383,46.9406267982189],[-121.724476325537,46.9405817793043],[-121.724550489356,46.9405262934524],[-121.724760493992,46.9404713705763],[-121.725274248452,46.940486429011],[-121.725488967548,46.9405592873891],[-121.725663375365,46.9406671239148],[-121.725781352388,46.9407875875975],[-121.725750544184,46.9410014623969],[-121.725765836606,46.9411211889014],[-121.725942066495,46.9411065859105],[-121.72610821536,46.9410335713122],[-121.726150581868,46.9410538837654],[-121.726252207619,46.9409628062677],[-121.726442483411,46.9409747645719],[-121.726502715383,46.9411276582115],[-121.726493789077,46.941232403616],[-121.726651275622,46.9412234106751],[-121.726775753561,46.9410872976121],[-121.726831386561,46.9409704172496],[-121.726827306096,46.9409244517445],[-121.72678071325,46.9408073541288],[-121.72688136336,46.9407573078834],[-121.726919949322,46.9407122983231],[-121.727003355586,46.9407394480488],[-121.727166121431,46.9407561116781],[-121.72742184035,46.9407415091993],[-121.727596088275,46.9406416853468],[-121.727801875383,46.9405808759613],[-121.727934355749,46.9406907591848],[-121.727862045636,46.9408284224408],[-121.727671779218,46.9409018653587],[-121.727593199129,46.9410189680205],[-121.727597906221,46.9410229898009],[-121.727613089305,46.9410189677231],[-121.728524215993,46.9410335708389],[-121.728944928395,46.9411357920801],[-121.729192799419,46.9411609901923],[-121.729371967636,46.9412380136029],[-121.72943847175,46.9413945164042],[-121.72969364889,46.9416402494084],[-121.729740176858,46.9416597967962],[-121.729755235325,46.9418365090332],[-121.729619712402,46.9421319821712],[-121.729734674571,46.9422331522099],[-121.73023805123,46.9422482099608],[-121.730700723676,46.94218481623],[-121.730794233394,46.9423092932265],[-121.730759601395,46.9424680566071],[-121.730647560577,46.9425305137552],[-121.730650526539,46.9425435052053],[-121.730488279201,46.9426399085555],[-121.730327664484,46.9426833013653],[-121.730703045455,46.9429925257799],[-121.730884177258,46.9429261676774],[-121.73164613641,46.942934570989],[-121.731774964417,46.9430457311911],[-121.731789073656,46.9433917730844],[-121.731979380485,46.9434076730693],[-121.732144559568,46.9435130792698],[-121.73211431532,46.9436686780761],[-121.731892669154,46.9437389493483],[-121.731745409071,46.9437302132871],[-121.731153925966,46.943837360377],[-121.730933646294,46.9439047157641],[-121.73079655837,46.944014124828],[-121.730734782588,46.9441586279646],[-121.73030825211,46.9442608502268],[-121.729730175526,46.9445091016781],[-121.729496885522,46.9444751557819],[-121.729366673542,46.9443642881443],[-121.729156838932,46.9442900559999],[-121.728956571414,46.9445570025721],[-121.728956429759,46.944557102688],[-121.728959422028,46.9446012751023],[-121.728905589059,46.9447297374278],[-121.728845774547,46.9447177741213],[-121.728827388588,46.9446586769131],[-121.728819772541,46.9446597883102],[-121.728818391008,46.9446543150764],[-121.728817228458,46.9446551327748],[-121.728693716537,46.944552911219],[-121.728474670174,46.9444506903265],[-121.728434824536,46.9445091021013],[-121.728037376815,46.9445967203979],[-121.727569279617,46.9445407433361],[-121.727496264596,46.9443842589448],[-121.72749686249,46.9442170398746],[-121.727392633358,46.9440842033688],[-121.727207025455,46.9440359947979],[-121.727001315336,46.9441213424282],[-121.726841876904,46.9442434945767],[-121.726656513366,46.9443046589809],[-121.726142371755,46.9443192623092],[-121.725392933862,46.9442608499622],[-121.724882563596,46.9442900563037],[-121.72416143279,46.9446750655716],[-121.724046579458,46.9447006969936],[-121.723836757403,46.9449033850601],[-121.723565180682,46.9450784042816],[-121.723611846756,46.9451475023806],[-121.723623707247,46.9453122713158],[-121.723509345996,46.9453818021036],[-121.723507846367,46.9453998886686],[-121.723310280515,46.9454583009785],[-121.72299587391,46.9456388264127],[-121.72287831003,46.9457795686161],[-121.722370586182,46.9460533968766],[-121.722333824277,46.9461202163063],[-121.722376833129,46.9462756023701],[-121.72232510878,46.9464343235547],[-121.722206643789,46.9464718769874],[-121.722140166623,46.9465110347106],[-121.72201674637,46.9464946943287],[-121.722005277762,46.9464672930341],[-121.721849654115,46.9464515027567],[-121.721687665727,46.9465260388308],[-121.72165958539,46.9465535321725],[-121.721648269619,46.9465441674406],[-121.721335019891,46.9466883029682],[-121.72130456196,46.9467347836482],[-121.721211201464,46.9467452757055],[-121.721167033957,46.9467655987994],[-121.72104816342,46.9467727271907],[-121.721033356947,46.9467909134271],[-121.720864882959,46.9468492820694],[-121.720841817085,46.9469005220008],[-121.720614845608,46.9469655564018],[-121.72045346498,46.9469676987844],[-121.720397836765,46.9468842151299],[-121.720473566072,46.9468495497424],[-121.720646561622,46.9468435919752],[-121.720716614852,46.9468187600911],[-121.720713016746,46.9468043196862],[-121.720750572943,46.9466997480623],[-121.720843184577,46.9465547867844],[-121.721014385637,46.9464261988606],[-121.721038945371,46.9463080410306],[-121.72100589091,46.9462612423037],[-121.720686153679,46.9463159831218],[-121.720614390377,46.9463636920287],[-121.720610341523,46.9463670663986],[-121.720584935572,46.9465648621129],[-121.720473030183,46.9466752511617],[-121.720387891863,46.9466646760031],[-121.72034075954,46.9467574435682],[-121.720223933381,46.9468878982246],[-121.719809662916,46.9469916240706],[-121.71969822442,46.9470988607302],[-121.71987505056,46.9473859066266],[-121.720004887511,46.9475143549725],[-121.719960934573,46.9476779683244],[-121.71985987092,46.9476911349391],[-121.719733369469,46.9477184486742],[-121.719582695318,46.9477234443625],[-121.719484769354,46.9477223490346],[-121.719428671419,46.9476585890649],[-121.719487215672,46.9476197860355],[-121.719558135099,46.9475776549802],[-121.719554541916,46.9475757465984],[-121.719413598674,46.9475672012259],[-121.719401282208,46.9475710941],[-121.719264774738,46.9476270228833],[-121.719180972835,46.9476228942646],[-121.71908929798,46.9475580278531],[-121.718964698803,46.9475055616178],[-121.718867365221,46.9475265766265],[-121.718970074371,46.9477731133555],[-121.7189233414,46.9479116689881],[-121.718818062516,46.947985912296],[-121.718669476057,46.9480267326547],[-121.718545603593,46.9480264277862],[-121.718546048878,46.9479415992306],[-121.718422176592,46.9479412951301],[-121.718298304331,46.9479409899959],[-121.718221262228,46.9478882949812],[-121.718077845567,46.947871536583],[-121.717950857279,46.9478580999392],[-121.717876015869,46.9479010733748],[-121.717783243013,46.9479014831432],[-121.717799823722,46.9479431551302],[-121.717712974517,46.947970091839],[-121.717713585828,46.9479767381461],[-121.717684559642,46.9480211011331],[-121.71762048805,46.9479987768316],[-121.717619007917,46.9479992362981],[-121.717546721302,46.9480414120288],[-121.717605974845,46.9481353324098],[-121.71753885639,46.9482753698213],[-121.717644259561,46.9484102459575],[-121.717667557141,46.9484764362735],[-121.717696035647,46.9484595248958],[-121.717930708432,46.9484501792322],[-121.717936843963,46.9484565634407],[-121.718052040953,46.9484055000381],[-121.718266377516,46.948367044578],[-121.71833337532,46.9485101210063],[-121.718211189506,46.9486199283742],[-121.718112698083,46.9486355672748],[-121.718044754442,46.9486285872392],[-121.718042761629,46.9487025195688],[-121.717822477488,46.9486557900964],[-121.717737907574,46.9487910372645],[-121.717881993305,46.9488987852191],[-121.718121092294,46.9489237938048],[-121.717981406709,46.9490389753433],[-121.717903698562,46.9490777249549],[-121.717966828302,46.9491683256173],[-121.717867473155,46.949209409191],[-121.717901583483,46.9492779855965],[-121.717858043339,46.9493445296726],[-121.717751166445,46.9493305648425],[-121.717719252197,46.949294777431],[-121.717566146948,46.9493784619448],[-121.717397704163,46.9493285940152],[-121.71727688655,46.9492918859738],[-121.717095694333,46.9493125834434],[-121.716929792179,46.9493107241364],[-121.716856540654,46.9492897003681],[-121.71683254323,46.9492136724483],[-121.716870556831,46.9491661176879],[-121.716996749771,46.9491321776993],[-121.717055858718,46.9491277899053],[-121.717112486536,46.9490728683159],[-121.71718615245,46.9489641904467],[-121.717046113354,46.9489906988841],[-121.716999894054,46.9489742211783],[-121.716963911197,46.948919553057],[-121.717035184128,46.948862895953],[-121.717033039595,46.9487575359757],[-121.717036547684,46.9486107440759],[-121.71703832859,46.9486105120627],[-121.717020601503,46.9485513906672],[-121.716989327864,46.9485224890582],[-121.716939792756,46.9485698229412],[-121.716859386929,46.9486651362968],[-121.716756581434,46.9486277521867],[-121.716756581543,46.948571507563],[-121.716865045627,46.9485705095877],[-121.716865806857,46.9485386058802],[-121.716900181629,46.9484655755566],[-121.716917280596,46.9484559061049],[-121.716897988547,46.9484380779404],[-121.716735007823,46.9484872313047],[-121.716658439929,46.9486328028404],[-121.716563902026,46.9486730186917],[-121.716520899361,46.9487326435659],[-121.716463529511,46.9487926481782],[-121.716384011132,46.9487969364075],[-121.716381016157,46.948801172849],[-121.716172952427,46.9488285399719],[-121.716022373584,46.9487683082234],[-121.716144600421,46.9486140720051],[-121.715873898348,46.9485527933967],[-121.715830225507,46.9485716819389],[-121.71566124656,46.9486208582788],[-121.715568427751,46.9486038571797],[-121.715570031094,46.9485368434452],[-121.715457887028,46.9485483529236],[-121.715388903703,46.9485092746224],[-121.715422897357,46.9484522001829],[-121.715480115281,46.9483985782712],[-121.715481468149,46.948395475299],[-121.715481199323,46.9483952869032],[-121.715296563431,46.9481003048689],[-121.715290406141,46.9479295553892],[-121.715385489543,46.9477891482693],[-121.715557768543,46.9477045947047],[-121.715587071976,46.947660848195],[-121.715543198623,46.9475319384401],[-121.71527349265,46.9473153999541],[-121.715074154788,46.9470591650776],[-121.715069050105,46.9471084492909],[-121.715028994657,46.9471668612396],[-121.714599064614,46.9472571657339],[-121.714454471734,46.9473713043124],[-121.714380452631,46.9474094828372],[-121.714305587699,46.9474214098356],[-121.714229701651,46.947335123746],[-121.714077522594,46.9472252725606],[-121.713953164206,46.9472366631578],[-121.713917666035,46.9473538776767],[-121.71378767061,46.947461829712],[-121.713701788383,46.947526346863],[-121.713627155136,46.9475287010868],[-121.713616516039,46.9474414037389],[-121.713547068336,46.9474331163709],[-121.713345401822,46.9474960539918],[-121.713168988432,46.9476081873834],[-121.712950735021,46.9476838163224],[-121.712929375346,46.9476822479259],[-121.712928931857,46.9476836449837],[-121.712731533867,46.9477516491546],[-121.71265200961,46.9477635226789],[-121.712630545742,46.9476866737347],[-121.712601541883,46.9476723433243],[-121.712622199077,46.9476153617979],[-121.712625283942,46.9475920422884],[-121.712614718713,46.9475677107698],[-121.712625761967,46.9475458036105],[-121.71264882994,46.9475384372708],[-121.712681731992,46.9475337228297],[-121.712712048566,46.9475336398871],[-121.712733240545,46.9475371574215],[-121.712749223703,46.947534363877],[-121.712786995085,46.9474986558142],[-121.712827489761,46.9474012641261],[-121.712888300383,46.9473571301436],[-121.712950836888,46.9473597824291],[-121.713006701675,46.9474032790222],[-121.713044447748,46.9474475536895],[-121.713060605822,46.9474475481579],[-121.713065680872,46.9474445302529],[-121.713099219621,46.9473855111929],[-121.713147422452,46.9473190213133],[-121.713219798537,46.947316418856],[-121.713372805132,46.9470689347393],[-121.713337654378,46.9470125955925],[-121.713245179468,46.9469345697513],[-121.713184583068,46.9469403579978],[-121.713018688497,46.9469384930952],[-121.712864096216,46.9469266536539],[-121.712650639323,46.9469091018221],[-121.712611056223,46.9468682520781],[-121.712649495599,46.9468030258515],[-121.712783421243,46.9467540258412],[-121.712885115248,46.9467342429978],[-121.712878944238,46.9467287688154],[-121.712849382933,46.946555299283],[-121.712662984567,46.9466231057545],[-121.712499376382,46.9466569576423],[-121.712474781503,46.9467076252651],[-121.712487772101,46.9467810052296],[-121.712471875365,46.9468288064068],[-121.712272135973,46.946854338776],[-121.712150540244,46.946850444893],[-121.712051428177,46.9468316531233],[-121.711917548651,46.9467856395569],[-121.711723309188,46.9468509562378],[-121.711729343633,46.9469548303081],[-121.711615149545,46.9470878984337],[-121.711214446582,46.9470789866188],[-121.711106239051,46.947091751015],[-121.71107616434,46.9471967672892],[-121.711046443593,46.9472698491907],[-121.710966766466,46.9472881037133],[-121.710932321986,46.9471696120902],[-121.710897934984,46.9471396343618],[-121.710797617507,46.9471834582709],[-121.710819556536,46.947189181229],[-121.710717334881,46.9473128920388],[-121.710556700769,46.9471668612482],[-121.710622008657,46.9471376553681],[-121.710646343997,46.9471440019832],[-121.710894659768,46.9469087092441],[-121.710850253564,46.9467727130434],[-121.710664081042,46.9466770033715],[-121.7104133053,46.9466578598723],[-121.710236737718,46.9467439997143],[-121.710016123092,46.9470498952763],[-121.709870661651,46.9470388071086],[-121.709850159263,46.9469056104251],[-121.70975662196,46.9469016999477],[-121.709646469392,46.9468601275761],[-121.709572920735,46.9468517222766],[-121.709459304656,46.9468226633879],[-121.709441660938,46.9467896352298],[-121.709487356541,46.9467295430008],[-121.709632405577,46.9466781469484],[-121.709717983594,46.9466462822821],[-121.709825742339,46.9466121424139],[-121.709936823203,46.946593192399],[-121.710013325988,46.946548476357],[-121.709753294179,46.9463184633072],[-121.709623710601,46.9462824672606],[-121.709460515169,46.9466104923003],[-121.709340276826,46.9466723340341],[-121.709338734352,46.9467364966159],[-121.709244018751,46.9467440605584],[-121.709044824174,46.9469350940569],[-121.708875399156,46.9469420680483],[-121.708867238465,46.9469606048389],[-121.708749184646,46.9470241111059],[-121.70870633788,46.9469887152853],[-121.70870341359,46.9469332817537],[-121.708583277579,46.9469193477625],[-121.708561797469,46.946942196879],[-121.708414498352,46.9470103601228],[-121.708203711595,46.9469930199998],[-121.708206231047,46.946888310863],[-121.70825785701,46.9468427537369],[-121.707880446556,46.9467499371151],[-121.707774634601,46.9467435314323],[-121.707676162397,46.9468224776425],[-121.707604071553,46.9467917394155],[-121.707589069343,46.9467386064267],[-121.707382132471,46.9467631419077],[-121.707230943562,46.9466648249858],[-121.707075973473,46.9464262139196],[-121.706876503534,46.9464593359752],[-121.706717526557,46.9464076649096],[-121.706486700592,46.9463152820264],[-121.70662659826,46.9462520248801],[-121.706939194977,46.946275506087],[-121.706956056132,46.9462762472775],[-121.706785013438,46.9460875058038],[-121.706557452897,46.9460790630424],[-121.706520989392,46.9461012070453],[-121.706339175056,46.9461623399706],[-121.706401471998,46.9462280383393],[-121.706395390628,46.9462845364457],[-121.706320304002,46.9463644971708],[-121.706192391554,46.9463840615602],[-121.706100298342,46.9463862540377],[-121.705982214107,46.9463897679697],[-121.705919446181,46.9463829301212],[-121.705856093047,46.9463350078784],[-121.7058362619,46.9462766006415],[-121.705796507281,46.9462129548164],[-121.705760272771,46.9461981638616],[-121.705690464804,46.9461569699947],[-121.705673104919,46.9461278077291],[-121.705623524057,46.9460947976333],[-121.705638887936,46.9460448694036],[-121.705717447468,46.9460166656529],[-121.705831047106,46.9460034048713],[-121.705846333248,46.946002648084],[-121.705940860471,46.9459268669859],[-121.706129053837,46.9459214179265],[-121.706240012833,46.9459075203606],[-121.706365943801,46.9459112454426],[-121.706423155399,46.9458768543249],[-121.706437585894,46.9458613240264],[-121.706185932626,46.9458564031595],[-121.706083806366,46.9458097931252],[-121.706064989854,46.9457789640364],[-121.706010929058,46.9457736149988],[-121.70591230805,46.9457346206925],[-121.705929730224,46.9456237042486],[-121.706022438974,46.9456020243273],[-121.706150643175,46.9456375652205],[-121.706383102778,46.9456313525848],[-121.706471699377,46.9456273043727],[-121.70663002294,46.945696121407],[-121.706723027757,46.9456439781397],[-121.706932450237,46.9455673569026],[-121.706933878814,46.9455671840599],[-121.706924126097,46.9455167136783],[-121.707065980131,46.9454552670901],[-121.707064749837,46.9453400380584],[-121.706779941552,46.9453561958506],[-121.706596773153,46.9453738892023],[-121.706485642257,46.9452754704106],[-121.706351859106,46.9452446291174],[-121.706279286537,46.9451958280994],[-121.706307038856,46.9451153315766],[-121.706393102887,46.9450632730179],[-121.706545219765,46.945024587236],[-121.706677930089,46.9450260866316],[-121.706816206048,46.9450538511445],[-121.706886503793,46.945021327328],[-121.7073794622,46.9450548743554],[-121.707447630385,46.9450852507809],[-121.707666704171,46.9448887822511],[-121.707773946502,46.9448887815982],[-121.707879140181,46.9445825810125],[-121.707811323313,46.9445529107288],[-121.708011641339,46.944440211222],[-121.708059280302,46.9444469986758],[-121.708135161417,46.9443937602018],[-121.708250035697,46.9443329210707],[-121.708183676692,46.9443129503856],[-121.708082768549,46.9442238463696],[-121.70814164104,46.9441245084164],[-121.708222207161,46.9441054667762],[-121.708290668648,46.9441259156134],[-121.708380042623,46.9440838161074],[-121.708398614102,46.9439207333021],[-121.70838509508,46.9439115286715],[-121.708204683823,46.9439257199924],[-121.708032349774,46.9438240248093],[-121.708172600292,46.9437458079947],[-121.708169628326,46.9437370580205],[-121.708099477861,46.9437214036162],[-121.70793081879,46.9436816206112],[-121.70792950075,46.9435831188185],[-121.708000755834,46.9435334170178],[-121.708104953446,46.9435305821047],[-121.708290318496,46.9434891330568],[-121.70834175255,46.9433458822993],[-121.70817515579,46.9433368608245],[-121.708251439421,46.9431930851087],[-121.708390848396,46.9431497701695],[-121.708408838158,46.9429716326359],[-121.708302621338,46.9429408517496],[-121.708255549667,46.9429049662079],[-121.7081689026,46.9428282294165],[-121.708129871242,46.9427646564205],[-121.708099124386,46.9426632973842],[-121.708134062322,46.942590457746],[-121.708238795953,46.9425285070855],[-121.708434349193,46.9425231372985],[-121.708581495049,46.9425374238692],[-121.708828837992,46.942525062278],[-121.708950665113,46.9425188609315],[-121.709045294377,46.9425704341371],[-121.709107535086,46.9425888127615],[-121.709162403878,46.9426071082262],[-121.709250752585,46.9426131555578],[-121.709309068722,46.9426443206055],[-121.709375979526,46.9426800793248],[-121.709451430533,46.9427624987423],[-121.709384432975,46.9430642468206],[-121.710045455318,46.9431937553474],[-121.710092691563,46.9433328992928],[-121.709981809288,46.9434228421516],[-121.710121404934,46.9435207189039],[-121.710169259907,46.9436769003979],[-121.710298896466,46.9437961129445],[-121.71038146413,46.9438362535912],[-121.710613872205,46.9438227569958],[-121.710862787856,46.9438516745527],[-121.710953222863,46.9439320452396],[-121.710877519631,46.9435376132009],[-121.710768439591,46.943432412991],[-121.710531653613,46.9434611255984],[-121.71050942205,46.9433506697608],[-121.710944870082,46.9432505627328],[-121.711432886049,46.9433033260428],[-121.711585777207,46.9434126633126],[-121.711470924672,46.9435410615676],[-121.711384784697,46.9438554548752],[-121.71136050716,46.9438854659399],[-121.711452800424,46.9438949530941],[-121.711546526783,46.9439205600216],[-121.711681806767,46.9438474393997],[-121.711738913767,46.9437635022245],[-121.711901622616,46.9436814534306],[-121.712112209167,46.9436812841524],[-121.712251718552,46.9438056836899],[-121.712276712322,46.9438474736491],[-121.712403685792,46.9438157603437],[-121.712563987811,46.9437351386778],[-121.712772790428,46.9436913299473],[-121.71288506065,46.9435745046751],[-121.712863986474,46.9434332686229],[-121.712667173125,46.9433408558252],[-121.712478261366,46.9432024143551],[-121.71240106265,46.9432498086358],[-121.71224029455,46.9432729382915],[-121.712154602299,46.9432021492163],[-121.712287205156,46.9431388030723],[-121.712294781379,46.9431310843575],[-121.712284464712,46.942987343283],[-121.712225230243,46.942949949313],[-121.712182064589,46.9429680448698],[-121.712020699241,46.9430161046423],[-121.712001441532,46.9430095913672],[-121.711973199079,46.9431642220762],[-121.711768756578,46.9432386354373],[-121.711608122372,46.9431364131677],[-121.711579808415,46.9430186970744],[-121.711584878968,46.9430108692141],[-121.711394701314,46.9430040734482],[-121.711359440215,46.942980503186],[-121.711243055666,46.9430244976003],[-121.711123397255,46.9430938601289],[-121.710957090452,46.9431096643253],[-121.710769211671,46.9431024983502],[-121.710678570227,46.9430383449873],[-121.710646666544,46.9429849554175],[-121.710540977,46.9429332580607],[-121.710430934683,46.9429092906037],[-121.710366218556,46.9428403778925],[-121.710496025854,46.94280901179],[-121.710445812508,46.9427503638711],[-121.710450348657,46.9427150605739],[-121.71067194814,46.9426998798806],[-121.7107721492,46.9426631288683],[-121.710772975299,46.942628722372],[-121.710800947684,46.9426118357919],[-121.71079976343,46.9426083488386],[-121.710803713993,46.9424438059992],[-121.710639652444,46.9423747221911],[-121.71059437816,46.9423984942718],[-121.71042365981,46.9424445521575],[-121.710320323461,46.9424484391673],[-121.710152041821,46.9424915553275],[-121.71006566987,46.9424581955829],[-121.709992794306,46.9424220208888],[-121.710005855036,46.9423388327631],[-121.710066229311,46.9422814307943],[-121.710097658992,46.9422009756602],[-121.710243726025,46.942106659619],[-121.710446663679,46.9420824500797],[-121.710478686094,46.941995668015],[-121.710549154379,46.9419759170531],[-121.710537233496,46.9419005492743],[-121.710492473477,46.9418821847565],[-121.710442624755,46.941808389304],[-121.710509533479,46.9417500033239],[-121.710477856044,46.9416866831379],[-121.710468470409,46.9415221655367],[-121.710493616043,46.9414006634133],[-121.71053966635,46.9413341998163],[-121.710598464626,46.9412922365042],[-121.710786291605,46.9412456376117],[-121.710869709081,46.9412892017224],[-121.710965436529,46.9413755299888],[-121.71100863798,46.9414277760378],[-121.71106123734,46.9414588146352],[-121.711226551818,46.9414241398975],[-121.711337950436,46.941413215615],[-121.711388652144,46.9415233933729],[-121.711387483412,46.941572095446],[-121.711387068973,46.9416930671412],[-121.711394712503,46.9416904795761],[-121.711558050987,46.9417766189909],[-121.711766120921,46.9418340462787],[-121.712255403665,46.9418723301647],[-121.712388113249,46.941775238818],[-121.712388118894,46.9417751677893],[-121.712085079438,46.941771758839],[-121.711993428296,46.9417007001033],[-121.712010265647,46.9415547465614],[-121.712073725877,46.9415037018536],[-121.712097261811,46.9414491626878],[-121.711987031421,46.9414113865242],[-121.711866962988,46.9414130798891],[-121.711809479928,46.9414002546928],[-121.711797753566,46.9413331404198],[-121.71184380221,46.9412666762809],[-121.711903038787,46.9412064501448],[-121.711952581858,46.9411796056189],[-121.7121141551,46.9411223746852],[-121.712041019707,46.9411167715946],[-121.711893814809,46.9411050157217],[-121.711754347806,46.9410781933072],[-121.711678088618,46.9410293541907],[-121.711698820941,46.9409336256842],[-121.711806506365,46.940902008233],[-121.711800588171,46.9408413342114],[-121.711801518577,46.9408025499543],[-121.711771191198,46.9407726253337],[-121.711778265019,46.9406630979076],[-121.711802310677,46.9405872521776],[-121.711915459749,46.9405032750769],[-121.712105902899,46.940532819775],[-121.712192888177,46.9406129590423],[-121.712297451292,46.940745314742],[-121.712332320277,46.940724318123],[-121.71240393797,46.9407200968379],[-121.712434972577,46.940679276338],[-121.712546221849,46.9406527494187],[-121.712782496525,46.940640253912],[-121.712859662581,46.9406512229639],[-121.712921964248,46.9406670750845],[-121.712926669964,46.9406710524596],[-121.713005592468,46.9406464554807],[-121.713114296019,46.940562428119],[-121.713141864749,46.9404988180706],[-121.713117973859,46.9404688293758],[-121.71298934728,46.9404708587611],[-121.712893508898,46.9404697812431],[-121.712768181185,46.9404683720533],[-121.712665756603,46.9404343918997],[-121.712566716687,46.9404130753293],[-121.712489368122,46.9404096802922],[-121.71238350017,46.9403655588697],[-121.712419157156,46.9402624227289],[-121.712519348123,46.9402357705548],[-121.712651157745,46.9402176278712],[-121.712652987457,46.9401413584437],[-121.71260138599,46.9400921123979],[-121.712604579421,46.9400544883554],[-121.712585401597,46.9400445195526],[-121.712502989299,46.9399829456707],[-121.712394610474,46.9398380871927],[-121.712207716029,46.9396636160318],[-121.712342138932,46.939555885556],[-121.712447172687,46.9394061076585],[-121.712410538386,46.9393580737457],[-121.712322987934,46.9393265607225],[-121.712166873601,46.9392290442859],[-121.712150608361,46.9391299090754],[-121.712131327619,46.9389919937921],[-121.712213085606,46.9389164570543],[-121.712197651054,46.938867221711],[-121.712328504129,46.9387698206417],[-121.712503999444,46.938722940727],[-121.712572502442,46.9387135998663],[-121.712597678415,46.9386635758253],[-121.712651731547,46.9385831421992],[-121.712705796681,46.9385026942832],[-121.71280341913,46.9385098807559],[-121.712922969103,46.9385294929478],[-121.713000833026,46.9386265120114],[-121.713033704898,46.9385459615573],[-121.713192016935,46.9384320445448],[-121.713288472447,46.9384879327381],[-121.713242325924,46.9386207865929],[-121.713266776301,46.9386796521903],[-121.713430193983,46.9387337695922]]],[[[-121.728002394861,46.944893475059],[-121.728151929824,46.9448986461052],[-121.728032301835,46.9450228260081],[-121.727942581079,46.9449630116224],[-121.728002394861,46.944893475059]]],[[[-121.726630320465,46.9449271227057],[-121.726649520491,46.94507175041],[-121.726519002657,46.9451962872494],[-121.726411337978,46.9451962872717],[-121.72646516994,46.9450040996973],[-121.726630320465,46.9449271227057]]]]}},{"type":"Feature","properties":{"hazard":"fire-perimeter","severity":"INFO","tone":"info","fire_name":"Pigeon","acres":8.666005997663255,"contained_pct":0.0,"irwin_id":"{E061A175-7027-415C-8F72-BA091D5AE576}","unit_code":"MORA","unit_name":"Mount Rainier National Park","acres_affected":8.7},"geometry":{"type":"Polygon","coordinates":[[[-121.730699456791,46.9928793724345],[-121.730739211518,46.9929347318125],[-121.730702546863,46.9930307992261],[-121.73054101508,46.9930266550864],[-121.730387418666,46.9929778920505],[-121.730343307524,46.9929265094593],[-121.730267205896,46.9929935426022],[-121.73004133562,46.9929784848287],[-121.730041336427,46.9927736728724],[-121.729896466587,46.992798323825],[-121.729741979473,46.9927871979479],[-121.729639061999,46.9927766440751],[-121.729564707868,46.9927216994944],[-121.729496617168,46.9926927079831],[-121.729539434187,46.9926272992703],[-121.729599699707,46.99254163499],[-121.729574538436,46.992524895859],[-121.72953173281,46.9923507847684],[-121.729296511933,46.9921662934389],[-121.729257016515,46.9921675972762],[-121.729149824355,46.9921632146745],[-121.729103636208,46.9920599486201],[-121.729146596438,46.9919244273896],[-121.729304863517,46.991817654277],[-121.729338232153,46.99180433095],[-121.729375066147,46.9917183851257],[-121.729680820544,46.991488379985],[-121.729888440564,46.9915169800874],[-121.729940398239,46.9914531628384],[-121.730120746646,46.9913973991981],[-121.730203194915,46.9914437141406],[-121.730230687642,46.9913968835662],[-121.730643485496,46.9914327583595],[-121.730592380451,46.9913301537978],[-121.730579296401,46.991291704789],[-121.730585471431,46.9912279339546],[-121.730633090043,46.9911869669546],[-121.730642511024,46.9911541209274],[-121.730642088399,46.9910334001097],[-121.730595953874,46.9909822687315],[-121.730610700373,46.9909505121292],[-121.730748965797,46.9908986309872],[-121.730979608278,46.9907649636797],[-121.731039770618,46.9907494702288],[-121.731077109317,46.9906952245699],[-121.731287595522,46.9906603592618],[-121.731491276566,46.9907158754068],[-121.731528926772,46.9907536534036],[-121.731622421722,46.9907859937941],[-121.731757943842,46.9907758513718],[-121.731773002248,46.9906062506761],[-121.731825357164,46.9905254532868],[-121.731830329242,46.9904775530652],[-121.731996726612,46.9904119517875],[-121.732046075852,46.9904790544113],[-121.732104277054,46.9904829511726],[-121.732107789641,46.9905629698569],[-121.73210964862,46.9905654984452],[-121.732132462734,46.9907217277316],[-121.732169822398,46.9907422828486],[-121.732418380185,46.990752128876],[-121.732406172402,46.9908300180309],[-121.732265592441,46.9908568342252],[-121.732125806912,46.9908429946843],[-121.732146814541,46.9908978967146],[-121.732186189531,46.9909268872414],[-121.732288734783,46.990974127842],[-121.732245603288,46.9910445807117],[-121.732145618985,46.9910505898968],[-121.73204404443,46.9912513181959],[-121.732037325552,46.9913003464384],[-121.732112601853,46.9914084059119],[-121.732074736591,46.9914753723539],[-121.732006529994,46.9915250676725],[-121.7319988715,46.9915809561857],[-121.731976815615,46.9916140619387],[-121.731982283868,46.9916587697815],[-121.731976179527,46.9916977152256],[-121.731913595704,46.9917089609505],[-121.731903226988,46.9917245249393],[-121.731872315546,46.9917575928803],[-121.73184829155,46.9918598173686],[-121.731765530595,46.9919696009489],[-121.731661134762,46.9920363602978],[-121.731693662013,46.9921234990867],[-121.731562190337,46.9922130964423],[-121.731362739899,46.9921804126071],[-121.731291147444,46.9922985788096],[-121.731396553621,46.9924220656097],[-121.731321263624,46.9925440783927],[-121.731110632428,46.9925869781966],[-121.730859313469,46.992571919854],[-121.730774477187,46.9926040306662],[-121.730742958732,46.9926321340612],[-121.730753250493,46.9927353686546],[-121.730784749136,46.9928060822484],[-121.730763829305,46.9928489767901],[-121.730699456791,46.9928793724345]]]}},{"type":"Feature","properties":{"hazard":"fire-perimeter","severity":"INFO","tone":"info","fire_name":"Garda Falls","acres":72.95558378797547,"contained_pct":0.0,"irwin_id":"{942121B5-9B9B-4259-A074-139A67347B5B}","unit_code":"MORA","unit_name":"Mount Rainier National Park","acres_affected":73.0},"geometry":{"type":"MultiPolygon","coordinates":[[[[-121.724349321132,46.923249457969],[-121.724261306799,46.9232963195707],[-121.724262049781,46.9233511076596],[-121.724317557201,46.9233854942234],[-121.72441008755,46.923406846971],[-121.72455011335,46.9234768610748],[-121.724501325812,46.9236023174125],[-121.724501326454,46.923633885123],[-121.724542334683,46.9237569133602],[-121.724752374243,46.9237958093275],[-121.72475237397,46.9238813811131],[-121.724717455678,46.9239468542163],[-121.724713156886,46.9240262002767],[-121.724760154319,46.9240836409207],[-121.724907959284,46.9241147583356],[-121.724907958811,46.9241823599496],[-121.725028841832,46.9242516400788],[-121.725029122566,46.9243970162441],[-121.72500388201,46.9244111875576],[-121.725109686612,46.9245092477323],[-121.725008408674,46.9246157067417],[-121.724907959247,46.9246826430501],[-121.724831365995,46.9246777330941],[-121.724817177565,46.9246827035868],[-121.724707702222,46.924805712917],[-121.724659846917,46.9249728163918],[-121.724562056239,46.9251038308082],[-121.724473069454,46.9251287339943],[-121.724340075316,46.9252583057639],[-121.7241951906,46.9252117364421],[-121.724118563762,46.9252888598875],[-121.724037973775,46.9253123309887],[-121.723974450182,46.925203852328],[-121.723888878605,46.9252738647682],[-121.723748852341,46.925289423447],[-121.723732896569,46.9252947412614],[-121.72374417098,46.9255331171586],[-121.723874513372,46.9256425334324],[-121.723947693344,46.9257438701657],[-121.723940716698,46.9258504056858],[-121.723832081573,46.9259314394598],[-121.723656045839,46.9260421824544],[-121.723543326419,46.9261079404582],[-121.723380044637,46.9260623285436],[-121.723355520042,46.9260829129841],[-121.723303731918,46.9261073923012],[-121.723222811014,46.9261265360035],[-121.723083801958,46.9261274907933],[-121.722985192519,46.9261213801192],[-121.722890716798,46.9260952683426],[-121.722839703887,46.9260871823158],[-121.722788377084,46.9260866096524],[-121.722709075333,46.9261675385878],[-121.722608742815,46.926170308402],[-121.722602069463,46.9261951342452],[-121.722493604332,46.9263097836144],[-121.722383148133,46.926313703714],[-121.722377216407,46.9263281070474],[-121.722327430558,46.9263778937391],[-121.722228365945,46.9263531277474],[-121.72213308649,46.9264629213955],[-121.721999091718,46.9264724916193],[-121.72176310574,46.9265455205823],[-121.721764570429,46.9265589895844],[-121.721758783895,46.9266054328457],[-121.721715744188,46.9266434401808],[-121.721661193015,46.9266733008149],[-121.721590757864,46.9266821368861],[-121.721510385711,46.9266959877784],[-121.721379395397,46.9268457641872],[-121.721138122891,46.9268457641961],[-121.721132592601,46.9268433968617],[-121.72103296478,46.926855850723],[-121.720809812169,46.9267394232876],[-121.720779089325,46.9267548561607],[-121.720757453889,46.9267786696847],[-121.720742458493,46.9268185945765],[-121.720718711912,46.92683276184],[-121.720589922253,46.9268345297334],[-121.720459148341,46.926831475221],[-121.720448580274,46.9268526136968],[-121.720307105793,46.9268719549683],[-121.720306071487,46.9268807453548],[-121.72024134856,46.9269205741115],[-121.720177204144,46.9269003263909],[-121.720036017937,46.926814267637],[-121.719667190125,46.9266780921717],[-121.719448219652,46.9266920030802],[-121.719270645531,46.9266505683518],[-121.719317376448,46.9264933823012],[-121.719175904617,46.9265222773729],[-121.719086287953,46.926492404835],[-121.719073874957,46.9264398897891],[-121.718906153268,46.9264030453554],[-121.71884073156,46.9263843529183],[-121.718784655824,46.9263255087919],[-121.718765963368,46.9261663398274],[-121.718855540839,46.9260292072954],[-121.718767650536,46.9258999379465],[-121.718488842649,46.925785427941],[-121.718376103439,46.925752268708],[-121.718225142009,46.9257273978443],[-121.718028106569,46.925707651398],[-121.717927337088,46.9256388672244],[-121.717969890209,46.9255416197389],[-121.718069035833,46.9255251900721],[-121.718275915518,46.9254839882541],[-121.718289693637,46.9254319391499],[-121.718434075871,46.9253074711555],[-121.718339481111,46.9252377692752],[-121.718249863995,46.925187982112],[-121.718200077295,46.9250684934419],[-121.718085566525,46.9250187063674],[-121.717901353888,46.9249987910266],[-121.717846587493,46.924998791355],[-121.717841347146,46.9249390420857],[-121.717728164975,46.9249446783684],[-121.717661440719,46.9248743234181],[-121.717587695286,46.9248743233898],[-121.717576517184,46.9248306266517],[-121.717449985985,46.9248406036258],[-121.717210733954,46.9248189069161],[-121.717145578959,46.9247969057466],[-121.716985270516,46.9248145793992],[-121.716896571106,46.9248191808045],[-121.716817539034,46.9248119109979],[-121.716776912851,46.9247571923245],[-121.716774007977,46.9246837429595],[-121.716783644604,46.9246446683011],[-121.716766206546,46.924600493651],[-121.716701483634,46.9244909616857],[-121.716611866625,46.9244411750308],[-121.716522250423,46.9244511328897],[-121.716407740479,46.924406324201],[-121.716422675949,46.9243465797166],[-121.716470608517,46.9243019969303],[-121.716472462385,46.9242171334424],[-121.716422675836,46.9241026231395],[-121.716343017128,46.9238487076777],[-121.716377868058,46.9237242395965],[-121.716426807956,46.9236732617084],[-121.716386164877,46.9236604286963],[-121.716268586894,46.9236633478273],[-121.716227735909,46.9235611970186],[-121.7162374549,46.9235497989506],[-121.716172091867,46.9235296036921],[-121.716118806344,46.9235065552764],[-121.716140710638,46.9234715193361],[-121.716195643273,46.9234256293176],[-121.716184862531,46.9233870204417],[-121.716124632419,46.9233606859871],[-121.71607418515,46.9233168204206],[-121.71606152423,46.9232589460092],[-121.716149141531,46.9232166298634],[-121.716224521094,46.9231966271972],[-121.716261882445,46.9231024294471],[-121.716292993258,46.9230739121337],[-121.716365957259,46.9230570904412],[-121.716448013164,46.9230515951448],[-121.71654146942,46.9230459630405],[-121.716590246316,46.9229738958127],[-121.716802163311,46.9229048786206],[-121.717323029695,46.9229078302655],[-121.717504552512,46.9229463597179],[-121.717537908457,46.922852966184],[-121.717645716587,46.9227882812202],[-121.717599771293,46.9227517865709],[-121.717595970054,46.9227148596429],[-121.717645571582,46.9226961708771],[-121.717722868976,46.9226938304159],[-121.717777405404,46.9226965983768],[-121.717985896883,46.9225758861635],[-121.718420561602,46.9224891521862],[-121.718683146637,46.9224891517217],[-121.718781325043,46.9224437418183],[-121.718793468578,46.9223562424337],[-121.718864069996,46.9223449514095],[-121.719016520613,46.9223349587627],[-121.718996019591,46.9224719997211],[-121.71892906457,46.9225118693731],[-121.718896807127,46.922571198964],[-121.718865649658,46.9225496287367],[-121.718837737466,46.9225662489291],[-121.718975936476,46.9226337090033],[-121.71935151152,46.9225084269786],[-121.719391167961,46.9224367199707],[-121.719356472253,46.9224074188187],[-121.719320139461,46.9223605053277],[-121.719252697938,46.9223421099752],[-121.719317026181,46.9222947199487],[-121.719357189121,46.9222791320991],[-121.719432145915,46.9222767633987],[-121.719477577029,46.9222804698782],[-121.719506786208,46.9222276528212],[-121.719735718866,46.9222000397165],[-121.719970558524,46.9222397797906],[-121.720366969098,46.9223679359556],[-121.720418670124,46.9223536915838],[-121.720583172596,46.9224079199918],[-121.720657947187,46.922550740671],[-121.72066014065,46.9225514041168],[-121.720816529074,46.9224611430003],[-121.720962713728,46.9224672913002],[-121.721136499571,46.9224477261688],[-121.721115848353,46.9227645890137],[-121.721374051366,46.9227702855985],[-121.721570189081,46.9227173922792],[-121.721480460645,46.9228570396386],[-121.721466375356,46.9228616572071],[-121.721476293934,46.9228966896373],[-121.721444092087,46.9229097961247],[-121.721443842187,46.9229130671819],[-121.721417191538,46.9229207453541],[-121.721298043596,46.9229692394182],[-121.721305520497,46.9230095630166],[-121.721501444618,46.922979652761],[-121.721961977902,46.9230693818305],[-121.722058971535,46.923051293157],[-121.722168380069,46.9230308880524],[-121.72238514588,46.9229353063173],[-121.722390534892,46.9228272070831],[-121.722508491645,46.9227884310431],[-121.722753821704,46.9227977667453],[-121.722838854455,46.9227420836769],[-121.722985777025,46.922779068312],[-121.722986842884,46.9227812525691],[-121.723026691067,46.922787335894],[-121.723110927442,46.9228001956757],[-121.723140441365,46.922966953909],[-121.723258666431,46.9230650787779],[-121.723320109833,46.9229553477306],[-121.723401116917,46.9228909091843],[-121.723388364283,46.9228533732821],[-121.723491635228,46.9228169386795],[-121.723627217993,46.9228059220788],[-121.723885927466,46.9228463927059],[-121.723871212013,46.9229216315552],[-121.72391303704,46.922936902124],[-121.723979558033,46.9229961499714],[-121.723988587825,46.9229952265371],[-121.72404974905,46.9229217607556],[-121.724107152216,46.9229009567896],[-121.724156113875,46.9228761585289],[-121.724210301212,46.9228709139929],[-121.724268791472,46.9229242020999],[-121.724285613267,46.9230536570754],[-121.724338966658,46.9231645986921],[-121.724349321132,46.923249457969]]],[[[-121.72328482526,46.919397544523],[-121.723433522032,46.9193139117962],[-121.723471424818,46.9194026717406],[-121.723478361046,46.9194849931006],[-121.723515757659,46.9195950706035],[-121.723468563308,46.9197102962425],[-121.723398638867,46.9198465906901],[-121.723250194158,46.9198529901379],[-121.723145827797,46.9198805401631],[-121.723140086063,46.9199113644136],[-121.723091365467,46.9199609356885],[-121.722948358299,46.919976880386],[-121.7228202369,46.9199700704425],[-121.722812631995,46.9199922420115],[-121.722698803921,46.9201077371426],[-121.722603439186,46.9200821218138],[-121.722524442377,46.920132415071],[-121.722403953316,46.9201055337938],[-121.722334849177,46.9200728429192],[-121.722282269316,46.9200316928724],[-121.722214809784,46.9199931448101],[-121.722241812967,46.9197581843868],[-121.722224555562,46.9197408098886],[-121.722220264477,46.9196908839207],[-121.72212783244,46.9196335001277],[-121.722191775874,46.9195148857866],[-121.722185898188,46.9195012523247],[-121.722195535902,46.9193233913232],[-121.722334202711,46.9192506871796],[-121.722353221395,46.9192154090476],[-121.723040902445,46.9193037678555],[-121.723183824585,46.9194054764226],[-121.72328482526,46.919397544523]]],[[[-121.721829325712,46.9203462676252],[-121.722033258812,46.9203400800587],[-121.722042604705,46.9203489881556],[-121.722136939479,46.9203087293996],[-121.722320795379,46.9203852982129],[-121.72233935609,46.9205480063889],[-121.722244021027,46.9206151315681],[-121.722213985574,46.9206455694043],[-121.722379124069,46.9206921837661],[-121.722439049714,46.9206804474176],[-121.722451407591,46.9206324998864],[-121.722457744976,46.9206079105545],[-121.722629205249,46.9206008663613],[-121.722630282013,46.9206097172307],[-121.722678856072,46.9205958607976],[-121.722793490282,46.9207062766053],[-121.72266123444,46.9210135101197],[-121.722546094803,46.9210593154116],[-121.722477645327,46.9210865439182],[-121.722395426798,46.9211108542045],[-121.722295502191,46.9211169723279],[-121.722274511561,46.9210653499361],[-121.722263779411,46.9210337569141],[-121.722126474227,46.9210126054122],[-121.722057184184,46.9210043140875],[-121.722065807394,46.9209492840603],[-121.72210338164,46.9209071056903],[-121.722147912265,46.9208800396533],[-121.722210604429,46.920858187894],[-121.722269222663,46.9208538306486],[-121.722317051419,46.9208418351499],[-121.722332927302,46.9207893922849],[-121.722312240497,46.9207365404203],[-121.722202017674,46.920757861675],[-121.7221434591,46.9207597142202],[-121.722065064652,46.9207070757016],[-121.72197125678,46.9207009592447],[-121.721869292818,46.9206703687535],[-121.721844821098,46.9206132701917],[-121.721815669172,46.9205892700167],[-121.72182123609,46.9205449579263],[-121.721771503153,46.9205135475981],[-121.721829325712,46.9203462676252]]],[[[-121.718428108643,46.9197071268363],[-121.7184061777,46.9196309510101],[-121.718482579806,46.9196119373964],[-121.718486511986,46.9196033513395],[-121.718476940769,46.9194254762663],[-121.718588969268,46.919287451369],[-121.718806702372,46.9192463412813],[-121.719030139553,46.9192922739275],[-121.719271684713,46.9192651367578],[-121.719358033457,46.919235492592],[-121.719362383037,46.9191996287864],[-121.719473688891,46.919179179088],[-121.719503231822,46.9191856469135],[-121.719660986206,46.919131488765],[-121.719908830413,46.9191314889164],[-121.720132841464,46.9191889149008],[-121.720157752054,46.9192128689915],[-121.720311815059,46.9192414508374],[-121.720363971393,46.9193294703587],[-121.720655173609,46.9194050793516],[-121.720761419508,46.9194511989339],[-121.720743812781,46.9195505387395],[-121.721482192897,46.9195691118],[-121.721607673551,46.9196858332036],[-121.721608325621,46.9197536608375],[-121.721669872748,46.9197785177903],[-121.721723154497,46.9199354575814],[-121.721622160015,46.9202549627528],[-121.721453540485,46.9203631323509],[-121.721530110265,46.9205000943895],[-121.721436158801,46.9206419560535],[-121.721432034018,46.9207088322194],[-121.721354795457,46.9207487360193],[-121.721252027955,46.9207852058233],[-121.721194672801,46.9208298158507],[-121.721095894414,46.9208361878055],[-121.721007782543,46.9208273768919],[-121.721000561909,46.9208775684329],[-121.720919691867,46.9208766639279],[-121.720907899014,46.9208839842575],[-121.720853731502,46.9209062887242],[-121.720789126358,46.9208961951808],[-121.720678285467,46.9209310804087],[-121.720631754022,46.9209595120641],[-121.720631098686,46.9209625986085],[-121.72063426941,46.9209683871299],[-121.720633107581,46.9210171867188],[-121.720604623216,46.9210182866108],[-121.720586074895,46.9210496758182],[-121.720541466314,46.9210592354509],[-121.720492427054,46.9210474664203],[-121.720486500292,46.9210484269631],[-121.720493325472,46.9210698606658],[-121.720491969858,46.9211267932154],[-121.720417197043,46.9211835026459],[-121.72029930119,46.9211803174122],[-121.720245133082,46.9211452671257],[-121.720155913464,46.9211548264043],[-121.720114492162,46.9211611989513],[-121.720060322406,46.921135708235],[-121.720057896351,46.9211330119941],[-121.720032614531,46.9211431357903],[-121.719942426909,46.9211803174198],[-121.719856394906,46.9211898761141],[-121.719802227372,46.921173944077],[-121.719763989488,46.921145266656],[-121.719756150637,46.9210962674227],[-121.719673682382,46.9211214143722],[-121.719447206407,46.9211225751686],[-121.719289220104,46.921129335192],[-121.719231864713,46.92112614855],[-121.719168137864,46.9210687937785],[-121.719043868923,46.9210751667102],[-121.718906855256,46.921075166842],[-121.718811263802,46.921020998175],[-121.718811263825,46.9209413387001],[-121.71871567232,46.920963643768],[-121.71859458957,46.9209636436608],[-121.718476693352,46.9209222214355],[-121.718505370534,46.9208298164008],[-121.718510020329,46.9207817793996],[-121.718372944083,46.920696652696],[-121.718359970685,46.9205256346166],[-121.718362631532,46.9205172701057],[-121.718292248598,46.9204610713834],[-121.718135091882,46.9204568053801],[-121.718070965198,46.9204555491134],[-121.718056687713,46.9203707316718],[-121.718142392598,46.9203040366745],[-121.71827425466,46.9202954900855],[-121.718347497484,46.9202912986],[-121.718503639642,46.9202963412701],[-121.718515225597,46.9202568383109],[-121.718577336521,46.9201387688148],[-121.718505370364,46.9201065079366],[-121.718451202602,46.9200618989167],[-121.718428897883,46.919988612106],[-121.71840188708,46.919927835259],[-121.718243178677,46.9199117632883],[-121.718137209134,46.9199080704327],[-121.718084278967,46.9198272935603],[-121.718183951751,46.9197883181049],[-121.718242688602,46.9197789526859],[-121.718423373295,46.9197412395718],[-121.718436141274,46.9197133559113],[-121.718428108643,46.9197071268363]]],[[[-121.721006169122,46.9213122953347],[-121.720966471545,46.9213479478146],[-121.720853187609,46.9213441766516],[-121.720769212479,46.9213382266804],[-121.720711905631,46.9212874724187],[-121.720771299723,46.9212505490001],[-121.720844723911,46.9212388401474],[-121.720884233709,46.9212295608857],[-121.720878152508,46.9211955152723],[-121.720961153086,46.9211564275973],[-121.720970197489,46.921133744895],[-121.720963886129,46.9211211207195],[-121.720979252987,46.9211110371185],[-121.720981261659,46.9211059976042],[-121.720989461561,46.9211043371119],[-121.72115990047,46.9209924863287],[-121.721362042415,46.9210843676409],[-121.721343665484,46.921200752081],[-121.72118337612,46.921222329304],[-121.72117465217,46.9212276312649],[-121.721177222904,46.9212300456287],[-121.72106507094,46.9213188397066],[-121.721006169122,46.9213122953347]]],[[[-121.717567850462,46.9219697808652],[-121.717513604204,46.9219824026054],[-121.717495407392,46.9219581407113],[-121.717492632514,46.9219591121147],[-121.717492208435,46.9219538771238],[-121.717457528301,46.9219076357811],[-121.71748721354,46.9218921795659],[-121.717482996241,46.9218401115887],[-121.717574888839,46.9217085484105],[-121.717801163844,46.9216892740053],[-121.717858842557,46.921812366341],[-121.717840713072,46.9218506737524],[-121.7177902687,46.9218846290267],[-121.717805998099,46.9218940094279],[-121.717816057249,46.9219700523649],[-121.717686727581,46.9220122156983],[-121.71758884167,46.9219857058499],[-121.717567850462,46.9219697808652]]],[[[-121.719140198376,46.9220571710452],[-121.719114759418,46.9219875731254],[-121.719019325535,46.9218667730475],[-121.719139142844,46.9217574499568],[-121.719155881572,46.9217561236146],[-121.719149774778,46.921731956766],[-121.719161666221,46.9217201876981],[-121.719183393309,46.9217277380226],[-121.719329347886,46.9217483535882],[-121.719519927557,46.9217233678972],[-121.71951212714,46.9215524384452],[-121.719345530775,46.9215199789245],[-121.71932368141,46.9214404070766],[-121.719407437999,46.9212941531639],[-121.719625626087,46.9213506852554],[-121.719640483681,46.9213348673513],[-121.719755187071,46.9213049110042],[-121.719809070028,46.9212760075818],[-121.719810705079,46.9212772281388],[-121.719845875335,46.9212081354036],[-121.720057882438,46.9212466930652],[-121.720171018405,46.9213581368294],[-121.720195611578,46.9213677761858],[-121.720275591404,46.9213155877352],[-121.720449314586,46.9213690564247],[-121.720509385786,46.9213328327368],[-121.720629388634,46.9213912998825],[-121.720544290409,46.9217177642729],[-121.720419866646,46.9218305280654],[-121.72042548155,46.9218592698556],[-121.720401508242,46.9218702515689],[-121.720317393854,46.9219637111532],[-121.720125223105,46.9220437310797],[-121.719974455349,46.9221506312311],[-121.719804830386,46.9221225930414],[-121.719574715639,46.9221599768127],[-121.719319321588,46.9221506305836],[-121.719140198376,46.9220571710452]]],[[[-121.721167877106,46.9222908203878],[-121.721192351438,46.9221973607612],[-121.721200564944,46.9221972878356],[-121.721211273882,46.9221612916434],[-121.721340093653,46.9220765918972],[-121.721435596354,46.9221937956822],[-121.721315956477,46.9222917330684],[-121.721315220897,46.9222915691684],[-121.721308066357,46.9223095116153],[-121.721167877106,46.9222908203878]]]]}},{"type":"Feature","properties":{"hazard":"fire-perimeter","severity":"INFO","tone":"info","fire_name":"Mount Emma","acres":368.2112064277129,"contained_pct":100.0,"irwin_id":"{7E5C6440-6A00-4EB7-A9E4-3B302D545F58}","unit_code":"GRCA","unit_name":"Grand Canyon National Park","acres_affected":368.2},"geometry":{"type":"Polygon","coordinates":[[[-113.171586974542,36.2711634142569],[-113.171560504279,36.2711876729217],[-113.171523855919,36.27120382578],[-113.171477974678,36.2712100709645],[-113.171442851919,36.2712077236608],[-113.171419154559,36.2711829665689],[-113.171399004264,36.2711600009382],[-113.17136420861,36.2711762922544],[-113.171316824875,36.2711668332711],[-113.17128309227,36.2711777412753],[-113.1712473497,36.2711661175809],[-113.171215823113,36.2711528273074],[-113.171180189279,36.2711353229622],[-113.171144071229,36.2711322851794],[-113.171107535901,36.2711291720392],[-113.171074708409,36.2711218804552],[-113.171026049096,36.2711270501238],[-113.170994192281,36.2711132889698],[-113.170949336469,36.2711130318616],[-113.170909102451,36.2711196519914],[-113.170878688671,36.2711360096124],[-113.170845062382,36.2711552197728],[-113.170817760737,36.271174708065],[-113.170777686815,36.2711771023824],[-113.170737725171,36.271173904426],[-113.170703740997,36.2711628687718],[-113.17066702031,36.2711738434806],[-113.170642357069,36.2711953948055],[-113.170622544848,36.2712071801629],[-113.170603533818,36.271235799151],[-113.170601468271,36.2712647558223],[-113.170572538239,36.2712904019593],[-113.170564701473,36.2713284553654],[-113.170593255654,36.2713500544178],[-113.170575674514,36.2713879837032],[-113.170551574545,36.2714123532436],[-113.170520579478,36.2714262570177],[-113.170502090741,36.2714530385531],[-113.170475771198,36.2714745955811],[-113.170453883784,36.2714967842052],[-113.170422038456,36.2715100526116],[-113.170377903971,36.2715164378224],[-113.170341157936,36.2715324947498],[-113.170300684788,36.2715438754854],[-113.170269576821,36.2715713944536],[-113.17025443309,36.2716055397091],[-113.170250783332,36.2716358194857],[-113.170222946294,36.2716577321032],[-113.170176902318,36.2716562235627],[-113.170135927413,36.2716555955475],[-113.170096476623,36.2716623742505],[-113.170074223834,36.271685202193],[-113.170068504371,36.271714062942],[-113.170035615234,36.2717367162058],[-113.170004100694,36.2717603711549],[-113.169986803881,36.2717857861507],[-113.169965583769,36.2718124251977],[-113.169935941851,36.2718323145152],[-113.169910749055,36.2718131186045],[-113.169908586556,36.2717820880498],[-113.169905231195,36.2717542086623],[-113.169892070695,36.2717209557906],[-113.169871897329,36.2716986338874],[-113.169828864178,36.2716896803281],[-113.169788640545,36.2716974941966],[-113.16974930484,36.2716846265011],[-113.169709164768,36.2716704465929],[-113.169691046748,36.2716965984401],[-113.169697834911,36.2717315551863],[-113.169725514859,36.2717498443029],[-113.169730665982,36.2717854572032],[-113.169737612702,36.2718150020194],[-113.169757372066,36.2718422330439],[-113.169770030123,36.2718717724418],[-113.169753084854,36.2718988323119],[-113.169714010944,36.27191155121],[-113.16967247141,36.2718982106182],[-113.169643932305,36.2718720474975],[-113.169604497476,36.271855038012],[-113.169577407809,36.2718302862343],[-113.169535476029,36.2718290732736],[-113.169503558492,36.2718468215972],[-113.169484529048,36.2718725834426],[-113.169445311251,36.2718862179402],[-113.169401730955,36.2718994457619],[-113.169396575328,36.2719284981539],[-113.169367415605,36.2719471148783],[-113.169332581593,36.27193827825],[-113.169307064969,36.2719625200231],[-113.169299881948,36.2719928873276],[-113.169289257603,36.2720292651417],[-113.169288932602,36.2720664304248],[-113.169281911342,36.2720972535838],[-113.169292271907,36.2721288898213],[-113.169297233573,36.2721614839257],[-113.169319260555,36.2721935493179],[-113.169349842308,36.272207205159],[-113.169352956648,36.2722378849495],[-113.169390111906,36.2722495448615],[-113.169403680091,36.2722845813877],[-113.169411914907,36.27231578478],[-113.169387770472,36.2723454080135],[-113.169348889479,36.2723664347164],[-113.169314985131,36.2723776012772],[-113.169279598497,36.2724037049906],[-113.169263752643,36.2724353066156],[-113.169275994494,36.2724699607117],[-113.169274766497,36.2725051062111],[-113.169243459482,36.272523568983],[-113.169202803039,36.272523081797],[-113.169168502069,36.2725066865796],[-113.1691433662,36.2724735806212],[-113.169096869545,36.2724767281886],[-113.169052498949,36.2724752889088],[-113.169049282503,36.2725043502667],[-113.169035992229,36.272533937828],[-113.169020549584,36.2725661161859],[-113.169008619003,36.2725952013536],[-113.168992611458,36.2726265967628],[-113.168963442695,36.2726489623041],[-113.168940999799,36.2726727056652],[-113.168982536456,36.2726911608629],[-113.168998291528,36.2727218808117],[-113.169009101094,36.2727480214573],[-113.168997245054,36.2727816517206],[-113.168995655826,36.2728099426351],[-113.169007155339,36.272838690108],[-113.168964375215,36.2728412329834],[-113.16893587695,36.2728188835045],[-113.168897825618,36.2728117771492],[-113.168867014598,36.2728000596698],[-113.168830411268,36.2727936697403],[-113.168797339681,36.2727865460152],[-113.168767262889,36.2728068746904],[-113.168747609037,36.2728418280818],[-113.168763328122,36.272868916242],[-113.168757473273,36.2728994613225],[-113.168785985984,36.2729222531488],[-113.168831688545,36.2729286546702],[-113.168866242414,36.2729443693747],[-113.168887985211,36.2729767825142],[-113.168906856228,36.2730020395943],[-113.168948955709,36.2730042619482],[-113.168958072586,36.2730361686498],[-113.168944916723,36.2730746402498],[-113.168930070427,36.2731043587861],[-113.168897577766,36.273130551396],[-113.168892072033,36.2731581436081],[-113.168911786948,36.27318191526],[-113.168942355429,36.2731997861891],[-113.16893506846,36.27322994534],[-113.168910129017,36.2732520142022],[-113.168899134189,36.2732787965366],[-113.16888547895,36.2733065050617],[-113.168859625303,36.2733323455578],[-113.168831815187,36.2733594500957],[-113.168814397117,36.2733871061003],[-113.16881725607,36.2734151991316],[-113.168821961052,36.2734428647767],[-113.168844674641,36.273464094285],[-113.168877391808,36.2734714731969],[-113.168887422406,36.2735028089881],[-113.168867402139,36.2735275818988],[-113.168831173822,36.2735494400376],[-113.16880431955,36.2735701384027],[-113.168775551199,36.2735957649606],[-113.168763237337,36.2736240007669],[-113.16879758775,36.2736234613841],[-113.168800896695,36.273652529632],[-113.168804156459,36.2736802629596],[-113.168838295673,36.2736858079567],[-113.168844483458,36.2737169349516],[-113.168819488688,36.2737443723862],[-113.168787335736,36.2737583129569],[-113.168744207787,36.2737736081734],[-113.168746546328,36.2738050600923],[-113.168763666881,36.2738410715006],[-113.1687521028,36.2738669979441],[-113.168789673999,36.273875440748],[-113.168815827663,36.273897967995],[-113.168822289486,36.2739295443025],[-113.168848400283,36.2739545844038],[-113.168844681773,36.2739837693336],[-113.168801239113,36.2739853218707],[-113.168765722776,36.2739862934292],[-113.168727871326,36.2739702184979],[-113.168690054132,36.2739901801217],[-113.168700134322,36.274016992013],[-113.168701157785,36.2740547042852],[-113.168682804215,36.2740799372673],[-113.168665149306,36.2741154952449],[-113.168667371882,36.2741430382763],[-113.168642865884,36.2741716124339],[-113.168679314576,36.274172833224],[-113.168720299072,36.2741834152391],[-113.168741841186,36.2742077198154],[-113.168750383042,36.274236100932],[-113.168784500835,36.2742413056157],[-113.168810200075,36.2742674798868],[-113.168840669351,36.2742850092155],[-113.168864797054,36.2743109902531],[-113.168898790126,36.2743009461925],[-113.168932085391,36.2742849946655],[-113.168958357097,36.2742592069583],[-113.168972184947,36.2742278763429],[-113.168981448801,36.2741994011141],[-113.168995516516,36.2741687340499],[-113.169034029094,36.2741789678167],[-113.169072641126,36.274176665485],[-113.169102880248,36.2741914687102],[-113.169138229794,36.274200395182],[-113.169177791387,36.2741958816809],[-113.16921833169,36.2741968468862],[-113.169252356013,36.2742046265084],[-113.169243823127,36.2742367443991],[-113.169270048835,36.2742562750224],[-113.169302342472,36.2742715042105],[-113.169327628506,36.2742962563124],[-113.169365681728,36.2742914185921],[-113.169399032306,36.2742783538826],[-113.169434985624,36.2742687941794],[-113.169461731485,36.2742509333121],[-113.169502446978,36.2742385614566],[-113.169537619893,36.2742429544815],[-113.16956449415,36.2742661264709],[-113.169594946107,36.2742826220616],[-113.169905776324,36.2743435003895],[-113.169910942063,36.2743372918096],[-113.169947387069,36.2743315411782],[-113.169984149649,36.2743233096429],[-113.17002078008,36.2743246988821],[-113.170049238403,36.2743451721824],[-113.170062010336,36.2743719693364],[-113.170090525423,36.2743935268303],[-113.170132242039,36.2743911001929],[-113.170163720179,36.2744210117402],[-113.170204411873,36.2744215303922],[-113.170235661655,36.2744460478353],[-113.170268266905,36.2744543504771],[-113.170301073841,36.2744770918996],[-113.170304958709,36.2745086454957],[-113.170346811379,36.274532797345],[-113.170386229204,36.2745372788961],[-113.170410175581,36.2745586605721],[-113.17041782247,36.2745920035558],[-113.170439202411,36.27461336332],[-113.17048069688,36.2746231702108],[-113.170514083748,36.2746341284125],[-113.170562498745,36.2746423250797],[-113.170601122368,36.2746507247587],[-113.170642274716,36.2746460872426],[-113.170677234186,36.274647025295],[-113.170716311384,36.2746482085448],[-113.170756034675,36.2746648013731],[-113.170791830418,36.2746413938651],[-113.170822208271,36.2746285134408],[-113.170831934953,36.2746005344349],[-113.170867990899,36.274584634092],[-113.170909058766,36.2745803243103],[-113.170956517854,36.2745876476365],[-113.171000788305,36.2745906518627],[-113.171032451079,36.2745662115766],[-113.171056744493,36.2745416446321],[-113.171082205024,36.2745205528507],[-113.171124802799,36.2745158177104],[-113.171163245273,36.2745082754862],[-113.171184200878,36.2744848165178],[-113.171234152507,36.2744872848193],[-113.171274313601,36.2744874945643],[-113.171320812712,36.2744789721953],[-113.17135606068,36.2744560927518],[-113.171406544293,36.2744575129547],[-113.171450194198,36.2744689785121],[-113.171490765553,36.2744883354758],[-113.171533660778,36.2744746911796],[-113.171575836144,36.2744781352577],[-113.171609775288,36.274461856721],[-113.171640513968,36.2744895261069],[-113.171682826287,36.2745065096505],[-113.171698229519,36.2745371743123],[-113.171727340282,36.2745569908802],[-113.171756037851,36.2745874049939],[-113.171796571614,36.2745831451721],[-113.171834699939,36.2746080942554],[-113.171802960909,36.2746391340708],[-113.171777734295,36.2746721566244],[-113.171794011394,36.2747079214991],[-113.171801808269,36.2747458117102],[-113.171812317511,36.2747777406396],[-113.171805148476,36.2748070180765],[-113.171781820412,36.2748430365004],[-113.171786682414,36.2748803842355],[-113.171797721799,36.2749126036856],[-113.171791581719,36.2749542281463],[-113.171803531923,36.274985572054],[-113.171810346756,36.2750206408295],[-113.171814155776,36.2750499964306],[-113.171791792153,36.2750785205763],[-113.171768231347,36.2751039333508],[-113.171742176377,36.2751261898136],[-113.171713562425,36.2751482133407],[-113.17167838514,36.275178431358],[-113.171651961143,36.2751970133632],[-113.171613427744,36.2752200057612],[-113.171578932872,36.2752148330832],[-113.171571393057,36.2752498967443],[-113.17159591545,36.2752700716066],[-113.171578633212,36.2753100407739],[-113.171552345853,36.2753296595404],[-113.171546813379,36.2753650553889],[-113.171509554976,36.2753727592074],[-113.171512270904,36.2754001913492],[-113.171530596104,36.2754410513776],[-113.171536520805,36.2754703523291],[-113.171528858078,36.2754976467182],[-113.171503372618,36.2755230682663],[-113.171477549729,36.2755504140268],[-113.171510669753,36.27556309207],[-113.17153784151,36.2755885665658],[-113.171572021777,36.2755836245301],[-113.171597799003,36.2755528237759],[-113.17163575474,36.275534970598],[-113.171659824759,36.2755106140017],[-113.171688168976,36.2754914653078],[-113.171724334009,36.2754869657918],[-113.171764554236,36.275483104662],[-113.171804186287,36.2754782645149],[-113.171847808558,36.2754856571847],[-113.171864821913,36.2755178951756],[-113.171907212233,36.2755004345534],[-113.171955497661,36.2754941707237],[-113.171990995244,36.2754800883083],[-113.172024778714,36.2754666959204],[-113.172058491073,36.2754783724567],[-113.172074152587,36.2755103907123],[-113.172085327645,36.2755379782945],[-113.172108428487,36.2755615986265],[-113.172145042771,36.2755701352587],[-113.172161079675,36.2756026424268],[-113.172143945237,36.2756401041137],[-113.172133104238,36.275667627549],[-113.17213887593,36.2756952547221],[-113.172038970188,36.2758560920048],[-113.172075867847,36.2758568141496],[-113.172090669441,36.2758921433867],[-113.172097949579,36.2759192510101],[-113.172089042644,36.2759499255944],[-113.17207606422,36.2759780899695],[-113.172043668305,36.2759927136534],[-113.172030116379,36.2760260928799],[-113.171993442065,36.2760340350143],[-113.171956363365,36.2760256987667],[-113.171915926198,36.2760251959305],[-113.171888462588,36.2760444323353],[-113.171898353383,36.2760729157803],[-113.17187696964,36.2760972407429],[-113.171850296667,36.2761148412327],[-113.171859803484,36.2761511202832],[-113.171836996897,36.2761737927637],[-113.171804496824,36.2761988424706],[-113.171759033726,36.2762046142055],[-113.171726406505,36.2761917343937],[-113.171682254507,36.2761770899777],[-113.171643387779,36.2761884311946],[-113.171609367473,36.2762062660637],[-113.171572378099,36.2762131673188],[-113.171540584184,36.2762339362011],[-113.171505921254,36.2762391060296],[-113.171476141085,36.276254130019],[-113.171445533089,36.2762861632253],[-113.171417363507,36.2763082119636],[-113.171374980977,36.276326535777],[-113.171339449473,36.2763288847648],[-113.17130915287,36.2763439947095],[-113.171283466693,36.2763667238999],[-113.171247181518,36.2763881178041],[-113.171205489558,36.2764177897199],[-113.17120323106,36.2764451995491],[-113.171247346597,36.2764322073919],[-113.171275162491,36.2764501051509],[-113.171289396514,36.2764788189218],[-113.171322779533,36.276457341616],[-113.171351072234,36.2764840504747],[-113.171384298391,36.2764975720905],[-113.171415549954,36.2764723703113],[-113.171414101631,36.2764446862006],[-113.171446286972,36.2764324154454],[-113.171483992491,36.2764314691035],[-113.171493292373,36.2764708102472],[-113.1715253392,36.2764852789408],[-113.171554987684,36.2765022996717],[-113.171583572963,36.2765224899527],[-113.17162804841,36.2765188715393],[-113.171661641,36.2765250061086],[-113.171704834115,36.2765139585436],[-113.171741852464,36.2765382265455],[-113.171780941205,36.2765364176179],[-113.1718139366,36.2765133292833],[-113.17185017618,36.2765016616789],[-113.171874371967,36.2764660493122],[-113.171902072858,36.2764901954158],[-113.171943432171,36.2765007063899],[-113.171970538227,36.2765234715899],[-113.172001783853,36.2765361799397],[-113.172040254849,36.2765395153797],[-113.172049683654,36.2765722111316],[-113.17208823251,36.2765793993432],[-113.172122696725,36.2765736831272],[-113.172153558799,36.2765941996502],[-113.172184131479,36.2765819039203],[-113.172201324142,36.2765564571606],[-113.17222945452,36.2765794263214],[-113.172236436793,36.2766122494407],[-113.17226478061,36.2766278974987],[-113.172291478365,36.2766078952511],[-113.172320534873,36.2765856003456],[-113.172348338671,36.2765648992639],[-113.172378683061,36.2765831230703],[-113.172412359888,36.2765869925891],[-113.172437977384,36.2766060495099],[-113.172465266167,36.2766252400977],[-113.172473982471,36.276654513691],[-113.172491265929,36.2766848303857],[-113.17252256919,36.2766980062546],[-113.17255318528,36.2767134588128],[-113.172585890665,36.276727699823],[-113.172609992016,36.276699733436],[-113.172643200868,36.2767060748023],[-113.172678843203,36.2766884454123],[-113.172713787161,36.2766742151031],[-113.172747346091,36.2766498994398],[-113.172783237365,36.2766473136459],[-113.172810266952,36.2766668685059],[-113.172840522767,36.2766475234494],[-113.17287948639,36.2766328901292],[-113.172903859801,36.2766526419745],[-113.172931960777,36.2766693227341],[-113.172962316673,36.2766847835215],[-113.172974399121,36.2767131206667],[-113.172986330821,36.2767390719554],[-113.17300166907,36.2767643060299],[-113.173035783375,36.2767850732649],[-113.173077954633,36.2767867565156],[-113.173102503574,36.27680765616],[-113.173111529946,36.2768350952122],[-113.173137653952,36.2768530593394],[-113.173169162693,36.2768721937746],[-113.173203851694,36.2768594479853],[-113.173224653247,36.2768846683331],[-113.173255792762,36.2769021284274],[-113.173289524447,36.2769204941188],[-113.173323357551,36.2768996453365],[-113.173364331231,36.2768955139744],[-113.173398218663,36.2768879447723],[-113.17302964396,36.2771703174645],[-113.172995148248,36.2771971460936],[-113.172991102872,36.2772271365626],[-113.172977579201,36.2772589172687],[-113.172939573587,36.2772747085785],[-113.172899200077,36.2772738750319],[-113.172859095406,36.2772710941612],[-113.172822265439,36.2772778162451],[-113.172794495319,36.2772968051485],[-113.172769580037,36.2773179432668],[-113.172734729642,36.2773353572893],[-113.172694634955,36.2773523312173],[-113.172659781929,36.2773527871408],[-113.172629779103,36.2773778556783],[-113.172628013739,36.2774105475242],[-113.172634091015,36.2774391065185],[-113.172633282319,36.2774704884306],[-113.172626312146,36.2775011927432],[-113.172622619338,36.277532542348],[-113.172598164909,36.2775557722166],[-113.172568927662,36.2775817966846],[-113.17256185851,36.2776111002814],[-113.172560394445,36.277646268986],[-113.1725676339,36.277675269256],[-113.17257237055,36.2777045394523],[-113.172587537927,36.2777330035382],[-113.172547820903,36.2777221285488],[-113.172502548549,36.277730232527],[-113.172475932741,36.2777538847303],[-113.17245181898,36.2777280880942],[-113.172449173869,36.2776949545226],[-113.172415687347,36.2776708208674],[-113.17238653854,36.2776529340918],[-113.172392747225,36.2776128271575],[-113.17241446567,36.2775898056924],[-113.172441545899,36.277560982091],[-113.172435585641,36.277533791022],[-113.172419714935,36.2775024400321],[-113.172387119144,36.2774879869747],[-113.172347385722,36.2774959920324],[-113.17230926854,36.2775052773765],[-113.172278660225,36.2775251749313],[-113.17224174537,36.2775394030775],[-113.17222462739,36.2775132530212],[-113.172228168488,36.2774818863531],[-113.172265427952,36.2774698503581],[-113.172270547947,36.2774343610336],[-113.172283950091,36.2773994296659],[-113.172279083994,36.2773654044462],[-113.172242122978,36.2773457955953],[-113.172230383629,36.2773188267102],[-113.172217356282,36.2772805313446],[-113.172203416264,36.2772437271819],[-113.172155767897,36.2772351396118],[-113.172113325569,36.2772186642907],[-113.172075479553,36.2772396172024],[-113.172037951138,36.2772524295858],[-113.172001537548,36.2772536527857],[-113.171960201433,36.2772676114537],[-113.171965855957,36.2772333292587],[-113.171970713621,36.2772059226708],[-113.171958360448,36.2771749971369],[-113.171923855955,36.2771553705899],[-113.171880246321,36.2771434871747],[-113.171846431528,36.2771287424413],[-113.171802033108,36.277129367938],[-113.171768269367,36.2771383171249],[-113.171726591437,36.2771288132922],[-113.171706111657,36.2771508215397],[-113.171669092825,36.2771785690473],[-113.171638582685,36.2771959048022],[-113.171596273764,36.2772168196637],[-113.171568017599,36.2772333032318],[-113.171555064947,36.2772618086975],[-113.171525007597,36.2772443050624],[-113.171509540645,36.2772134486646],[-113.171471824877,36.27721154782],[-113.171467588465,36.2771722724351],[-113.171465391556,36.2771425224965],[-113.171421345981,36.2771641592838],[-113.171374422938,36.2771699330646],[-113.171340119293,36.2771767151617],[-113.171292609588,36.2771752571638],[-113.171244028519,36.2771774790181],[-113.171217699156,36.2771601275196],[-113.171188532834,36.2771456902543],[-113.171171885388,36.2771193106596],[-113.171141724271,36.277090421967],[-113.171140282554,36.2770613262089],[-113.171115718775,36.2770958490656],[-113.171089962647,36.2771162648022],[-113.171050439735,36.2771396625852],[-113.171029869879,36.2771666640709],[-113.170997667392,36.2771576341601],[-113.170961711908,36.2771360525011],[-113.170924268215,36.2771529731861],[-113.170892856617,36.2771662645111],[-113.170845401703,36.2771746607781],[-113.170821268451,36.2771986100499],[-113.170775579613,36.2772046955861],[-113.170737401936,36.2772259858014],[-113.170704484476,36.2772546428172],[-113.170663163185,36.2772629159114],[-113.17063628583,36.2772964720667],[-113.170600165205,36.277304777792],[-113.170566979448,36.2772733903314],[-113.170550459612,36.2772451407186],[-113.170501318698,36.2772517899885],[-113.170483459067,36.277280270873],[-113.170473409366,36.2773133222404],[-113.170468343071,36.2773406911011],[-113.170481154136,36.2773710469375],[-113.170506232908,36.2773902339366],[-113.170537218841,36.2774063427941],[-113.170545857773,36.2774438175852],[-113.170537864478,36.2774758347156],[-113.170539382373,36.2775088941691],[-113.170554219992,36.2775441697601],[-113.170579121038,36.2775736570725],[-113.170589017781,36.2776109251421],[-113.170586925765,36.277643469671],[-113.170579426631,36.2776829987533],[-113.170587460267,36.2777206026081],[-113.170594331394,36.2777516034989],[-113.170595600153,36.2777882467627],[-113.170618471128,36.2778095875075],[-113.170646642944,36.2778346952051],[-113.170665502731,36.2778577934163],[-113.17068484371,36.2778820267081],[-113.170704739869,36.2779052836599],[-113.170705995238,36.2779443752496],[-113.170720443884,36.2779772972249],[-113.170720572041,36.2780127083121],[-113.170721165007,36.2780457295731],[-113.170718433462,36.2780755600119],[-113.170743322012,36.2781026183541],[-113.170754192752,36.2781309966605],[-113.170755222722,36.2781619098229],[-113.170770773742,36.2781889322195],[-113.170807065134,36.2781730735705],[-113.170837827158,36.2781565320496],[-113.170876565091,36.2781484590364],[-113.170895953194,36.2781225092892],[-113.170902072974,36.27809371156],[-113.170913634328,36.2780652413457],[-113.170950350833,36.2780689506035],[-113.170987504373,36.2780672987537],[-113.171021646766,36.2780597841737],[-113.171022022866,36.2780318911624],[-113.171057795117,36.2780277162424],[-113.171094270612,36.2780433800235],[-113.171128690776,36.2780201361968],[-113.171163184168,36.2780214746385],[-113.171188577776,36.2779983713133],[-113.171226610437,36.2779850975502],[-113.171260112111,36.2779745091963],[-113.171285282007,36.2779481947746],[-113.171318381723,36.2779414210375],[-113.171354155713,36.277940243911],[-113.171382220346,36.2779599866983],[-113.171418488138,36.2779629305994],[-113.171457726522,36.277962800079],[-113.171484608695,36.2779865510235],[-113.171523468714,36.2779992401422],[-113.171555657222,36.2780170710058],[-113.171588341565,36.2780296550681],[-113.171606614997,36.2780030196971],[-113.171640740751,36.2779958720958],[-113.171674406067,36.2780064958887],[-113.171695313755,36.2779817235223],[-113.171730386698,36.2779864611038],[-113.171742618506,36.2780171427917],[-113.17177003686,36.2780393092583],[-113.171792222852,36.2780624306784],[-113.171821999466,36.2780787080856],[-113.171858786678,36.2780817938424],[-113.171895638521,36.2780821103468],[-113.171911319096,36.2781073671814],[-113.171945072802,36.2780988048134],[-113.171978682913,36.2781068714717],[-113.172014421207,36.278120309393],[-113.172042941298,36.2781010501514],[-113.17206942704,36.2781202500028],[-113.172096371237,36.2781462701958],[-113.172123537905,36.278163005971],[-113.172162150794,36.2781743229975],[-113.172197042075,36.278181016981],[-113.172216787687,36.2782036833147],[-113.172249191786,36.2782171547137],[-113.172272970355,36.2781914593667],[-113.172307777899,36.2782019991256],[-113.172344775306,36.278201420502],[-113.172379444053,36.2782124143418],[-113.172413278063,36.2782157041235],[-113.172422800995,36.2782461591519],[-113.172448513121,36.2782667619669],[-113.172483058997,36.2782788234124],[-113.17250537021,36.2782558560548],[-113.172541251373,36.2782632386093],[-113.172571107403,36.2782772727083],[-113.172609869355,36.2782716368676],[-113.17264507097,36.2782727375687],[-113.172677797083,36.2782572261849],[-113.172706383788,36.2782374427894],[-113.172745519752,36.2782303615418],[-113.172778467363,36.2782396631555],[-113.172813351103,36.2782440748598],[-113.172848248381,36.2782425508747],[-113.172885345263,36.2782700096749],[-113.172917937564,36.2782886575649],[-113.17295337241,36.2782945960225],[-113.17297199412,36.2782680902234],[-113.17301087893,36.2782704191102],[-113.173044959832,36.2782549505998],[-113.173080583252,36.2782554053439],[-113.173114217959,36.2782592141253],[-113.173130010414,36.2782837530815],[-113.173163530567,36.278302578728],[-113.173199991738,36.2783087949993],[-113.173228295108,36.2783343954245],[-113.173248724106,36.2783567237674],[-113.173282197763,36.2783796108357],[-113.173314172669,36.2783930113265],[-113.173354245174,36.2784018362145],[-113.173390402818,36.2784139645342],[-113.173413074091,36.278434613412],[-113.173429462018,36.2784608297393],[-113.173449919544,36.2784847051563],[-113.173501987654,36.2784869275722],[-113.173539087501,36.2785001924497],[-113.17357702231,36.2784994512785],[-113.173612975214,36.2785070449228],[-113.173640867724,36.2785275780807],[-113.173664997376,36.2785525999097],[-113.173690901426,36.2785705949408],[-113.173676799736,36.2785971863055],[-113.173653667502,36.2786193611916],[-113.173623397738,36.2786370184707],[-113.173584968128,36.2786480576382],[-113.173548196378,36.2786605115219],[-113.173527128561,36.2786986803703],[-113.173495150634,36.2787190520159],[-113.173456929708,36.2787321586654],[-113.173427802774,36.2787478761283],[-113.17338884566,36.2787642626578],[-113.173349293141,36.2787692966002],[-113.173311775139,36.2787832250794],[-113.173272786499,36.2787811758006],[-113.173240164569,36.2787982393923],[-113.173249929975,36.2788571322394],[-113.173267850563,36.2788840201738],[-113.173256160995,36.2789139414121],[-113.173213511662,36.2788985131371],[-113.173173038152,36.2788891664005],[-113.173128083688,36.2788902892474],[-113.173095010833,36.2789042621348],[-113.173054257834,36.2789184773895],[-113.173004920319,36.278911482035],[-113.172996796195,36.278958099156],[-113.172970832064,36.2789818964588],[-113.172949221439,36.2790119448417],[-113.172914993951,36.2790302489565],[-113.172876878813,36.279046135988],[-113.17282984488,36.2790596297852],[-113.172785079057,36.2790696878275],[-113.172753740487,36.2790851866415],[-113.172714830584,36.2790936509762],[-113.17266769597,36.279093236807],[-113.172624745206,36.2790886985817],[-113.172587943478,36.2790926961926],[-113.17255576809,36.279083915903],[-113.172524207063,36.2790718777524],[-113.17248260638,36.2790582139409],[-113.172446153645,36.2790450847991],[-113.172409109254,36.2790486009338],[-113.172376457834,36.2790322452326],[-113.172343873063,36.2790162452483],[-113.172304307366,36.2790024587617],[-113.172265690617,36.278990455927],[-113.17222533871,36.2789738074726],[-113.172205770586,36.2789444192086],[-113.172187316728,36.2789144653714],[-113.172184540856,36.2788827574168],[-113.172177760731,36.2788543436764],[-113.172143285059,36.2788562284634],[-113.172106108181,36.2788663682762],[-113.172069322962,36.2788572633061],[-113.172017918539,36.2788625265947],[-113.171971672454,36.2788506668008],[-113.171938148269,36.2788429807604],[-113.171903256286,36.278821530609],[-113.171872447339,36.278808705253],[-113.171847993838,36.2787797734457],[-113.171833534436,36.2787525114345],[-113.171823467851,36.2787246071609],[-113.171804927589,36.2786944204778],[-113.171773205795,36.2786654449467],[-113.171741266099,36.2786455572386],[-113.17172348612,36.2786154874252],[-113.171691083938,36.2786044179663],[-113.171658317629,36.2785890060675],[-113.171613412358,36.2785734604603],[-113.171578351508,36.2785634641139],[-113.171541894118,36.2785645753091],[-113.171506735736,36.2785629903719],[-113.171470218933,36.2785519541379],[-113.171436229134,36.2785362164795],[-113.171422781165,36.2785723663208],[-113.171376661899,36.2785732699043],[-113.171338691586,36.27858727629],[-113.171304435068,36.2785639612255],[-113.171271806668,36.2785313452206],[-113.171231385143,36.2785063421089],[-113.171186885506,36.2784873917571],[-113.171158485103,36.2784714866942],[-113.171122705446,36.2784583647437],[-113.171090506022,36.2784319863969],[-113.171054880591,36.2784345560502],[-113.171010171397,36.2784352824522],[-113.170976989115,36.2784170638817],[-113.170940180066,36.2783922988159],[-113.170915321318,36.2783728321063],[-113.170879562468,36.2783694596812],[-113.17084221471,36.2783618553872],[-113.170807186352,36.2783610223167],[-113.170768509281,36.2783532925153],[-113.17073564184,36.2783459141865],[-113.170702949518,36.2783730699622],[-113.170672368889,36.2783938733767],[-113.170632915937,36.2784105402278],[-113.170621856789,36.2784409500301],[-113.170621017624,36.2784708587715],[-113.17060090245,36.2784986586438],[-113.17056933516,36.2785186083372],[-113.170553010957,36.2785555485266],[-113.170545411746,36.2785855592884],[-113.1705471157,36.2786234051684],[-113.170532544737,36.2786523851832],[-113.170542870258,36.2786865601184],[-113.170536709931,36.2787227019206],[-113.17054761393,36.2787503107817],[-113.170528486095,36.2787797584212],[-113.170511478375,36.2788043624265],[-113.170511338578,36.278838703058],[-113.170505360533,36.2788741520102],[-113.17047231386,36.2788947144245],[-113.170467091437,36.2789248091147],[-113.170436350228,36.2789376140419],[-113.170405927327,36.278951381239],[-113.170387925524,36.2789761096373],[-113.170382758426,36.2790046259449],[-113.170345499126,36.2789882469871],[-113.17031458461,36.2790615198553],[-113.170315685367,36.2790745749527],[-113.17031216803,36.2790860076304],[-113.170313262834,36.2791042339205],[-113.170319643738,36.2791065598406],[-113.170297274677,36.2791281938428],[-113.170302245742,36.2791150672606],[-113.170300196301,36.2790994722383],[-113.17028254707,36.2790930397193],[-113.170291172996,36.2790648842536],[-113.170306678359,36.2790519909447],[-113.170325959761,36.2790050109618],[-113.170321097221,36.2789884124287],[-113.17030522467,36.2789579409134],[-113.170311939042,36.2789298616156],[-113.170341634072,36.2789074185773],[-113.170321248528,36.2788738129636],[-113.17027095089,36.278865825289],[-113.170245314245,36.278843111455],[-113.170242582586,36.2788119263282],[-113.170237257847,36.2787822953498],[-113.170213071985,36.2787553683646],[-113.170201120818,36.2787234276329],[-113.170197264796,36.2786850863133],[-113.170152614703,36.2786850181293],[-113.170120379344,36.2786749412119],[-113.17011662265,36.2786405469305],[-113.17008240952,36.2786300426111],[-113.170044755264,36.2786395928517],[-113.170007587789,36.278635686898],[-113.169985280008,36.2786641556216],[-113.169954201316,36.2786907428922],[-113.169926001117,36.2787166361347],[-113.169883308318,36.2787230500316],[-113.169842579209,36.2787019630167],[-113.169830431032,36.2786723495199],[-113.169831268411,36.2786374202538],[-113.169815378822,36.278605439204],[-113.169786065987,36.2785800122134],[-113.16977721125,36.2785443449025],[-113.169812807368,36.2785303803038],[-113.169842273989,36.2785158906027],[-113.169861279553,36.2784853970104],[-113.169871245878,36.2784511700347],[-113.16982985772,36.2784308809594],[-113.16979095434,36.2784242230566],[-113.169762044056,36.2784021949796],[-113.16972880922,36.2783891841513],[-113.169686090688,36.2783901596537],[-113.169646921637,36.2783681149513],[-113.16962308721,36.2783420882263],[-113.169579238166,36.2783378545355],[-113.169535936939,36.2783420286601],[-113.169489482248,36.2783395385828],[-113.169450561418,36.2783272212629],[-113.169409723755,36.2783217043054],[-113.169380392541,36.2782980577245],[-113.169355343774,36.2782748084316],[-113.169332844527,36.2782465004164],[-113.169308804996,36.2782178850449],[-113.169276421313,36.2782085920627],[-113.1692465047,36.2781890500353],[-113.169209863135,36.278189857397],[-113.169168351869,36.2782003399527],[-113.169125676229,36.2781932094704],[-113.16908373018,36.27817917666],[-113.169047673944,36.2781609520081],[-113.169008290155,36.2781530181301],[-113.16897484268,36.2781414062473],[-113.168941396222,36.27813115809],[-113.168907277939,36.2781455859528],[-113.168868649742,36.2781516787611],[-113.168822784355,36.278150646942],[-113.168785385648,36.2781374905628],[-113.168754336128,36.2781177950026],[-113.16871734692,36.2780969083424],[-113.168679297696,36.278078023888],[-113.168635049923,36.278076793193],[-113.168601498706,36.2780855258203],[-113.168560418158,36.2780868741078],[-113.168535196487,36.2781141686841],[-113.168492390372,36.2781248078972],[-113.168461941236,36.2781383930026],[-113.168426808056,36.2781507452874],[-113.168395244949,36.2781734768277],[-113.168356424904,36.2781671666681],[-113.168321181376,36.2781713879763],[-113.168280595006,36.2781823104359],[-113.168240328663,36.2781830732857],[-113.16820257872,36.2781714626123],[-113.168169111895,36.2781800701026],[-113.168134932192,36.2782035502924],[-113.168115513124,36.2782289782812],[-113.168105542617,36.2782601036278],[-113.168111294758,36.2782875898461],[-113.168086946347,36.2783081101133],[-113.168065755334,36.2783333494009],[-113.168023426951,36.2783396956315],[-113.167986202186,36.2783436093592],[-113.167950451661,36.2783276971201],[-113.167914621378,36.2783355001296],[-113.167879500129,36.2783163387802],[-113.167853724227,36.2782961651654],[-113.16782101889,36.2782831676324],[-113.167794276953,36.2782595007364],[-113.167762367695,36.2782479958194],[-113.167740981193,36.27828186639],[-113.167710491351,36.2782959991686],[-113.167689378333,36.2783263161263],[-113.167722199298,36.2783462304184],[-113.167720827266,36.2783765949925],[-113.167728265049,36.2784070314512],[-113.167736477606,36.2784427385175],[-113.167754334501,36.2784679185923],[-113.167776641124,36.2784974102822],[-113.1677824488,36.2785318170336],[-113.167766966355,36.2785639013075],[-113.16774129073,36.2785929102231],[-113.167705691216,36.2785885767156],[-113.167675125693,36.2785625103164],[-113.167626569653,36.278576016156],[-113.167591521899,36.2785713859768],[-113.167578600819,36.2786031452609],[-113.167584466691,36.2786356743411],[-113.167550318275,36.2786425904556],[-113.167499201077,36.2786324469],[-113.167476833644,36.2786051817121],[-113.167442171041,36.2786127461818],[-113.167410361572,36.2786236894745],[-113.167380628207,36.2786329402227],[-113.167341332311,36.2786517339595],[-113.167323017342,36.2786749533083],[-113.167288736061,36.2786741687564],[-113.167244973669,36.278661196681],[-113.167225434652,36.2786323884166],[-113.167220871806,36.2785967341205],[-113.167247207704,36.2785682460449],[-113.167261508974,36.2785324894877],[-113.167261260267,36.2784975339435],[-113.167221405604,36.2784870247228],[-113.16719952905,36.2784642609735],[-113.167176535191,36.2784410271384],[-113.167181531756,36.2784111737228],[-113.167190675035,36.2783731473292],[-113.167179798114,36.2783387441176],[-113.167206838357,36.2783178949054],[-113.16723410421,36.2782830245852],[-113.167278465166,36.2782744568906],[-113.167296928579,36.2782489598305],[-113.167338337708,36.2782425421917],[-113.167370956226,36.2782257984362],[-113.16735020946,36.2782031494318],[-113.167346608712,36.2781685926737],[-113.167335418379,36.2781386370486],[-113.167300128077,36.2781174604502],[-113.167287831927,36.2780877312807],[-113.167255202817,36.2780794156615],[-113.167247360849,36.2780500951666],[-113.167267473329,36.2780187769896],[-113.167298474704,36.2780036994401],[-113.167333336533,36.2779885753226],[-113.167364900385,36.277967713461],[-113.167366461107,36.2779652578065],[-113.167373643821,36.2779342731997],[-113.167352815787,36.2779064690002],[-113.167317845925,36.2779098765316],[-113.16727083446,36.2779171105129],[-113.167243617747,36.2778864494486],[-113.167209694391,36.2778839827552],[-113.16717804776,36.277897343176],[-113.167139163974,36.2779144429315],[-113.167095073153,36.2779222656599],[-113.16706781009,36.2779528066778],[-113.167057039835,36.2779801454177],[-113.167016947108,36.2779936652261],[-113.166985840329,36.2779755043465],[-113.166969025463,36.2780018034275],[-113.166939663614,36.2780204575029],[-113.166909372953,36.2780395006692],[-113.166920503382,36.278070114513],[-113.166933491921,36.2781044371085],[-113.166946219777,36.2781385913672],[-113.166923380277,36.2781651781267],[-113.16692519656,36.2781935830346],[-113.166899894864,36.2782132550422],[-113.166863201937,36.2782135353209],[-113.166839820388,36.2782435894988],[-113.166821258261,36.2782742584673],[-113.166780519244,36.2782812000884],[-113.166748272976,36.2782936167299],[-113.166708775804,36.2783096800898],[-113.166664666903,36.2783278505767],[-113.166629139121,36.2783371376634],[-113.166611192072,36.2783636437984],[-113.166595060496,36.2783889353448],[-113.166560967828,36.2784078129849],[-113.166523256848,36.2783985734458],[-113.166485810715,36.2784070876436],[-113.166452841601,36.2784144210314],[-113.166447311562,36.2783817001206],[-113.166424518071,36.2783575710623],[-113.166395981086,36.2783370118129],[-113.16640369894,36.2783077725044],[-113.166414677048,36.2782781171695],[-113.166438497814,36.2782524275982],[-113.16644675672,36.2782256463983],[-113.166453373443,36.2781889529853],[-113.166451687972,36.2781499718691],[-113.166420954862,36.2781357817608],[-113.166381911947,36.2781397261372],[-113.166338028774,36.2781455239815],[-113.166291342626,36.2781446412676],[-113.166245739479,36.2781508001457],[-113.166203985238,36.2781344652778],[-113.166166017802,36.2781388569972],[-113.166128600152,36.2781225832266],[-113.166087178881,36.2781178905302],[-113.16605457264,36.2780925565312],[-113.166055355492,36.2780647760179],[-113.166055775996,36.2780347603937],[-113.166060358786,36.2779993062665],[-113.166055115663,36.2779627412504],[-113.166081963936,36.2779376386549],[-113.166096260774,36.2779077068822],[-113.166134795785,36.2778940903203],[-113.1661691162,36.2778790259256],[-113.166205324062,36.2778943472417],[-113.166236949638,36.2779184370718],[-113.16627588184,36.2779149210929],[-113.166305433954,36.2778836140754],[-113.166339990069,36.27788054063],[-113.166367613047,36.2778621237242],[-113.166351971416,36.277834263206],[-113.166328782022,36.2778040607398],[-113.166306099012,36.2777740140401],[-113.166323695137,36.2777479018929],[-113.166350415569,36.2777291741553],[-113.166385699664,36.2777068119679],[-113.166420660135,36.2777031065311],[-113.166463495304,36.2776974619565],[-113.16650065043,36.2776920438002],[-113.166505268641,36.2776774887985],[-113.166534191654,36.277661484663],[-113.166570502119,36.2776468158365],[-113.16661121493,36.2776485205901],[-113.166651062458,36.2776483616826],[-113.166692245712,36.2776519426204],[-113.16673154707,36.2776402030267],[-113.166768437281,36.2776232323806],[-113.166803889274,36.277622972827],[-113.166817463691,36.2776557822557],[-113.16684740712,36.277682362221],[-113.166878959477,36.2777064171529],[-113.16689539771,36.2777342956083],[-113.166934164292,36.2777452059447],[-113.166971216118,36.2777421718031],[-113.167010737374,36.2777435374773],[-113.167043347295,36.2777268498523],[-113.167063697628,36.2776968866436],[-113.16710413971,36.2776881962716],[-113.167129654932,36.2776677596057],[-113.167143877363,36.2776384140434],[-113.167133539668,36.2776080066796],[-113.167099585513,36.2775896477725],[-113.167074162801,36.2775713207686],[-113.167054507413,36.2775475504617],[-113.167015732611,36.277544190084],[-113.166976148451,36.2775323734061],[-113.166987824274,36.2775059403447],[-113.166993611256,36.2774732288201],[-113.166979838328,36.2774477348237],[-113.166965103669,36.2774217201494],[-113.16696093084,36.27739207082],[-113.166951747308,36.2773647107366],[-113.166961965937,36.2773327625461],[-113.166968416814,36.2772984156414],[-113.166976762842,36.2772687962533],[-113.166987665348,36.2772424177716],[-113.166975724716,36.2772093921614],[-113.16699887651,36.2771845681955],[-113.167032315073,36.2771775254047],[-113.167073213968,36.2771756221014],[-113.167098801659,36.2771545910358],[-113.167109316001,36.277121947032],[-113.167154118442,36.2771038854995],[-113.16719752503,36.2770923498493],[-113.167235972618,36.2770916951473],[-113.16727460701,36.2770820964788],[-113.167306654022,36.2770582288609],[-113.16732433464,36.2770228319562],[-113.167319314986,36.2769894546546],[-113.167302835169,36.2769572540968],[-113.167297519299,36.2769204912568],[-113.167287881543,36.2768871742482],[-113.167297750377,36.2768532917488],[-113.167305148324,36.2768247783683],[-113.16733758567,36.2768142239306],[-113.16737767724,36.2768054758313],[-113.167417891318,36.2768108984463],[-113.167456583482,36.2768143827822],[-113.167490632787,36.2768178377213],[-113.167516125725,36.2767991446061],[-113.167525008364,36.2767680065787],[-113.167526416777,36.2767323134139],[-113.16751697922,36.276703379702],[-113.167520607076,36.2766669116858],[-113.167498884549,36.2766392760514],[-113.167474393653,36.2766149057529],[-113.167432486156,36.2766089072465],[-113.167416274867,36.2765829933103],[-113.16739009415,36.276550853283],[-113.167391679725,36.2765176996359],[-113.167363699125,36.2764945805766],[-113.167358872846,36.2764621164487],[-113.167380950704,36.2764335315886],[-113.167416871602,36.2764221108595],[-113.167449900021,36.2764316468561],[-113.167489564404,36.2764457784211],[-113.16753250271,36.2764370886199],[-113.16752177762,36.2764101414104],[-113.167532120513,36.2763798809649],[-113.167570994979,36.2763650905384],[-113.167588368954,36.2763366071616],[-113.167597235819,36.2763016413475],[-113.16758425481,36.276262839832],[-113.167575436562,36.2762269147775],[-113.167580807627,36.2761910902649],[-113.167603654879,36.2761542665238],[-113.1676086496,36.2761185200414],[-113.167584581638,36.276084482241],[-113.167571503578,36.2760467181421],[-113.167580149951,36.2760159359226],[-113.167568318241,36.2759819394322],[-113.167595471543,36.2759503583258],[-113.167583656227,36.2759141369881],[-113.167566644048,36.2758878788505],[-113.167592661789,36.2758611649369],[-113.167588141195,36.2758209183578],[-113.167593331316,36.2757828590527],[-113.16760071465,36.2757431582643],[-113.167607743489,36.275712495509],[-113.167593201476,36.2756865179718],[-113.167543013648,36.2756865627218],[-113.167509634367,36.2757013192934],[-113.167507229086,36.2757338126912],[-113.167473551693,36.2757647188792],[-113.167442013266,36.2757764856],[-113.167412681536,36.2757908821234],[-113.167376046884,36.2758106578562],[-113.167331470367,36.2758123061467],[-113.167292934813,36.2758222761956],[-113.167260321324,36.275835785757],[-113.167227751651,36.2758475792311],[-113.167184697342,36.2758436502088],[-113.167155504279,36.2758592799177],[-113.167121406446,36.275862870769],[-113.167086064547,36.27587537606],[-113.16706025873,36.2758437366193],[-113.167036283705,36.2758180805471],[-113.167010171496,36.2757952871678],[-113.166972426587,36.275781716437],[-113.166977348789,36.2757449879082],[-113.166956839302,36.2757130559351],[-113.166943501082,36.2756848319417],[-113.166917556627,36.2756633523836],[-113.16687739678,36.2756679210608],[-113.16687685826,36.2756996973817],[-113.166846133291,36.2757115771933],[-113.166809534028,36.2757134313132],[-113.16678205816,36.2757353672526],[-113.166752864872,36.2757176916904],[-113.166723409235,36.2756935058604],[-113.166693762938,36.2756703149724],[-113.166666948325,36.2756370072864],[-113.166630934152,36.2756538637654],[-113.166598078433,36.2756468950774],[-113.166561862245,36.275643115901],[-113.16653131573,36.2756552105263],[-113.16649731422,36.2756648610855],[-113.166468389806,36.2756863058279],[-113.166451513439,36.2757110547172],[-113.166410232433,36.2756945571872],[-113.166451782887,36.2756941836221],[-113.166483012546,36.2756664506924],[-113.166509622667,36.2756466982777],[-113.166542734274,36.2756352593252],[-113.166577649308,36.2756387222785],[-113.16661285078,36.2756328960422],[-113.166620396556,36.2756049325501],[-113.166658866145,36.2755875033736],[-113.166677166639,36.2755535501142],[-113.166724465693,36.2755425939722],[-113.166760896374,36.2755220018994],[-113.166770855496,36.2754876373756],[-113.166802778678,36.2754607976584],[-113.166793306929,36.275421511499],[-113.166787610991,36.2753833890532],[-113.166808448978,36.2753499828724],[-113.166801402045,36.2753107879631],[-113.1667907397,36.2752735325107],[-113.166789368741,36.2752365872596],[-113.16678802146,36.2751983643547],[-113.166763765238,36.2751636537681],[-113.166757204104,36.2751284196298],[-113.166780831816,36.2750960255879],[-113.166796424326,36.275063420253],[-113.166787363827,36.2750266459314],[-113.166773401753,36.2749916333762],[-113.16673509631,36.274972750203],[-113.166688327135,36.2749717753782],[-113.166662730633,36.2749375027848],[-113.166649509908,36.2749026074734],[-113.166618399171,36.2748889659507],[-113.166578292635,36.2748691139612],[-113.16653284536,36.2748581704313],[-113.16649168043,36.2748435204038],[-113.166444271869,36.2748526757169],[-113.166397440095,36.2748522526413],[-113.166356152576,36.2748602297798],[-113.166312597035,36.2748466433517],[-113.166273291131,36.274828408207],[-113.166240972402,36.2747991697406],[-113.166198569764,36.274792214401],[-113.166153624239,36.274787862279],[-113.166117816506,36.2747649334146],[-113.166075778531,36.2747596118949],[-113.166040014801,36.274766670398],[-113.165992619954,36.2747690317463],[-113.165961847066,36.2747956845569],[-113.165918309321,36.2747961921999],[-113.165878581443,36.2748094904758],[-113.165851078527,36.2748328228969],[-113.165837435285,36.2748672171466],[-113.165800947617,36.274877447055],[-113.165787583937,36.2749096324131],[-113.165790426311,36.2749450169142],[-113.165763608853,36.2749741434467],[-113.165725374213,36.2749870198242],[-113.165694243657,36.2750097590407],[-113.165659520392,36.2750233766943],[-113.165622146907,36.2750426037314],[-113.165627193787,36.2750737353502],[-113.165602836378,36.2750952891356],[-113.165579290794,36.275117862067],[-113.165559126539,36.2751400546569],[-113.16555077201,36.2751765100149],[-113.165523664977,36.2752084170233],[-113.165511122839,36.2752360563407],[-113.165485218048,36.275255032308],[-113.165489511937,36.2752830859141],[-113.165461355354,36.2753035998247],[-113.165423044872,36.2753246573083],[-113.165393404912,36.2753407985448],[-113.165369032843,36.2753603362111],[-113.165334025544,36.2753490552895],[-113.165289719418,36.275345655718],[-113.165266912265,36.2753219124375],[-113.165230997572,36.2753358886583],[-113.165191743618,36.2753406080114],[-113.165156427351,36.2753407068743],[-113.165121811634,36.2753489584432],[-113.165091687643,36.275362571049],[-113.165044749341,36.275363057946],[-113.165006686358,36.2753657988192],[-113.16496327629,36.2753611480366],[-113.16492890451,36.275334265591],[-113.164911147937,36.2752966985759],[-113.164895245066,36.2752680061111],[-113.164860813048,36.275281215354],[-113.164817096945,36.2752789838974],[-113.164801854371,36.275244573863],[-113.164761797548,36.2752314291702],[-113.164724276849,36.275240864436],[-113.1646824767,36.2752416610495],[-113.164645103322,36.2752567532524],[-113.164614421782,36.2752743634447],[-113.164595799196,36.2752414270169],[-113.164600861029,36.2752092307722],[-113.164556751831,36.2752131995717],[-113.164521968641,36.275233323989],[-113.164482142638,36.275236999779],[-113.164463040334,36.2752619851983],[-113.164423254508,36.2752771129021],[-113.164395499564,36.2752594566771],[-113.164361490687,36.2752341782208],[-113.164321790019,36.275239530919],[-113.16429732676,36.2752146582857],[-113.164261910545,36.2752012193865],[-113.164234839959,36.2752247103675],[-113.164204173761,36.2752458219558],[-113.164175381056,36.2752677811465],[-113.164135917706,36.2752707237609],[-113.164110737032,36.2752357517356],[-113.16406648166,36.275252570064],[-113.164023737268,36.2752421499097],[-113.164000634356,36.2752100588449],[-113.163970126705,36.2752373985956],[-113.163960038122,36.2752667149373],[-113.163950690837,36.2752934886466],[-113.163929238484,36.2753250883303],[-113.163884452673,36.2753166502129],[-113.163855271882,36.2753382657246],[-113.163818242272,36.2753514631026],[-113.163776200679,36.2753710156341],[-113.163742089439,36.2753775468952],[-113.163726259038,36.2754144060621],[-113.163689322181,36.2754299975331],[-113.163648441497,36.2754383783005],[-113.163612126016,36.2754494625244],[-113.163578459371,36.2754582291738],[-113.163550376319,36.2754751367781],[-113.16350486756,36.2754635775801],[-113.163471559822,36.2754495774974],[-113.163439198117,36.2754711387112],[-113.163388298475,36.2754783405661],[-113.163380414998,36.2755152433492],[-113.16335834869,36.2755372744056],[-113.163319376424,36.2755588209208],[-113.163286317239,36.2755739905636],[-113.163257277615,36.2755904458035],[-113.163219151347,36.2756073151499],[-113.163186575414,36.2756153120219],[-113.163154817052,36.2756256259051],[-113.163131569765,36.2756480676787],[-113.163111487856,36.2756712976428],[-113.163102098039,36.2757017856567],[-113.163080346446,36.2757277625245],[-113.163081789008,36.2757560715313],[-113.163075863448,36.2758032990824],[-113.163063309806,36.2758337424901],[-113.163098595312,36.2758465964218],[-113.16313253572,36.275848627734],[-113.163166213493,36.2758394094254],[-113.1631690288,36.2758700226993],[-113.163152243861,36.2758970345982],[-113.163141814323,36.2759345404788],[-113.163096038963,36.2759400297435],[-113.163058760243,36.2759426837004],[-113.163038064024,36.2759704405755],[-113.163033261253,36.2759983343955],[-113.163040714227,36.2760307683244],[-113.163044378008,36.27606163305],[-113.163050561195,36.276089885117],[-113.163061545456,36.2761208751645],[-113.163084042338,36.2761434346916],[-113.163115094734,36.2761215304103],[-113.163148775892,36.2761333623723],[-113.16314959428,36.2761640613564],[-113.163121557733,36.2761807706244],[-113.163137245917,36.2762083152777],[-113.163134490442,36.2762394394775],[-113.163139935973,36.2762673812992],[-113.163157114655,36.2762919380142],[-113.163165368174,36.2763242132286],[-113.1631725251,36.2763556781351],[-113.163183815184,36.2763896785803],[-113.163191349586,36.2764263492108],[-113.163192442661,36.2764668779451],[-113.163235787034,36.2764652579979],[-113.163241916214,36.2764924771708],[-113.163264857026,36.2765170386559],[-113.163245496287,36.2765427685789],[-113.16325196905,36.2765714651692],[-113.163287700145,36.2765778644582],[-113.163286888397,36.2766058843573],[-113.163313526253,36.2766244795339],[-113.163313886008,36.2766565469638],[-113.163312668106,36.2766859839376],[-113.16334970712,36.2766975396441],[-113.163350747411,36.2767251032878],[-113.163380822956,36.2767407167334],[-113.163392496009,36.2767676958521],[-113.163414447784,36.2767932018017],[-113.163430492483,36.2768218774725],[-113.1634644675,36.2768330505355],[-113.163468628977,36.2768628218995],[-113.163479618438,36.2768891508823],[-113.163508602606,36.2768742604451],[-113.163543876856,36.2768667671736],[-113.163579597434,36.2768704814161],[-113.163589327657,36.2768421648911],[-113.163600080915,36.2768155018683],[-113.163625107346,36.2767964087966],[-113.163662712965,36.2767950980737],[-113.16369728777,36.2767929967248],[-113.163731162303,36.2767831112915],[-113.163753265758,36.2767584258947],[-113.16376224488,36.2767282282968],[-113.163794673569,36.276717545176],[-113.163829525974,36.276706308004],[-113.163859371832,36.276725533623],[-113.163890575138,36.2767074418599],[-113.163914251674,36.276680183423],[-113.163946406302,36.2767015854685],[-113.163971672752,36.2767199340126],[-113.163994316236,36.2767508508042],[-113.163999547881,36.2767862326576],[-113.164016821955,36.2768110047416],[-113.164043224641,36.2768296211343],[-113.164056331591,36.2768658266684],[-113.164075657137,36.2768994201531],[-113.16410296242,36.2769288310827],[-113.16409025658,36.276957019443],[-113.164083523895,36.2769871322269],[-113.164101871953,36.2770133838121],[-113.164100685198,36.27704510697],[-113.164125385179,36.2770723242831],[-113.164147286402,36.2770980437275],[-113.16417248176,36.2771169153988],[-113.164177869155,36.277146565388],[-113.164188905993,36.2771805658039],[-113.164211832429,36.2772032985011],[-113.164237759059,36.2772220839078],[-113.164264208472,36.2772456100012],[-113.164284876619,36.2772727497505],[-113.164313345418,36.2772920028862],[-113.164343373912,36.2773065830756],[-113.164375602341,36.2773156089146],[-113.164379143987,36.2773440042717],[-113.164356835722,36.2773784029208],[-113.164325070327,36.2773963418379],[-113.164297318552,36.2774141783318],[-113.164305195649,36.2774440878937],[-113.16429136945,36.2774697601366],[-113.164271341918,36.2774979855357],[-113.164239871484,36.277513909963],[-113.164211500043,36.2775321659722],[-113.164214827395,36.2775656218335],[-113.164194741777,36.2775897705272],[-113.164181429259,36.2776192921721],[-113.164181182075,36.2776469836674],[-113.16416501264,36.2776808042347],[-113.164127136164,36.2777009025283],[-113.164121443443,36.2777320727055],[-113.164089069931,36.2777458555927],[-113.16406111338,36.2777726498333],[-113.164022189278,36.2777817822081],[-113.163984896979,36.2777846196882],[-113.163966731272,36.2778173055047],[-113.16395757239,36.2778551444777],[-113.163947930274,36.2778846753657],[-113.163919230882,36.2779170651332],[-113.163876867699,36.2779140931856],[-113.163825779112,36.2779010821052],[-113.163796953998,36.277886305142],[-113.163771233112,36.2779044481717],[-113.163734832864,36.2778959718028],[-113.163709071141,36.2778680435326],[-113.163664574234,36.2778668155015],[-113.16362598481,36.2778701306337],[-113.163588057087,36.2778729380297],[-113.1635584995,36.2778879578476],[-113.163527813666,36.2779115465611],[-113.163487300047,36.2779113748691],[-113.163450676821,36.2779271201438],[-113.163440286008,36.2779723220391],[-113.163407958114,36.2780042581764],[-113.163366135455,36.2779865102135],[-113.163324992634,36.2779687895918],[-113.163271797882,36.2779663036947],[-113.163238872711,36.2779778150004],[-113.163201438326,36.277997206452],[-113.163162763143,36.2780132672933],[-113.163156003203,36.2780411983319],[-113.16313750821,36.2780672929446],[-113.163116406963,36.2781007609581],[-113.163087264646,36.2781200636126],[-113.163065496831,36.278091674443],[-113.163036883243,36.2781067004871],[-113.16300197979,36.2781260767253],[-113.162960670885,36.27814561573],[-113.16292876226,36.2781671001149],[-113.162894667029,36.278183333083],[-113.162860538862,36.2781980505528],[-113.162813282468,36.2782179314745],[-113.162781358439,36.2782303493356],[-113.162742819487,36.2782261432393],[-113.162701367699,36.2782341761971],[-113.162657870095,36.2782449628484],[-113.162640834427,36.2782807827805],[-113.162605658869,36.2782663033982],[-113.162571800053,36.2782748100609],[-113.162538644781,36.2783032447383],[-113.162493298373,36.2783160198242],[-113.162454996207,36.278330844239],[-113.162402709292,36.2783417807891],[-113.162380295289,36.2783639973327],[-113.162376651481,36.2784002176373],[-113.162403327403,36.2784196929448],[-113.162435711146,36.2784288111353],[-113.162448792135,36.278458605051],[-113.162462639593,36.2784865634536],[-113.162470767548,36.2785138853097],[-113.162474795875,36.2785446902685],[-113.162486278716,36.2785735711714],[-113.162495472956,36.2786002400802],[-113.162528195933,36.2786146692201],[-113.162563807478,36.2786144855488],[-113.162561252189,36.2786496865572],[-113.162550763974,36.2786777454047],[-113.162517152715,36.278703943043],[-113.162531636162,36.2787306604769],[-113.162559252845,36.2787138273351],[-113.162588760763,36.2787339805614],[-113.162599493428,36.2787718192024],[-113.162631321057,36.2787883313255],[-113.162668174831,36.2787904794951],[-113.162707433069,36.2787899611971],[-113.162746545463,36.2787929518087],[-113.162781686225,36.278794705496],[-113.162798169425,36.2788210297751],[-113.162809438695,36.2788484588139],[-113.162831905833,36.2788704780918],[-113.162846852575,36.2789044574577],[-113.162853583549,36.278933632515],[-113.162876756771,36.2789597347796],[-113.162903794049,36.2789772060203],[-113.162925486969,36.2789544751332],[-113.162948370507,36.2789284985396],[-113.162968892532,36.2789556672938],[-113.163005449285,36.2789652812748],[-113.163029926089,36.2789895256557],[-113.163047785116,36.2790198333413],[-113.163049568892,36.2790540067059],[-113.163038874123,36.2790855476719],[-113.163028816144,36.2791129759339],[-113.16304381995,36.2791405482865],[-113.16303235658,36.2791705402051],[-113.162996854835,36.2791750737906],[-113.162971225125,36.2791987195988],[-113.162939824537,36.2792140222959],[-113.162951126492,36.279241340761],[-113.162960504691,36.2792752703448],[-113.162935655589,36.2792972723649],[-113.162926562719,36.2793275638958],[-113.162905942009,36.2793639769285],[-113.162888367994,36.279387838399],[-113.162841041484,36.279374994094],[-113.162820735784,36.2793993881103],[-113.162806130659,36.2794343384405],[-113.162780855094,36.2794549690677],[-113.162750808923,36.2794837747946],[-113.162713199182,36.2794877668654],[-113.162679141016,36.2795062119424],[-113.162647657431,36.27952714595],[-113.16260685598,36.279533113824],[-113.162575098472,36.2795519489985],[-113.162550040542,36.2795877707378],[-113.16256433332,36.2796143491966],[-113.162567940839,36.2796475701882],[-113.162534806725,36.2796619469021],[-113.162515341411,36.2796856974175],[-113.162516088566,36.2797212830439],[-113.162544987595,36.2797397302006],[-113.16256089229,36.2797662650747],[-113.162583116752,36.2797931984822],[-113.162599202934,36.279819047739],[-113.162622604119,36.2798489658785],[-113.162646524319,36.2798736079868],[-113.16268458095,36.2798803962049],[-113.162702168116,36.279914362962],[-113.162711909979,36.2799423099781],[-113.162746921127,36.2799402361415],[-113.162773222735,36.2799581461564],[-113.162814798303,36.2799580744211],[-113.162861095371,36.2799635363055],[-113.162897686299,36.279955092785],[-113.162921938385,36.2799796549192],[-113.162951527842,36.2799949167],[-113.162984359102,36.2799819073025],[-113.163011232649,36.2799998051115],[-113.163036425015,36.2800258022944],[-113.163067680153,36.2800499041688],[-113.163095448751,36.2800664292171],[-113.163124649857,36.2800900427546],[-113.163169411177,36.2800888262055],[-113.163215435257,36.2800825004236],[-113.163249602667,36.2800771220066],[-113.163289502684,36.280070229206],[-113.163299315167,36.2801085891827],[-113.163317148723,36.2801415896349],[-113.16333761,36.2801656136739],[-113.163372679485,36.2801597628081],[-113.163413905088,36.2801593501736],[-113.163440087328,36.2801770413651],[-113.163429693004,36.2802153506286],[-113.163450644514,36.2802440645536],[-113.163470326343,36.2802716684482],[-113.163495962785,36.2802935400885],[-113.163532681444,36.2802823413133],[-113.163576430789,36.2802875308508],[-113.163590920718,36.2803125633846],[-113.163578618493,36.2803462012035],[-113.163614747235,36.2803360541491],[-113.163653955836,36.280328993469],[-113.163678318102,36.2803074589043],[-113.163677888174,36.2802759633247],[-113.163686145725,36.28024776179],[-113.163706865425,36.2802233655443],[-113.163713893433,36.2801941379849],[-113.163730595773,36.2801652400641],[-113.163757739363,36.2801342089057],[-113.163784840455,36.2801142985637],[-113.163809071927,36.2800897242577],[-113.163839180655,36.280076735969],[-113.16385688483,36.2800489258615],[-113.163865236954,36.280017218123],[-113.163865009416,36.2799805568032],[-113.163881952649,36.2799556691494],[-113.163878769085,36.2799231877588],[-113.163900989523,36.2798945666888],[-113.163907647729,36.2798644886213],[-113.163920192256,36.2798312474874],[-113.16394448176,36.2798075698569],[-113.163958130682,36.279774976632],[-113.163966860367,36.279746502433],[-113.164006270253,36.2797391234238],[-113.164042436172,36.2797481925229],[-113.164082718836,36.2797296073286],[-113.16412063721,36.2797427954298],[-113.164148542458,36.2797703512806],[-113.164193862833,36.2797658847483],[-113.164225581717,36.2797503785625],[-113.164267991612,36.2797474276026],[-113.164298925274,36.2797674986913],[-113.164304506615,36.2797950512938],[-113.164295463267,36.2798276422881],[-113.164321671866,36.2798457609535],[-113.164363683718,36.2798536280526],[-113.164391901039,36.2798721240536],[-113.164421823798,36.2798926731059],[-113.164462475004,36.2799137489688],[-113.164462275874,36.2799425707881],[-113.164446977006,36.2799739843215],[-113.164440318354,36.2800057317382],[-113.16445593128,36.2800314721268],[-113.164490235149,36.2800505041624],[-113.164526331699,36.2800732560781],[-113.164564460434,36.2800759556305],[-113.164610980425,36.2800764237808],[-113.164646573339,36.2800984727069],[-113.164642316859,36.2801309752345],[-113.164675160539,36.2801462704895],[-113.164699611035,36.2801673539249],[-113.164719038143,36.2801910818751],[-113.164761118319,36.280185778756],[-113.164801274839,36.2801799534218],[-113.16484670076,36.2801798644246],[-113.164880066294,36.2801866458606],[-113.164915196429,36.2801963319508],[-113.164961194183,36.2801969139795],[-113.164997793409,36.2801859954401],[-113.165035983888,36.280186333968],[-113.165073164426,36.280199154751],[-113.165116971956,36.2801938779062],[-113.165152688294,36.2801899274837],[-113.165191784204,36.2802005124196],[-113.165234147288,36.2802019840221],[-113.165268005265,36.2801990686364],[-113.16530916696,36.280202144759],[-113.165362586493,36.2802119428721],[-113.165388273282,36.2801859060268],[-113.165419721331,36.2801618911089],[-113.165460777695,36.2801612771267],[-113.165509964043,36.2801669848868],[-113.165540748465,36.2801917895748],[-113.165550283691,36.2802282137484],[-113.165578155915,36.2802571281967],[-113.165603495668,36.2802843966717],[-113.165613643614,36.2803144704902],[-113.165599622673,36.2803458664189],[-113.165562789866,36.2803551804509],[-113.165541237504,36.28038108925],[-113.165536624422,36.2804179563272],[-113.165524303095,36.2804502687824],[-113.165492087311,36.2804745833672],[-113.165464020762,36.2804993870247],[-113.165418296177,36.2805029356727],[-113.165377427816,36.2805144283278],[-113.165341798348,36.2805271672854],[-113.16531483497,36.280558094578],[-113.165295839662,36.2805829574074],[-113.165309720952,36.2806089462716],[-113.16528302678,36.2806345497694],[-113.165258166137,36.2806587436746],[-113.165247689941,36.2806901114062],[-113.165254194299,36.2807244218383],[-113.165216767544,36.2807531013776],[-113.165206381755,36.2807793216174],[-113.165173889369,36.2807965753868],[-113.165194569251,36.2808186130485],[-113.165171877897,36.2808503678892],[-113.165156400525,36.280875195817],[-113.165122748642,36.2808933566105],[-113.165082248779,36.280888984007],[-113.165039809664,36.2808829609762],[-113.165007256738,36.2808688954227],[-113.164974951671,36.2808773385807],[-113.164939053627,36.2809018413974],[-113.164915902922,36.2809222131528],[-113.164880160839,36.2809378563872],[-113.164843954127,36.2809501008942],[-113.164814895327,36.2809644693293],[-113.164778846664,36.2809691377474],[-113.164745008797,36.2809623972919],[-113.164710225216,36.2809453606192],[-113.1646719578,36.280941525217],[-113.164632857461,36.2809355866958],[-113.164590640468,36.280944576102],[-113.164548294302,36.2809398221275],[-113.164531835163,36.2809732063175],[-113.164510581617,36.2809973365545],[-113.164489595749,36.2810257974712],[-113.164523993618,36.2810498681776],[-113.164513310602,36.2810760180284],[-113.164510165184,36.2811038899842],[-113.164501764947,36.2811363485614],[-113.164474753466,36.2811543096092],[-113.164441554429,36.2811744864635],[-113.164399377511,36.2811810630453],[-113.164366275628,36.2812094738252],[-113.164337235115,36.2812324912438],[-113.164293094669,36.2812291640706],[-113.164274004616,36.2812061573494],[-113.164237825567,36.2812176782857],[-113.164200032646,36.2812248595507],[-113.164164761458,36.2812256793329],[-113.164124497117,36.2812285490585],[-113.164097217444,36.2812043151108],[-113.164063232643,36.2811764952664],[-113.164029749482,36.281166354575],[-113.163995981087,36.2811743850027],[-113.163961489607,36.2811977533966],[-113.163944967229,36.2812257142829],[-113.16390086212,36.2812416050754],[-113.163855296813,36.281235782437],[-113.163853093281,36.2812666082029],[-113.163815480723,36.2812718571763],[-113.163790523582,36.2812938703435],[-113.163756108302,36.2813057711273],[-113.163738383208,36.2813365434603],[-113.163697510758,36.2813510173151],[-113.16365891021,36.2813448395839],[-113.163624884043,36.2813567630319],[-113.163612757739,36.281385124724],[-113.163583657706,36.2814046665034],[-113.163541947107,36.2814025768024],[-113.16351646289,36.2813740963744],[-113.163480394031,36.2813736081014],[-113.163481441137,36.2814018953907],[-113.163474864866,36.2814293057328],[-113.163461575937,36.2814554386645],[-113.163456783347,36.2814841074659],[-113.163436099928,36.2815089852399],[-113.163391056611,36.2815220328201],[-113.163355880532,36.2815342059502],[-113.163322280786,36.2815178288741],[-113.163286079348,36.2815300412725],[-113.16324587846,36.2815354180352],[-113.163215203111,36.2815146389514],[-113.163183785154,36.2815284160368],[-113.163142866541,36.281538805586],[-113.163108351214,36.2815355967313],[-113.163072775056,36.2815409816817],[-113.16303757951,36.2815382159652],[-113.162997938522,36.2815489546058],[-113.162976081219,36.2815744655668],[-113.162946603914,36.2816056352286],[-113.162920396678,36.2816245999129],[-113.162902337062,36.2816494787921],[-113.162873386239,36.2816714919295],[-113.16287379261,36.2817018621407],[-113.162844110149,36.2817185849201],[-113.162802563002,36.2817375873863],[-113.162776623374,36.2817631847975],[-113.162738559595,36.2817670210603],[-113.162693258151,36.2817687096317],[-113.162660891491,36.2817871655705],[-113.162683280309,36.2818148675306],[-113.162675027957,36.2818439612481],[-113.162714939607,36.2818421746087],[-113.162753524616,36.2818477021429],[-113.162777864074,36.2818668987294],[-113.162774560355,36.2818953909409],[-113.162771488476,36.2819229253206],[-113.162772744849,36.2819529142004],[-113.162810552528,36.2819629472465],[-113.162814445983,36.2819926838009],[-113.162833209815,36.2820180365844],[-113.162854537114,36.2820413978493],[-113.162867588335,36.2820706478101],[-113.162882042841,36.2820969330489],[-113.162869098462,36.2821232579811],[-113.162878476399,36.282149985708],[-113.162891596885,36.2821785980534],[-113.162881998563,36.2822157959102],[-113.162880891536,36.2822432857235],[-113.162905757048,36.2822670147036],[-113.162931746823,36.2822891648866],[-113.162926445472,36.2823202621177],[-113.162959667229,36.2823390680876],[-113.162987551169,36.2823563139451],[-113.163027623751,36.2823530082013],[-113.163064711677,36.2823466395609],[-113.16309456117,36.2823278550012],[-113.163136789518,36.2823250906829],[-113.16317523517,36.2823256414978],[-113.163147442361,36.2823556522238],[-113.16314221775,36.2823863000994],[-113.163112176076,36.2824060679248],[-113.163073344083,36.2824285438582],[-113.163081185746,36.2824626896001],[-113.163110138813,36.2824834548105],[-113.163108716824,36.2825111468195],[-113.163079028451,36.2825320196175],[-113.163047812566,36.282512603219],[-113.16300300787,36.2825122584755],[-113.162975923364,36.2825309911757],[-113.16295107327,36.2825637202818],[-113.162921882792,36.2825781519426],[-113.16288461502,36.2825682903407],[-113.162869105991,36.2825363131839],[-113.162827094841,36.2825340042428],[-113.162795073355,36.2825228687069],[-113.162760668313,36.2825244773235],[-113.162717194606,36.2825255667868],[-113.162702010124,36.2825564876953],[-113.162682489118,36.2825808647885],[-113.162703463988,36.2826056106295],[-113.162686002004,36.282629403344],[-113.162652205418,36.2826405544127],[-113.1626358864,36.2826759909118],[-113.162615250673,36.2826982203975],[-113.162585995304,36.2827297870627],[-113.162592171174,36.2827568287295],[-113.162588231458,36.2827910001787],[-113.162573692418,36.2828222780489],[-113.16254557657,36.2828436243227],[-113.162542682882,36.2828726571329],[-113.162518934198,36.2828959308111],[-113.162518960293,36.282926886572],[-113.162487057705,36.2829607635157],[-113.162452321052,36.2829583913402],[-113.162423786512,36.2829379870554],[-113.162389488278,36.2829399631923],[-113.162370289769,36.2829695379406],[-113.162342696841,36.2829865599078],[-113.162326055963,36.2830128020293],[-113.162298384733,36.2830315460952],[-113.162258473824,36.2830399575714],[-113.162227837983,36.2830576970568],[-113.162196210426,36.2830685870284],[-113.162165914154,36.2830929038734],[-113.162144634734,36.2831148519827],[-113.162111150444,36.2831313999918],[-113.162070634652,36.2831267292233],[-113.162052536193,36.283097491154],[-113.162024099427,36.2831154062351],[-113.161989478801,36.2831282152007],[-113.16194946149,36.2831326526097],[-113.161899004293,36.2831066885469],[-113.161869789373,36.2831258975944],[-113.161816789987,36.2831100404333],[-113.161788784775,36.283086947586],[-113.161743676931,36.2830847871146],[-113.161703440869,36.2830858149547],[-113.161732141944,36.2830677527542],[-113.161714049067,36.2830310855379],[-113.161674147033,36.2830431300331],[-113.161644272545,36.2830584886357],[-113.161606566472,36.2830732172989],[-113.161590043035,36.2831023136011],[-113.161583447432,36.283134943057],[-113.161573302952,36.2831614497703],[-113.161542042012,36.2831793788558],[-113.161522137578,36.2832090040955],[-113.161471870994,36.2832181551131],[-113.161434506919,36.2832266807028],[-113.161388249635,36.2832437947914],[-113.161338481746,36.2832384564197],[-113.161302027844,36.2832329602097],[-113.161334526758,36.2832071985337],[-113.16134548771,36.2831753365297],[-113.161381091311,36.2831587269747],[-113.161366795436,36.2831311596579],[-113.161357492518,36.2830972096744],[-113.161342288099,36.2830651583022],[-113.161344933182,36.2830321820621],[-113.1613625077,36.2830070832376],[-113.161338938528,36.2829815070469],[-113.161293283815,36.2829783666015],[-113.161256680431,36.282977536705],[-113.161221500149,36.2829584348748],[-113.161191540511,36.2829714351493],[-113.16115466947,36.2829758352335],[-113.161116475884,36.2829834256894],[-113.161088069471,36.2830024477707],[-113.161092038735,36.2830351556945],[-113.161068624296,36.2830589809885],[-113.161025729403,36.283060603796],[-113.16099103878,36.283068135387],[-113.160951613881,36.2830502973055],[-113.160913494965,36.2830590229598],[-113.160873872702,36.2830773013324],[-113.160841557175,36.2830954665291],[-113.160800102889,36.2830975346227],[-113.160764986005,36.2831214217864],[-113.160725633238,36.2831217005255],[-113.160705285186,36.2831494200699],[-113.160669394226,36.2831669990731],[-113.16062584079,36.2831480943946],[-113.160583760647,36.2831340484297],[-113.160557906916,36.2831118529093],[-113.160528609904,36.2830818291327],[-113.160508977081,36.2830479179715],[-113.160490570245,36.2830144191014],[-113.160465644738,36.2829889817224],[-113.160417924697,36.2829874087786],[-113.16037451516,36.2829850629599],[-113.160332034478,36.282977077665],[-113.160299021995,36.2829575722303],[-113.160261028387,36.2829435883958],[-113.160226037067,36.2829160677725],[-113.160204287881,36.2828880860839],[-113.160178748771,36.2828539958764],[-113.160149298572,36.2828252312637],[-113.160147942916,36.2827955632197],[-113.160133592894,36.2827607236646],[-113.160117508803,36.2827315931013],[-113.160100261071,36.2827018066445],[-113.160098099243,36.2826718899714],[-113.160048881372,36.2826653260837],[-113.160006823854,36.2826520068961],[-113.159974015861,36.2826386593573],[-113.159940730994,36.2826107184219],[-113.159919929577,36.2825748678184],[-113.159883887403,36.2825493995425],[-113.159840130347,36.2825376279912],[-113.15979360561,36.2825398684744],[-113.159749738623,36.2825311761135],[-113.159714485624,36.2825148278914],[-113.159669296063,36.2825229372825],[-113.159644870959,36.2824912433672],[-113.159621707915,36.2824636539641],[-113.159608215154,36.2824306222989],[-113.159607019632,36.2823954061937],[-113.15959651158,36.282366897698],[-113.159563832845,36.2823412279407],[-113.159532840838,36.2823190754468],[-113.159540639986,36.2822903380419],[-113.159508415099,36.2822759631036],[-113.159462545848,36.2822622745242],[-113.159433535582,36.2822478793457],[-113.159390464881,36.2822685982118],[-113.159352344999,36.2822872193974],[-113.159333584649,36.2823192374549],[-113.159320528015,36.2823459372109],[-113.159314326379,36.2823774633897],[-113.159281399879,36.2823989120369],[-113.159243487105,36.2824164874769],[-113.159218210382,36.2824406993899],[-113.159170402461,36.2824453378891],[-113.159129652308,36.282432224618],[-113.159094283321,36.2824446685968],[-113.159058606196,36.2824356685028],[-113.159027676822,36.2824112198863],[-113.158990644765,36.2823995095237],[-113.158944322066,36.2824005958922],[-113.158903306132,36.282403814552],[-113.158856285333,36.282414797793],[-113.158814274475,36.2824210196915],[-113.158770918238,36.2824198684239],[-113.158732297664,36.2824215772531],[-113.158698561972,36.282427036735],[-113.158656510482,36.2824324715246],[-113.158620095617,36.2824514060068],[-113.158592098214,36.2824716315415],[-113.158551597376,36.2824960551546],[-113.15851240647,36.2825131504889],[-113.158472616859,36.2825382165199],[-113.158435234744,36.2825525543589],[-113.158393010017,36.2825656059613],[-113.158359932804,36.2825832930068],[-113.158323784861,36.2825930891137],[-113.158292798434,36.282609889308],[-113.158292271908,36.2826434365666],[-113.158324729105,36.2826555371165],[-113.158369383077,36.2826622075646],[-113.15841027589,36.2826619901293],[-113.158447554655,36.2826732383257],[-113.158485371736,36.2826902463855],[-113.158519341917,36.2827097819072],[-113.158545720553,36.2827350537527],[-113.158567787975,36.282762042118],[-113.158569123849,36.2827985302254],[-113.158570850545,36.2828372024773],[-113.158587056229,36.2828639776143],[-113.158592940321,36.2829014102309],[-113.158556822204,36.2829213046922],[-113.158523759921,36.2829344054021],[-113.158487557525,36.282948210885],[-113.158452710254,36.282940647716],[-113.158408298579,36.2829355448959],[-113.158373973851,36.2829377763448],[-113.158328801029,36.2829447293898],[-113.158294325972,36.282965187198],[-113.158277330361,36.2829932315892],[-113.158278220556,36.2830295898402],[-113.158273441033,36.283059087472],[-113.158302566513,36.2830734583151],[-113.158342788561,36.2830903887388],[-113.158370133671,36.2831138440571],[-113.158411995147,36.2831413853905],[-113.158427264571,36.2831697368048],[-113.158440805352,36.2831951891162],[-113.158480119104,36.2832090099826],[-113.158520295322,36.2832163119593],[-113.158566746976,36.2832260712685],[-113.158593663882,36.2832489312575],[-113.158616951414,36.2832692437467],[-113.15864964153,36.2832946764957],[-113.158681521379,36.2833171259506],[-113.158712991545,36.2833377972047],[-113.158745242105,36.2833662249668],[-113.158774019825,36.2833905538702],[-113.158794124141,36.2834168322189],[-113.158835049528,36.2834291366161],[-113.158879252842,36.2834378583842],[-113.158906967409,36.2834489745154],[-113.158935842128,36.2834349632485],[-113.15897595716,36.2834442004893],[-113.158978925401,36.283476771542],[-113.159001729277,36.2835137461862],[-113.15900959281,36.2835470481498],[-113.159032648946,36.283572207732],[-113.159053703636,36.2835973764212],[-113.159061411268,36.283628413379],[-113.159082496665,36.2836648358682],[-113.159110680232,36.2836892907924],[-113.15914697515,36.2837046090384],[-113.159189125747,36.2837137355229],[-113.159226103246,36.2837183522059],[-113.159253250231,36.2837385191309],[-113.159284194561,36.2837623166242],[-113.159330501979,36.2837721999178],[-113.159359989232,36.2837996805242],[-113.159387348728,36.2838243242302],[-113.159417468208,36.2838448105773],[-113.159429456308,36.283877450307],[-113.159439309986,36.2839046690699],[-113.159452203369,36.2839401416348],[-113.159472483925,36.2839703366843],[-113.159480833795,36.2840075813787],[-113.1594937753,36.2840433847685],[-113.159488390421,36.2840708175475],[-113.15950364218,36.2841058581098],[-113.159503739881,36.2841357381718],[-113.159503956462,36.2841637917368],[-113.159498368746,36.2841966696799],[-113.15946564536,36.2842152529015],[-113.159431162852,36.2842356913431],[-113.159409251031,36.2842636146904],[-113.159382387664,36.2842953924622],[-113.159347115073,36.2843200472858],[-113.159305785042,36.2843290729142],[-113.159286578271,36.2843530697286],[-113.159273809847,36.2843853103276],[-113.159272183703,36.2844228929913],[-113.159275430169,36.2844546054171],[-113.159246896738,36.2844721240979],[-113.159222541291,36.2844938748886],[-113.159186911567,36.2845170083158],[-113.159154507339,36.2845445542031],[-113.159106303795,36.2845334693382],[-113.159070145668,36.2845382786499],[-113.159025266348,36.2845498127793],[-113.158985982156,36.2845747869331],[-113.158952078311,36.2845976502573],[-113.158942919991,36.2846276614536],[-113.158951648828,36.2846626252125],[-113.158986352517,36.2846841789931],[-113.159004436467,36.2847137657191],[-113.159031944782,36.2847311968476],[-113.159054208688,36.284761126292],[-113.159069114175,36.284794026127],[-113.15910568376,36.2848135154063],[-113.159144132472,36.2848298475231],[-113.159185180538,36.2848401106972],[-113.15922931754,36.2848427601675],[-113.159274292466,36.2848457180716],[-113.159314491145,36.2848489947952],[-113.159342358559,36.2848671305343],[-113.159370007634,36.2848830799109],[-113.159396175447,36.2849106420991],[-113.159436856126,36.2849243766433],[-113.159472112638,36.2849384309059],[-113.159491806624,36.2849638548364],[-113.159497201062,36.2849920221613],[-113.159485539844,36.2850262221585],[-113.159473925377,36.2850589277596],[-113.159456252562,36.2850844967974],[-113.159422208642,36.2850966258079],[-113.15940774575,36.2851287068455],[-113.159388016331,36.2851517216246],[-113.159385163163,36.2851852577224],[-113.159386893756,36.2852143583503],[-113.159374168869,36.2852428899838],[-113.159350593239,36.2852759757127],[-113.159336461612,36.2853021026952],[-113.159329858686,36.285337050459],[-113.159343662522,36.2853717386203],[-113.159334060807,36.2854013729728],[-113.159324440046,36.2854286199712],[-113.159304238359,36.28546572789],[-113.159292212859,36.2854996018483],[-113.159302826014,36.285537565503],[-113.159299837706,36.2855699566103],[-113.159282036622,36.2855967348588],[-113.159271063523,36.2856228651641],[-113.159277487959,36.2856524127971],[-113.159242901579,36.2856556145945],[-113.159219962977,36.2856900065758],[-113.159184779019,36.2856954409994],[-113.159153199345,36.2857108694594],[-113.15912068487,36.2857013471791],[-113.159081183215,36.2856966751232],[-113.159040301694,36.2857137615253],[-113.159004467072,36.2857096451415],[-113.158960652169,36.2857226607897],[-113.158949380416,36.2857568654191],[-113.158937104973,36.2857855953005],[-113.158906210166,36.2857999017539],[-113.158871271528,36.2858171502624],[-113.158836660966,36.2858299824901],[-113.158806816061,36.2858467559008],[-113.1587640159,36.2858641571861],[-113.158728777704,36.2858664151692],[-113.158694281874,36.2858891908695],[-113.15865586251,36.2859166893298],[-113.158624366613,36.285927851814],[-113.158598149647,36.2859518056706],[-113.158569519901,36.2859721571019],[-113.158533381972,36.2859622485203],[-113.158494751118,36.2859508382168],[-113.158452971571,36.2859615247713],[-113.158412334301,36.2859766163524],[-113.158378346612,36.2859818351464],[-113.158344843092,36.2860003447275],[-113.158314317377,36.2860141134653],[-113.158278170122,36.286009968259],[-113.158240157006,36.2860122518695],[-113.15820747372,36.2859932077373],[-113.158162787757,36.2859915881488],[-113.158143971628,36.2859666637263],[-113.158094349109,36.2859587777697],[-113.158056665829,36.2859538769492],[-113.158014769884,36.2859759414951],[-113.157977842876,36.2859963948215],[-113.15796946987,36.2860300368596],[-113.157965231353,36.2860576408646],[-113.157981396852,36.2860877076486],[-113.157981685762,36.2861153335686],[-113.157969661901,36.2861420965563],[-113.157967119533,36.2861745300611],[-113.157966870612,36.2862043758216],[-113.157965054593,36.2862406251818],[-113.157992806824,36.2862743766358],[-113.158006503224,36.2863000461006],[-113.158021623931,36.2863277891109],[-113.158040625407,36.286359803893],[-113.158068685064,36.2863842216212],[-113.158067232705,36.2864116842855],[-113.15808302488,36.2864453713379],[-113.15811440103,36.2864594356629],[-113.158145384893,36.2864891663576],[-113.158171088357,36.2865083545602],[-113.158208534336,36.2865139266297],[-113.158235762363,36.2865473134245],[-113.158236646218,36.2865817807221],[-113.158216536835,36.2866087293921],[-113.158194983451,36.2866343854457],[-113.158194186121,36.2866667504867],[-113.158195509442,36.2866995098876],[-113.1581984511,36.2867286959266],[-113.158193543483,36.2867602996262],[-113.158189048995,36.2867895622497],[-113.158171625771,36.2868399409849],[-113.158177502231,36.2868774530565],[-113.158182682344,36.2869091269858],[-113.158202840225,36.2869346545127],[-113.158191967663,36.28697411219],[-113.158172932696,36.2869991666278],[-113.158143313976,36.2870147550156],[-113.158099632845,36.2870103086375],[-113.158061137597,36.2870146289593],[-113.158013523693,36.2870270611823],[-113.157977942678,36.2870456307095],[-113.157937781848,36.287060460253],[-113.157899567646,36.2870587769109],[-113.157861015721,36.2870516635629],[-113.157828334772,36.2870256436823],[-113.157787999132,36.2870222030984],[-113.157737502188,36.2870147284869],[-113.157701469144,36.2870333403447],[-113.157658288858,36.2870480079778],[-113.157639452694,36.2870802470756],[-113.157659905152,36.2871050753322],[-113.157654772023,36.2871372311084],[-113.157631909876,36.287158027131],[-113.157625720474,36.2871863135148],[-113.157602860622,36.2872094169675],[-113.157571808679,36.2872294468418],[-113.157556973845,36.2872619291722],[-113.157521250177,36.2872614202903],[-113.157490572518,36.2872317343868],[-113.157449229448,36.2872397032393],[-113.157428235715,36.2872638654211],[-113.157375133271,36.2872527475282],[-113.157341351338,36.2872364324802],[-113.157327295001,36.2872094561594],[-113.15728303135,36.2872033056144],[-113.157247942127,36.287198625431],[-113.157210874751,36.2871855451283],[-113.157190724567,36.2872112324659],[-113.157151448287,36.2872160632412],[-113.157112889488,36.2872100755724],[-113.157079508376,36.2871971549411],[-113.157043086328,36.2871838159673],[-113.157026092723,36.2871486181494],[-113.157028659394,36.2871137370363],[-113.157018628697,36.287081814382],[-113.15700354082,36.287050566171],[-113.156974463179,36.2870291644819],[-113.156936432685,36.287038074785],[-113.156901354036,36.2870059136956],[-113.156865092552,36.2869881713365],[-113.156821153993,36.2869859374623],[-113.156782011665,36.2869701534356],[-113.156740466523,36.2869597803422],[-113.156692906937,36.2869535268041],[-113.156649704547,36.2869447898029],[-113.156621883196,36.2869231562422],[-113.156601264218,36.2869005562596],[-113.15658209415,36.2868706516615],[-113.156559549478,36.2868400571164],[-113.156521204421,36.2868376600132],[-113.156480908866,36.2868363175254],[-113.156440597282,36.2868415921853],[-113.156406742014,36.2868600534977],[-113.156371496312,36.2868770238012],[-113.15633212734,36.2868872199615],[-113.156292240465,36.2868866902736],[-113.156268259427,36.2868596864575],[-113.156227553465,36.286848165938],[-113.156189072558,36.2868502175799],[-113.156155015271,36.2868567701131],[-113.156162392604,36.2868853398872],[-113.156175378561,36.2869152290236],[-113.156160643203,36.2869411511114],[-113.156141981835,36.2869586874759],[-113.156140222178,36.2869813604418],[-113.15614910462,36.287024325701],[-113.156146023289,36.287028750171],[-113.156135825386,36.2870250826314],[-113.156111209953,36.2870150763279],[-113.156106496115,36.2870103463051],[-113.15610019485,36.2869812712843],[-113.156094573594,36.2869688537194],[-113.156073584766,36.2869466857566],[-113.156062418311,36.286917776914],[-113.156053854355,36.2868903056619],[-113.156053467969,36.2868604488232],[-113.156047627213,36.2868286469944],[-113.156048475598,36.286789407274],[-113.156032861998,36.286761735091],[-113.155979353446,36.2867405746476],[-113.155927750637,36.2867245400822],[-113.155919941225,36.2866890448353],[-113.155928854346,36.2866604308798],[-113.155908236433,36.2866365246848],[-113.155908388845,36.2866045192013],[-113.155897503849,36.2865784706822],[-113.155933773536,36.2865641608856],[-113.155954863577,36.2865277099034],[-113.155915546238,36.2865118629428],[-113.155878150659,36.2864788663099],[-113.155862877468,36.2864479025096],[-113.155904661569,36.2864552808974],[-113.155948341231,36.2864397846534],[-113.155979188356,36.2864218148909],[-113.156001013075,36.2863980643107],[-113.15603037748,36.2863792550753],[-113.15605671707,36.2863489215448],[-113.156090183602,36.2863416640205],[-113.156124888659,36.2863384294419],[-113.156162704162,36.2863500327904],[-113.156198147319,36.2863368050341],[-113.156234120869,36.2863322099244],[-113.156280882642,36.286315074272],[-113.156287249321,36.2862858915035],[-113.156294903145,36.2862459133782],[-113.156277340877,36.2862131314255],[-113.156262322173,36.2862056155328],[-113.156249560457,36.2862074528801],[-113.156208248115,36.2862054400003],[-113.15624020729,36.2861945483091],[-113.156246863212,36.2861978795368],[-113.156260724209,36.2861960169503],[-113.156275937642,36.2861804320184],[-113.1563111973,36.28615164198],[-113.156335570747,36.2861315490415],[-113.156378344782,36.2861093304258],[-113.156396665065,36.2860804628926],[-113.156403818889,36.2860360744203],[-113.156413133822,36.2860009129231],[-113.156394477816,36.2859696514811],[-113.156390631365,36.2859382274096],[-113.156357625677,36.2859068057162],[-113.156322742876,36.2859123122857],[-113.156294053622,36.2859326669579],[-113.156255069387,36.2859266488181],[-113.156220053702,36.2859271660313],[-113.156171294498,36.2859295247636],[-113.15612250517,36.2859311935787],[-113.156081134911,36.2859352829935],[-113.156053659242,36.2859013115666],[-113.156016967517,36.2858914951323],[-113.1559796239,36.2858739297477],[-113.155941242376,36.2858483835147],[-113.155904934211,36.28582636835],[-113.155902688756,36.285792753022],[-113.15593152988,36.2857738694247],[-113.155944176453,36.285730468036],[-113.155937470324,36.2856950889884],[-113.155936676317,36.2856631609628],[-113.155941581174,36.2856309399571],[-113.155939025534,36.2856031259601],[-113.155948849507,36.2855765037982],[-113.155911867683,36.2855701781152],[-113.155907047842,36.2855358610932],[-113.155891927105,36.2854958250689],[-113.155860385397,36.285464670667],[-113.155875747163,36.2854400749313],[-113.155908197621,36.2854000741058],[-113.155916820931,36.2853686197861],[-113.155914136734,36.2853398553699],[-113.155907827681,36.285297865802],[-113.155884992782,36.2852702508299],[-113.155846429777,36.2852724065857],[-113.155813664066,36.2852442658553],[-113.155788474643,36.285223937551],[-113.155767787274,36.2851979765737],[-113.155799783147,36.2851866102278],[-113.155816788855,36.285162566225],[-113.155821182757,36.2851343114022],[-113.155817532861,36.2851057717125],[-113.155847701871,36.2850733311869],[-113.155827038826,36.2850461899016],[-113.155784287656,36.2850261747401],[-113.155752107325,36.2850098357384],[-113.155718061656,36.2850066676743],[-113.155683148432,36.2850380039376],[-113.155680656398,36.2850542949725],[-113.15568567817,36.2850677941896],[-113.155683264006,36.2851018459957],[-113.155662276516,36.2851279754276],[-113.155654118178,36.2851626148594],[-113.155647924262,36.2851985681963],[-113.155632311851,36.2852329517723],[-113.155601176277,36.285246898472],[-113.155576813408,36.2852685062549],[-113.155542585639,36.2852541104963],[-113.155516597251,36.285224892019],[-113.15550208874,36.2851968609125],[-113.15546468372,36.2851830767642],[-113.155440067371,36.2851947029369],[-113.155405572921,36.2852279541676],[-113.155393859565,36.2852656267665],[-113.155374658922,36.2852897364311],[-113.155359296717,36.2853157778923],[-113.155327069463,36.2853437477176],[-113.155305126436,36.2853730698061],[-113.155268576749,36.2853782383685],[-113.155227780901,36.285366816459],[-113.155203653763,36.2853460857977],[-113.155186668502,36.2853181065219],[-113.155176211065,36.2852902628218],[-113.155190489304,36.2852583658715],[-113.155178460467,36.2852272659538],[-113.155219191959,36.2852264359703],[-113.155238278978,36.2852546107959],[-113.155254878906,36.2852834758376],[-113.155305266186,36.2852735365435],[-113.155342848887,36.285259542166],[-113.155381271995,36.2852425076619],[-113.155403607084,36.2852254153368],[-113.155405195789,36.2852189807307],[-113.155437258298,36.285189436478],[-113.155450536826,36.2851602976569],[-113.155494461777,36.2851456056814],[-113.155538089529,36.2851453624228],[-113.155574115357,36.2851287253245],[-113.155615435552,36.2851097204078],[-113.15565729228,36.2851059270461],[-113.155676049362,36.2850758574408],[-113.15566875048,36.2850673621727],[-113.155637304871,36.2850665583281],[-113.155591978788,36.2850755619106],[-113.155551057377,36.2850722780382],[-113.155508937274,36.2850756028988],[-113.15546719396,36.2850879291296],[-113.155425300607,36.2850936691187],[-113.155389854658,36.2850973107405],[-113.155354066096,36.2850993847576],[-113.1553397943,36.2850695141945],[-113.155331165255,36.2850361789079],[-113.155301784959,36.2850102466063],[-113.155280775016,36.2849860688367],[-113.155263801745,36.2849615181225],[-113.155251253028,36.2849309449649],[-113.155252596997,36.2849021772982],[-113.155255296312,36.2848717257907],[-113.155277674162,36.2848458706088],[-113.155312578985,36.2848264073125],[-113.155332309334,36.2848021709293],[-113.155364435261,36.2847726300598],[-113.15538144211,36.2847422720776],[-113.155415022785,36.2847379312922],[-113.15544681158,36.2847273385369],[-113.155485528076,36.2847287477244],[-113.155519592137,36.2847422198595],[-113.15554268069,36.2847189333045],[-113.1555680974,36.2846993372855],[-113.155594492572,36.2846768636037],[-113.155589798117,36.2846466914522],[-113.155605328186,36.2846200412216],[-113.155622171601,36.2845892507974],[-113.155632734661,36.2845617328985],[-113.155641519737,36.2845277807159],[-113.155668948812,36.2845060653434],[-113.155694360387,36.2844843845481],[-113.155734639342,36.2844804745009],[-113.155750926432,36.2845052529497],[-113.155761527141,36.2845373295022],[-113.155794874082,36.2845469539737],[-113.155797638388,36.2845172133571],[-113.155827768827,36.2844940196715],[-113.155865178553,36.2844875122372],[-113.155902761742,36.2844725009477],[-113.155935826548,36.2844587239838],[-113.155968566016,36.2844505214738],[-113.156004916748,36.2844330833913],[-113.156042060141,36.2844187199563],[-113.156076194232,36.284415602965],[-113.156114551434,36.2844033952954],[-113.156142556109,36.2844293422984],[-113.156138609756,36.2844699304643],[-113.156165007473,36.2844923001128],[-113.156172350984,36.2845330406554],[-113.156199439983,36.2845699691908],[-113.156215230886,36.2845969792749],[-113.156246164742,36.2846093322978],[-113.156291179884,36.2846249240482],[-113.156310961154,36.2846539235387],[-113.156349095075,36.2846652732251],[-113.156394012837,36.2846788620708],[-113.156416574493,36.2847134574922],[-113.156456538336,36.2846918267657],[-113.156491474621,36.2846940672789],[-113.156527303926,36.2847118040523],[-113.156561598308,36.2847414033477],[-113.15661487803,36.2847454788252],[-113.156631603618,36.2847091677665],[-113.156661560031,36.2846812764285],[-113.156707292103,36.2846785007182],[-113.156703609441,36.2846474062979],[-113.156709135905,36.2846171128681],[-113.156730204696,36.2845877260834],[-113.156760633854,36.284602004367],[-113.156794683252,36.2846066475928],[-113.156833082158,36.2845849557463],[-113.156849798845,36.2845493776235],[-113.15685559554,36.2845204908388],[-113.156885554436,36.2845072536898],[-113.156892036257,36.2844756738996],[-113.156913288846,36.2844508239104],[-113.156922302757,36.2844190172527],[-113.156927582401,36.2843849786155],[-113.156920282978,36.2843574593586],[-113.156935604194,36.2843262338287],[-113.156932273738,36.2842930130638],[-113.156920831331,36.2842610320309],[-113.156901555963,36.2842342372494],[-113.15691419416,36.2842072604691],[-113.156927539215,36.284180806339],[-113.156910538914,36.2841555686126],[-113.156902404135,36.2841240714087],[-113.156931361401,36.2840877613183],[-113.156904004261,36.2840586093025],[-113.156872626432,36.2840382126216],[-113.156834012913,36.2840113332296],[-113.156820917303,36.2839847703384],[-113.156830383615,36.2839543129686],[-113.156834704342,36.2839222421766],[-113.156836375129,36.2838938012013],[-113.156813585833,36.2838727727067],[-113.15678546353,36.283844453803],[-113.156797635683,36.2838102944034],[-113.156840978507,36.2838023167555],[-113.15686643696,36.2837794874415],[-113.156869323525,36.2837467620014],[-113.156872129877,36.2837147221397],[-113.156880954696,36.2836875338517],[-113.156848547333,36.283673814076],[-113.156877673249,36.2836513593458],[-113.156907000714,36.2836247817623],[-113.156940441941,36.2836063377095],[-113.156981017989,36.2836132381927],[-113.15700228835,36.2836370035517],[-113.157033260552,36.2836249189484],[-113.1570734141,36.2836271886325],[-113.157115190036,36.2836326640003],[-113.157149215062,36.2836200600732],[-113.15717823244,36.2836418260843],[-113.157212815474,36.2836382887504],[-113.157242260407,36.283618448425],[-113.157266806955,36.2836376324903],[-113.157274277523,36.2836687378493],[-113.157300760875,36.2836885151981],[-113.157326336283,36.2837133646486],[-113.15733645283,36.2837404941252],[-113.15734256566,36.2837733140319],[-113.157340631658,36.2838046017464],[-113.157337738269,36.2838390534196],[-113.157351462683,36.2838684739276],[-113.157371549852,36.2839040882002],[-113.157390887529,36.2838769030195],[-113.157406263035,36.2838481038102],[-113.157442313026,36.2838283776697],[-113.157489916855,36.2838212251368],[-113.157526702745,36.2838054624822],[-113.157551312143,36.2837852019],[-113.157571354354,36.2837589026282],[-113.15759265769,36.2837363951382],[-113.157601265303,36.2837054520563],[-113.157576627592,36.2836743095798],[-113.157543698572,36.2836634413947],[-113.157528568587,36.2836374371909],[-113.157542829537,36.2836121535515],[-113.157562721427,36.283582701338],[-113.157565861546,36.2835501786204],[-113.157570462084,36.2835176881291],[-113.157610506559,36.2835177774129],[-113.157610877739,36.2834851685713],[-113.157592709537,36.2834535433626],[-113.157590997066,36.2834260846387],[-113.157582785815,36.2833890274785],[-113.157561099979,36.283359759718],[-113.1575250779,36.2833620549144],[-113.15748436029,36.2833544171544],[-113.15744445094,36.2833563615573],[-113.157408111229,36.2833701673938],[-113.157374264766,36.2833740078649],[-113.157340855639,36.2833682589902],[-113.157304886275,36.2833506349445],[-113.157265262599,36.283346255607],[-113.157247659358,36.2833164625232],[-113.157245768764,36.2832805080953],[-113.15725592862,36.2832534948862],[-113.15726521349,36.2832188016673],[-113.157275709703,36.2831777229925],[-113.157269802747,36.2831429154722],[-113.157263518979,36.2831139519512],[-113.157255069951,36.2830798564134],[-113.157250469974,36.2830414081503],[-113.157237578028,36.283015326556],[-113.157186628248,36.2830177937139],[-113.157185948392,36.2829804843227],[-113.157198204883,36.2829540489067],[-113.157183647912,36.2829287914525],[-113.157183573355,36.2828963222495],[-113.157209543641,36.2828672290997],[-113.15724323371,36.2828470814139],[-113.157223801765,36.2828171374496],[-113.157188339676,36.2828089107881],[-113.157156847035,36.282779070905],[-113.15712591287,36.2827531382396],[-113.157081027567,36.2827362437818],[-113.157054537618,36.2827154443539],[-113.157074974548,36.2826918799734],[-113.157095055949,36.2826661181833],[-113.157125922043,36.2826368492667],[-113.157133652947,36.2826036992837],[-113.157102159604,36.2825872959524],[-113.157060937784,36.2825744293432],[-113.157029075025,36.2825554439561],[-113.157006810525,36.2825280289047],[-113.156977467428,36.2825118436237],[-113.156960598977,36.2824872164376],[-113.156926649464,36.2825021426464],[-113.156886000234,36.2824838268436],[-113.156845538936,36.2824792127973],[-113.156817292678,36.2824975333353],[-113.156777900048,36.2824989021318],[-113.156741230409,36.2825138972001],[-113.156708695216,36.2825262127308],[-113.156674413228,36.2825288196859],[-113.156634183579,36.2825285774862],[-113.156603220623,36.2825109322936],[-113.156572928154,36.2825309139423],[-113.156517472869,36.2825320343468],[-113.156471645609,36.2825405290031],[-113.156443068182,36.2825663583407],[-113.156416863898,36.2825921340416],[-113.156389372547,36.2826084407455],[-113.156352467853,36.2826138882357],[-113.156325416375,36.2826391807493],[-113.156315990854,36.2826670369289],[-113.156320005357,36.2827097547206],[-113.156294508624,36.2827356771718],[-113.156297157843,36.2827676204121],[-113.156320672236,36.2827925216934],[-113.15633432033,36.2828263098909],[-113.156312580002,36.2828613818759],[-113.156293508296,36.2828845636615],[-113.156271412234,36.2829112413912],[-113.156271476585,36.2829401576278],[-113.156240885418,36.2829664468849],[-113.156207850731,36.2829910838562],[-113.156195023239,36.2830196801184],[-113.156183717335,36.2830466886789],[-113.156155358564,36.2830634418281],[-113.156123369627,36.2830768073475],[-113.156102682904,36.2831062772727],[-113.156070283378,36.2831188020059],[-113.156036131957,36.2831111543698],[-113.156008700281,36.2831341299687],[-113.155980000143,36.2831529236017],[-113.155943565528,36.2831576630359],[-113.155904606848,36.28315859107],[-113.155863981056,36.2831671881774],[-113.155830203355,36.2831612273955],[-113.155794880513,36.2831469352686],[-113.155754171939,36.2831549921151],[-113.15571999607,36.283169357819],[-113.155683418539,36.2831772797462],[-113.155649505633,36.2831671327361],[-113.155611732908,36.283168557568],[-113.155583495652,36.2831849586648],[-113.1555493354,36.2831797816736],[-113.155531239018,36.2832103423045],[-113.155506079918,36.283237909793],[-113.15548338719,36.2832620130435],[-113.155465975802,36.2832863951149],[-113.155437693374,36.2833044753232],[-113.155420548042,36.2833301929114],[-113.155391115985,36.2833460629763],[-113.155354762386,36.2833531046454],[-113.155343004337,36.2833240279072],[-113.155300272324,36.2833264028658],[-113.155257541829,36.2833388297379],[-113.155219750275,36.2833478703694],[-113.155191237531,36.2833655941296],[-113.155167015037,36.2833922081487],[-113.155143104765,36.283421350254],[-113.155108970387,36.2834430611143],[-113.155081061525,36.2834610876337],[-113.155070819728,36.2834936094504],[-113.155058161081,36.2835269455032],[-113.155051089637,36.283554315676],[-113.155048485076,36.2835853405439],[-113.155039198537,36.2836144650382],[-113.155009729903,36.2836283238373],[-113.154975834553,36.2836446032683],[-113.154950003553,36.283663297159],[-113.154925088554,36.2836889447398],[-113.154908006574,36.2837168937812],[-113.154899380928,36.2837510251175],[-113.154891682966,36.2837834271462],[-113.154875835634,36.2838125914904],[-113.154848156394,36.2838330231504],[-113.154810564603,36.2838308786953],[-113.154780923968,36.2838475554845],[-113.1547460276,36.2838585312739],[-113.154720753302,36.2838768671559],[-113.154682107099,36.2838886856938],[-113.154648544429,36.2838741568924],[-113.154613043526,36.2838699520344],[-113.154582253945,36.2838874805392],[-113.154546926137,36.2839068169429],[-113.154512291005,36.2839192382426],[-113.154480210017,36.2839041373638],[-113.154469214119,36.283875723721],[-113.154422295625,36.2838665958726],[-113.154386299132,36.2838567970312],[-113.154388092658,36.2838241634451],[-113.154365195584,36.283801093935],[-113.154327877645,36.2838019035538],[-113.154290641134,36.2838062819769],[-113.154269495717,36.2837837938014],[-113.15427214936,36.2837560003359],[-113.154255577533,36.2837285768087],[-113.15427042809,36.2837026303334],[-113.154282874995,36.2836756302239],[-113.154263291739,36.2836467908562],[-113.15426457112,36.2836191835021],[-113.154223316111,36.2835996879186],[-113.154187295342,36.2835874215304],[-113.154152641447,36.2835913829055],[-113.15411488498,36.283593245936],[-113.154089598792,36.2835714678088],[-113.154054950631,36.2835638537966],[-113.154024891678,36.2835473778327],[-113.153996152548,36.2835318127862],[-113.153960585659,36.2835344745737],[-113.153922410191,36.2835361197539],[-113.153891170129,36.2835558510092],[-113.153848075494,36.2835683686714],[-113.153807443672,36.2835694325343],[-113.153768315793,36.2835747038698],[-113.153730343121,36.2835746958472],[-113.153694290335,36.2835819172741],[-113.153654287802,36.2835954256307],[-113.153620962529,36.2836059257099],[-113.153585823876,36.2836086562861],[-113.153550651168,36.2836170741416],[-113.15350495393,36.2836183860026],[-113.153467458301,36.2836267429302],[-113.153442795997,36.2836073239984],[-113.153417854788,36.2835875594572],[-113.15337025694,36.2835849341184],[-113.153334402337,36.2835820710635],[-113.153315272797,36.2835550224736],[-113.15328230205,36.2835658657995],[-113.153246698426,36.2835695826271],[-113.153207782661,36.2835776315534],[-113.153170456945,36.2835809503335],[-113.153133582285,36.2835864629979],[-113.153093312308,36.2835908506229],[-113.153061516581,36.2835797147055],[-113.153020478708,36.2835787647671],[-113.152989286358,36.2835630895318],[-113.152997484223,36.283533739625],[-113.152976466191,36.2835087404348],[-113.152983538996,36.2834794892119],[-113.152974222596,36.2834527784829],[-113.152964107169,36.283425066313],[-113.152967708801,36.2833960614914],[-113.152939467196,36.2833771603067],[-113.152901371443,36.2833634319391],[-113.152863016608,36.2833572508017],[-113.152830853234,36.2833436697444],[-113.152814016588,36.2833194307724],[-113.152803727194,36.2832880180343],[-113.152766995243,36.2832614026591],[-113.152734168348,36.2832501292878],[-113.152705464785,36.283226606983],[-113.15267012028,36.2832095624626],[-113.152642127486,36.2831865023577],[-113.152667428795,36.2832050004813],[-113.152641488329,36.2831847958773],[-113.152601527256,36.2831754590782],[-113.152569220791,36.2831643241109],[-113.152531699503,36.2831623011486],[-113.152496842198,36.2831749836545],[-113.152472399311,36.2832016714158],[-113.152439892624,36.2832126287371],[-113.152416048934,36.2832394075506],[-113.152401434358,36.2832667097073],[-113.152392711917,36.2833003144272],[-113.152363615577,36.283321984268],[-113.152388502078,36.2833568315693],[-113.152393474815,36.283385551278],[-113.15241414786,36.2834139675317],[-113.152432929779,36.2834418698098],[-113.152429139079,36.2834760356022],[-113.152428281211,36.2835060419867],[-113.152455421213,36.2835235074351],[-113.152470192829,36.2835526572964],[-113.152474643795,36.2835849143175],[-113.152476799036,36.2836161950452],[-113.15244666191,36.2836387651789],[-113.152407678146,36.2836441001758],[-113.152371184922,36.2836415358652],[-113.152338530331,36.2836329318156],[-113.152297977542,36.2836224473264],[-113.152260167435,36.2836280342535],[-113.152226719718,36.2836207099631],[-113.152188055638,36.2836277940792],[-113.152148995227,36.2836165994371],[-113.152108543239,36.2836063384079],[-113.152063486793,36.2836059724673],[-113.152025125112,36.2835931806136],[-113.151991100327,36.283571127614],[-113.151976497436,36.28354511499],[-113.151942717296,36.2835245907841],[-113.151921033355,36.2835024516879],[-113.151893094381,36.2834798879881],[-113.151866901813,36.2834554053938],[-113.151839403875,36.2834303739303],[-113.151812802855,36.2834084080621],[-113.151805186196,36.2833815107003],[-113.15181250457,36.2833498755293],[-113.151826359366,36.2833243303492],[-113.151833692969,36.2832902909765],[-113.151823592581,36.2832567466348],[-113.15182926452,36.2832281976133],[-113.151864177811,36.2832321416745],[-113.151903199556,36.2832215476413],[-113.151922932345,36.2831947401828],[-113.151921066919,36.2831599776778],[-113.151941582576,36.2831324088948],[-113.151975073829,36.2831181818769],[-113.151981885559,36.2830847224517],[-113.151986784965,36.2830561792194],[-113.151978115961,36.2830270023468],[-113.151962246418,36.2829984824054],[-113.151954954643,36.2829655788511],[-113.151934995728,36.2829374543144],[-113.151907388149,36.2829198962068],[-113.1518999346,36.2828920053182],[-113.15192936857,36.2828728199679],[-113.151965966825,36.2828718041307],[-113.151973614655,36.2828410211122],[-113.151982205915,36.2828104581655],[-113.152007634464,36.282791241253],[-113.152033783086,36.2827677605584],[-113.152049487317,36.2827386640484],[-113.152056280889,36.2827115982895],[-113.152076742883,36.2826894178773],[-113.152114166586,36.2826913823524],[-113.152137255685,36.2826693150713],[-113.152173104776,36.2826830994667],[-113.152204755481,36.2826951747538],[-113.152240041225,36.2826811136523],[-113.152271238193,36.2827001772209],[-113.152308841483,36.2827047478374],[-113.15234330632,36.2826999936042],[-113.152375648758,36.2827184037642],[-113.152397028835,36.2826958885865],[-113.152436643668,36.2827038165592],[-113.152474752988,36.2826951163064],[-113.15248888689,36.2826689630165],[-113.152515625475,36.2826457293836],[-113.152551948676,36.2826394066093],[-113.152588998935,36.2826513223617],[-113.152626109263,36.2826490126644],[-113.152662615104,36.2826430975873],[-113.152692565536,36.2826264716262],[-113.152728854331,36.2826207208801],[-113.152764118553,36.2826358253058],[-113.152798939708,36.2826539689731],[-113.152836312212,36.2826686162732],[-113.152872478389,36.2826880210321],[-113.152878980843,36.2827176298518],[-113.152901890564,36.2827431727651],[-113.152932566744,36.2827563227044],[-113.152968121707,36.2827568035821],[-113.152981381439,36.2827308498595],[-113.15300440313,36.2827101464842],[-113.153043979032,36.2827003280875],[-113.153076595671,36.2827200004274],[-113.153100228466,36.2827486805285],[-113.153122633291,36.2827722954713],[-113.153157612183,36.2827817110299],[-113.153193676978,36.2827914666591],[-113.153214200591,36.2827638425382],[-113.153252994046,36.2827643208766],[-113.153291755017,36.2827515858574],[-113.153332499512,36.2827694225563],[-113.153361891931,36.2827553429073],[-113.153393147296,36.2827388077361],[-113.153380463644,36.2827122361181],[-113.153353952444,36.2826894938066],[-113.153315525165,36.2826762501602],[-113.153319674465,36.2826481395248],[-113.153349821357,36.2826300388429],[-113.153367543236,36.2826026760885],[-113.153405525055,36.2825909222291],[-113.153449195578,36.2825963368188],[-113.153480883657,36.2825795486599],[-113.153499016175,36.2825495086617],[-113.153526521623,36.2825752516813],[-113.153544491379,36.2826132528271],[-113.153582637651,36.2826372132185],[-113.153619978337,36.2826469313096],[-113.153651801454,36.2826570092963],[-113.153679721924,36.2826736275504],[-113.153729433374,36.2826707858029],[-113.153767689678,36.2826696259683],[-113.15380383254,36.2826808843751],[-113.1538508702,36.2826809300384],[-113.153878604705,36.2826521861777],[-113.153900250833,36.2826291197196],[-113.15394310028,36.2826116706193],[-113.153986487883,36.2826108013256],[-113.154029192705,36.2826120661203],[-113.154049109152,36.2826371237372],[-113.154093866298,36.2826164998684],[-113.154127855632,36.2826091550724],[-113.154167517988,36.2825873439645],[-113.154201407759,36.2825711550014],[-113.154230030755,36.2825864760274],[-113.154270239766,36.2825897317519],[-113.154316011309,36.2825829253843],[-113.154352924687,36.2825814326286],[-113.154390170348,36.28256315597],[-113.154435716338,36.2825531276572],[-113.154472834763,36.2825516428865],[-113.154518645318,36.2825420865927],[-113.154554182054,36.2825340134282],[-113.1545893707,36.2825371278897],[-113.154602103442,36.2824989132904],[-113.15464341259,36.2824812474386],[-113.154679551548,36.2824854804561],[-113.154720375357,36.2824825127789],[-113.154761943268,36.2824889526808],[-113.154782520891,36.2824572432664],[-113.154817259831,36.2824391892337],[-113.154862494711,36.2824417367245],[-113.154905278609,36.2824379458603],[-113.154940641441,36.2824431446265],[-113.154976744016,36.2824587650812],[-113.155008794803,36.2824478928146],[-113.155048571624,36.282443774839],[-113.155067463197,36.2824123742957],[-113.15509100801,36.2823883711343],[-113.155058481549,36.2823585114631],[-113.155062721141,36.2823240734087],[-113.155020142366,36.2823289242341],[-113.154976089743,36.2823109909176],[-113.154967759864,36.2822819163241],[-113.154993901355,36.2822595104459],[-113.155019806297,36.2822402834142],[-113.155028808348,36.282209522672],[-113.155061955696,36.2822005964868],[-113.155100137231,36.282203810972],[-113.155132309572,36.2821923839489],[-113.15516725838,36.2822201754727],[-113.155193019888,36.2822399338752],[-113.155231051711,36.282237988032],[-113.155263288395,36.2822643952675],[-113.155279005075,36.2822916511034],[-113.155284168052,36.2823287895507],[-113.15530757688,36.2823504363329],[-113.155340311744,36.2823593364775],[-113.155362347665,36.2823312755122],[-113.155369287366,36.2823011468321],[-113.155384797311,36.2822758012568],[-113.155404601476,36.2822497382796],[-113.155441404914,36.2822421918416],[-113.155473586699,36.2822634442347],[-113.155487377869,36.2822897027084],[-113.155520441137,36.2823026493923],[-113.15556582798,36.2822971663726],[-113.155603855112,36.2822808456194],[-113.155633717282,36.2822580047503],[-113.155669448061,36.2822826083358],[-113.155669953196,36.2823123801314],[-113.155701936373,36.2823323182562],[-113.155733746258,36.2823512175263],[-113.155739676708,36.2823799062888],[-113.155782736473,36.2823742893905],[-113.155814247265,36.2823594958219],[-113.155849726652,36.2823496701657],[-113.155885167302,36.2823379514424],[-113.155928276235,36.2823449661527],[-113.155953770911,36.2823675612701],[-113.155979942815,36.2823378545245],[-113.156016578966,36.2823216398527],[-113.156049315244,36.2822996384837],[-113.156076820185,36.2822737528703],[-113.156112842248,36.2822633819408],[-113.156140259648,36.2822305538221],[-113.156170246286,36.2822146294082],[-113.156196370375,36.2821969043436],[-113.15624295015,36.282193955803],[-113.156272874147,36.2821702546667],[-113.156265801186,36.2821352914515],[-113.15626537397,36.2821065791551],[-113.156277269839,36.2820740715677],[-113.156302781682,36.2820546115928],[-113.156349844786,36.2820449571949],[-113.156382000096,36.2820348217933],[-113.156420579013,36.2820325745641],[-113.156445246166,36.2820130459719],[-113.156455172589,36.2819827642011],[-113.156468921343,36.2819518519231],[-113.156495619922,36.2819273382104],[-113.156506192039,36.2819002932841],[-113.156505942784,36.2818700409611],[-113.156516807835,36.2818420308014],[-113.156525787722,36.2818149370828],[-113.156545296702,36.2817867421257],[-113.15656154209,36.2817606701594],[-113.156581376045,36.2817342522216],[-113.156605210456,36.2817034427906],[-113.156627849243,36.2816758709761],[-113.156611087421,36.2816496464039],[-113.156604357211,36.2816214768763],[-113.156575425199,36.2815905225136],[-113.156561254779,36.2815634769118],[-113.156550266974,36.2815368272715],[-113.156527015072,36.2815117031615],[-113.15648226548,36.281514068959],[-113.156439497477,36.2815009406818],[-113.156390896569,36.2814855290159],[-113.156382852127,36.2814532089891],[-113.156351287826,36.2814324648806],[-113.156323613967,36.2813969791578],[-113.156334858566,36.2813673072704],[-113.156336441973,36.2813379097212],[-113.156331242183,36.281309157329],[-113.156305932076,36.2812752577146],[-113.156270294381,36.2812499405592],[-113.156241463338,36.2812222003378],[-113.156222894661,36.2811909498723],[-113.156201375793,36.2811589287793],[-113.156189102077,36.2811319859206],[-113.156209405613,36.2810977123391],[-113.15618015215,36.2810680093498],[-113.156146537598,36.2810450866256],[-113.156113850995,36.2810136887982],[-113.156092115089,36.280982636954],[-113.156108276991,36.2809521958617],[-113.156106576065,36.280923273082],[-113.156078033746,36.2809063024573],[-113.15605439645,36.2808833430535],[-113.156021753065,36.2808604307163],[-113.155980412267,36.2808485005696],[-113.155948034354,36.2808254842738],[-113.155909010996,36.2808103431237],[-113.155866517094,36.2808076050652],[-113.155831771699,36.2808035798117],[-113.155817565153,36.2807786051862],[-113.155820136225,36.2807466182474],[-113.155775103968,36.2807354576657],[-113.155738145087,36.2807162041796],[-113.15569855275,36.2807051834189],[-113.155662481364,36.2806950825304],[-113.155623832252,36.2806801463551],[-113.155587685803,36.2806592223728],[-113.155558490193,36.2806309197936],[-113.15551681593,36.2806232102528],[-113.155475142823,36.2806273598618],[-113.155448182678,36.2806073130551],[-113.155404719136,36.2806042065333],[-113.155367051093,36.2806237602257],[-113.155337536886,36.2806090053595],[-113.155288502346,36.2806051204232],[-113.15524435647,36.2806125810649],[-113.155202619719,36.2806114623793],[-113.155170047419,36.2806007952917],[-113.155122837788,36.2806049346359],[-113.155086191367,36.2805904362912],[-113.155039915683,36.2805899582254],[-113.154995634025,36.280580176414],[-113.154961671114,36.280575129078],[-113.154928855275,36.2805590049773],[-113.154905244508,36.2805316101709],[-113.154893351221,36.2804941513594],[-113.154867799135,36.2804694748897],[-113.154835940532,36.2804514803104],[-113.154832946793,36.2804226898734],[-113.15478529421,36.2804083294529],[-113.154747466897,36.2803996651567],[-113.154709172314,36.2804099179921],[-113.154680784592,36.2803812644206],[-113.154682187097,36.2803517836102],[-113.154652892079,36.2803366920178],[-113.154627685639,36.2803176580841],[-113.154582244107,36.2803124894502],[-113.154547419783,36.2803120211044],[-113.154514749144,36.280296109694],[-113.154477346578,36.2802845893586],[-113.154441190795,36.2802756577781],[-113.15440430866,36.2802685699395],[-113.154368135234,36.2802669730179],[-113.154338052375,36.2802834341194],[-113.154290422838,36.2802918125837],[-113.154252883033,36.2802903222769],[-113.154200242434,36.2802965033657],[-113.154154338665,36.2802940379641],[-113.15412295084,36.2802709681636],[-113.154081125162,36.2802666481543],[-113.154068595562,36.2802323491688],[-113.154042706057,36.2802119086777],[-113.154007582381,36.2801939069113],[-113.153973912267,36.2801756085332],[-113.153941162866,36.2801912504787],[-113.153894779356,36.2801873676698],[-113.153860519831,36.28018731619],[-113.153825438434,36.2801889956983],[-113.153785932289,36.2801925540375],[-113.153751522829,36.2801908953995],[-113.153715547015,36.2801836873598],[-113.153698863165,36.2801560395036],[-113.153720701372,36.2801273865965],[-113.153691458609,36.2801134574774],[-113.15366184849,36.2800936148387],[-113.153628347943,36.2800824538779],[-113.153608453624,36.2800538372024],[-113.153625218613,36.2800269612587],[-113.153601608307,36.2800048265102],[-113.153569928947,36.2799841414014],[-113.153532096762,36.2799870755001],[-113.153501181053,36.2799648082484],[-113.153474267585,36.2799480131493],[-113.153442204654,36.2799176218623],[-113.153413824552,36.2798950150634],[-113.153371462897,36.279884631996],[-113.153338035585,36.2798746323863],[-113.153298713361,36.2798819621441],[-113.153254392059,36.2798804386496],[-113.153223193472,36.2798689395577],[-113.153199162547,36.2798434835814],[-113.153165946792,36.2798369278136],[-113.153136220997,36.2798524501766],[-113.15309536805,36.2798650876067],[-113.153067558892,36.2798396753222],[-113.153025370344,36.2798393581042],[-113.152982902484,36.2798339396983],[-113.152947939648,36.279842320225],[-113.152897037731,36.2798444754946],[-113.152863035783,36.2798646537163],[-113.152831203073,36.279874401081],[-113.152790921279,36.2798799515441],[-113.152758471035,36.2798889005901],[-113.152717718095,36.2798928623041],[-113.152683465079,36.2798934890913],[-113.152649550689,36.2799049432158],[-113.152615852448,36.2798929806129],[-113.152576387107,36.2798812435394],[-113.152544296539,36.2798609369185],[-113.152510192214,36.2798411199358],[-113.15249340336,36.2798095096117],[-113.152450891665,36.2797990081344],[-113.152427901508,36.2797739028147],[-113.152396921634,36.2797624572529],[-113.152349292875,36.2797610930282],[-113.152313601872,36.2797526508783],[-113.152274310396,36.2797334184673],[-113.152255038719,36.2797018744448],[-113.152269454025,36.2796674993116],[-113.152231868684,36.2796455726465],[-113.15222495714,36.2796158837045],[-113.152187465852,36.2796193899105],[-113.152155690633,36.2795992082006],[-113.152120255794,36.2796062512525],[-113.152096301368,36.2795770386029],[-113.152074982529,36.2795431022407],[-113.152074450806,36.2795155932892],[-113.15204876044,36.2794915126797],[-113.152009113099,36.2794814885703],[-113.152014679944,36.2794690261937],[-113.152034032329,36.2794387778636],[-113.152070979551,36.279424746405],[-113.15210279083,36.2794013314045],[-113.152123597766,36.279365069137],[-113.152134114891,36.2793356531801],[-113.152138861752,36.2793024553492],[-113.152132533082,36.2792727063303],[-113.152149082727,36.2792351794844],[-113.152176493356,36.2792041469825],[-113.152182358461,36.2791718213625],[-113.152207495731,36.2791418798696],[-113.152181332808,36.2791029001988],[-113.152152907007,36.2790751192013],[-113.152135141406,36.2790431568466],[-113.152126188454,36.2790133117582],[-113.152096051954,36.2789835551181],[-113.152059496883,36.2789844557174],[-113.152036812903,36.2789601488147],[-113.152031058359,36.2789323318829],[-113.152052397004,36.278908015696],[-113.152079281746,36.2788908736312],[-113.152118920843,36.2788845562106],[-113.152129475235,36.2788528104673],[-113.152159501283,36.2788336748047],[-113.152193244035,36.2788245782668],[-113.152216048763,36.2787985203665],[-113.152211421245,36.2787694239512],[-113.152225670671,36.2787372015518],[-113.152263699583,36.278744206336],[-113.152296370858,36.2787358213066],[-113.152336114191,36.2787388959142],[-113.152367265805,36.2787172539822],[-113.152396979905,36.2787033824136],[-113.152434127699,36.2786967492056],[-113.152452816324,36.2786669895814],[-113.152491350084,36.2786449559972],[-113.152525882349,36.278664768896],[-113.152514684495,36.2786988580783],[-113.152504758232,36.2787275270168],[-113.152518761701,36.2787561445139],[-113.152517993843,36.2787922244646],[-113.15251789141,36.2788234710572],[-113.152512892321,36.2788565986315],[-113.152514806349,36.2788903318193],[-113.152536044318,36.278914069771],[-113.152569921891,36.2789200946205],[-113.152609393849,36.2789156368491],[-113.152655036793,36.2789160948187],[-113.152685983151,36.2789354900178],[-113.152693786583,36.2789665194191],[-113.152700892598,36.2789948545951],[-113.152741077073,36.2790011362724],[-113.152792292609,36.2790050677219],[-113.152816738859,36.2789845081875],[-113.152867742641,36.2789815426059],[-113.152912432402,36.2789723460505],[-113.15293311373,36.2789358245151],[-113.1529525934,36.2789129009047],[-113.152980097631,36.2788941646941],[-113.153014738716,36.2788845019152],[-113.153039744258,36.2788650156972],[-113.153048693188,36.2788324262793],[-113.153077514375,36.2788073712272],[-113.153082112476,36.2787798356823],[-113.153091507144,36.2787513556451],[-113.153118000878,36.278724571334],[-113.153136194519,36.2787004675436],[-113.153176180085,36.2786839158013],[-113.153206772527,36.2786568422158],[-113.153235139503,36.2786278608722],[-113.153225645189,36.2785974496529],[-113.153253676225,36.2785682354961],[-113.153275029554,36.2785364898228],[-113.153319031276,36.2785235747843],[-113.153354285912,36.2785171259231],[-113.153389273839,36.2785075343071],[-113.153425578482,36.2785171368572],[-113.153438452974,36.2784905617736],[-113.153455306734,36.2784652643369],[-113.153454424695,36.2784331665722],[-113.15347803198,36.2784068415986],[-113.153519118762,36.2783800574962],[-113.153522347006,36.2783495901537],[-113.15356049716,36.2783302230548],[-113.153579268417,36.2783031243895],[-113.153601649443,36.2782813174686],[-113.153632902931,36.2782548952683],[-113.153653609071,36.2782239940465],[-113.153618012993,36.2781951663089],[-113.153591404886,36.2781765386644],[-113.153580949538,36.2781487109592],[-113.153558075606,36.2781236163744],[-113.153557173955,36.2780915757486],[-113.153538040783,36.2780652365892],[-113.153507664373,36.2780517496686],[-113.153482882935,36.2780246478527],[-113.153463337011,36.277990497719],[-113.153432129966,36.2779709262389],[-113.153394941313,36.2779481436995],[-113.153379642743,36.277915141083],[-113.153389355084,36.2778849409124],[-113.153398153482,36.2778572936329],[-113.153426393014,36.2778303714456],[-113.153455802601,36.277809853068],[-113.153483115847,36.2777875877567],[-113.153493030353,36.2777489877666],[-113.153523998387,36.2777239723531],[-113.153548969495,36.2776932043289],[-113.153565564219,36.2776570294232],[-113.153560832216,36.2776243078714],[-113.153552038377,36.2775959716041],[-113.153543498207,36.2775626471456],[-113.153520251961,36.2775415378598],[-113.153509798195,36.2775101578552],[-113.153508453426,36.2774746297342],[-113.153500705939,36.2774452768056],[-113.153483113494,36.2774195804871],[-113.153454480565,36.2774007432121],[-113.153404501766,36.2773947067072],[-113.153393884745,36.2773584767086],[-113.153414481151,36.2773350110207],[-113.153445001827,36.2773096819018],[-113.153468563264,36.2772896402373],[-113.153478944284,36.2772563516698],[-113.153513882309,36.2772329331572],[-113.153542623935,36.277213070365],[-113.153523148899,36.2771833563535],[-113.1534908326,36.2771680493706],[-113.153468020392,36.2771304022075],[-113.153447238637,36.2770972495987],[-113.153426935842,36.2770695352772],[-113.153395710404,36.2770571398391],[-113.153399954889,36.2770242367389],[-113.153411921713,36.2769968848104],[-113.153438103242,36.2769675543059],[-113.153459029471,36.2769446712573],[-113.153448567199,36.2769067790687],[-113.153452965039,36.2768793363481],[-113.153440951319,36.2769059932754],[-113.153420921116,36.2769353139184],[-113.153384828201,36.2769433561725],[-113.153353885099,36.2769289582219],[-113.15332308976,36.2768938461456],[-113.153301538539,36.276869998591],[-113.153274183298,36.2768379342249],[-113.153256145344,36.276813882763],[-113.153219836528,36.2768051923982],[-113.153173095467,36.2767970946457],[-113.153138595825,36.2767844002745],[-113.153117000054,36.2767611970585],[-113.153079471462,36.2767498822273],[-113.153044951501,36.2767521688028],[-113.153001206393,36.2767513342634],[-113.152963540169,36.2767731802167],[-113.152948657824,36.2768026829806],[-113.152933087374,36.2768404879468],[-113.152917995376,36.2768660474262],[-113.152905341886,36.2768952351271],[-113.152878572678,36.276934584807],[-113.152835143513,36.2769475650761],[-113.152798493159,36.2769327235421],[-113.152809226748,36.2768976719266],[-113.152812423052,36.2768645335366],[-113.152773529256,36.2768658072581],[-113.152726799099,36.2768545399514],[-113.152711759376,36.2768267271146],[-113.152683463484,36.2767982200925],[-113.152672382266,36.2767640417637],[-113.152696610713,36.2767296593118],[-113.152724983566,36.2767054479825],[-113.152765219709,36.2767183140802],[-113.152800954026,36.2767234383333],[-113.152789045929,36.2766946596341],[-113.152810253796,36.2766622081909],[-113.152821597449,36.2766339265206],[-113.152835779729,36.276607183726],[-113.152871463143,36.2765794966541],[-113.152867324433,36.2765456656208],[-113.152859471702,36.2765177368835],[-113.152844082912,36.276480417391],[-113.152859826086,36.2764518590844],[-113.152896108286,36.2764332072745],[-113.152931269217,36.2764108989995],[-113.152959444343,36.2763844404806],[-113.152998005988,36.2763697478231],[-113.153031210582,36.2763619722352],[-113.1530508509,36.2763218225233],[-113.153077184186,36.2762850927999],[-113.153119291074,36.2762652462662],[-113.153152594986,36.2762584946045],[-113.153178338129,36.2762378070848],[-113.153205889978,36.2762155717931],[-113.153240793338,36.2762067470113],[-113.153281553134,36.2762108035249],[-113.153310005205,36.2761832087295],[-113.153310026752,36.2761498381788],[-113.153342405679,36.276125224645],[-113.153361738008,36.2761018691697],[-113.153399599762,36.2760811588926],[-113.153432802731,36.2760657541105],[-113.15348006153,36.2760538980416],[-113.153508015947,36.2760299112974],[-113.153541166908,36.2760022849767],[-113.153553893191,36.2759752330245],[-113.153570898847,36.275951431797],[-113.153591667246,36.2759239501256],[-113.153596409728,36.2758939016652],[-113.153603761725,36.2758589586755],[-113.153623091783,36.2758312316026],[-113.15365471119,36.2758136631821],[-113.153698391884,36.2757868142697],[-113.153724317399,36.2757592441678],[-113.153722248994,36.2757258211364],[-113.153728677376,36.2756968879249],[-113.153762348915,36.2756741564671],[-113.15378994684,36.275650005725],[-113.153801080583,36.2756230554511],[-113.153835429136,36.2756000900405],[-113.153844618687,36.2755725122932],[-113.153851573098,36.2755357448884],[-113.153815284536,36.2755225060658],[-113.153787134649,36.2754999564628],[-113.153779095564,36.2754666716543],[-113.153765002818,36.2754416442136],[-113.153765447728,36.2754116551493],[-113.153771992935,36.2753809387419],[-113.153781009074,36.2753522761811],[-113.153790479951,36.2753256190655],[-113.153832804754,36.2753142537683],[-113.153871569834,36.2753133885464],[-113.153911786823,36.2752968594499],[-113.153920520874,36.2752678585437],[-113.153939202102,36.2752442776521],[-113.153947603247,36.2752077410605],[-113.153991236636,36.2751874088318],[-113.15403315518,36.275198852498],[-113.154075584664,36.275213576006],[-113.154120243427,36.2752056027335],[-113.154144607871,36.2751862116755],[-113.154185411734,36.275173299888],[-113.154209209897,36.2751509652642],[-113.154219147131,36.275122813369],[-113.1542401289,36.2750937954308],[-113.154266489736,36.2750727630484],[-113.154294908239,36.2750543012132],[-113.154294241127,36.2750135888754],[-113.154282832661,36.2749734730218],[-113.154281167879,36.2749450218402],[-113.154277664435,36.2748999773012],[-113.154249099585,36.2748742336501],[-113.154233385365,36.2748468333589],[-113.154243713759,36.2748163903649],[-113.154273186966,36.2747890004828],[-113.154302142649,36.2747666368919],[-113.154341633449,36.2747629849571],[-113.154381636958,36.2747653908254],[-113.154416895148,36.2747829069788],[-113.154453763763,36.2747903673647],[-113.154486833897,36.2747733566657],[-113.154534860768,36.2747761929432],[-113.154565377503,36.2747597176828],[-113.154697417911,36.2747186215997],[-113.154718954494,36.2747458718112],[-113.15474419408,36.2747705512917],[-113.154772391506,36.2747880684212],[-113.154811253492,36.2748022773031],[-113.154854333979,36.2748116518472],[-113.154888039812,36.2748312878998],[-113.154913325733,36.2748578115921],[-113.154946970495,36.2748660753651],[-113.154977255849,36.2748786360827],[-113.15501056194,36.2748897235948],[-113.154993209287,36.2749235931601],[-113.154957870529,36.2749554614544],[-113.154956367138,36.2749858040041],[-113.154976807556,36.2750107114612],[-113.154985531605,36.2750445192439],[-113.15502630587,36.2750568539028],[-113.155067418804,36.2750846624017],[-113.155106067165,36.2750965197809],[-113.155140851989,36.2751170917476],[-113.15517891325,36.2751481199001],[-113.155211619636,36.2751557317045],[-113.155243536041,36.2751688217882],[-113.155269085742,36.275193635271],[-113.155293795958,36.2752191714517],[-113.155313829434,36.2752487453153],[-113.155355794736,36.2752658482118],[-113.15539495915,36.2752730695091],[-113.155434192444,36.2752861547014],[-113.155472471687,36.2752912232614],[-113.155510367849,36.2752917125967],[-113.155554481276,36.2752893334496],[-113.155591049641,36.2752718204029],[-113.155605889749,36.2752378329171],[-113.155621441618,36.2752003001643],[-113.155643233157,36.2751711565178],[-113.155680193688,36.2751696445271],[-113.155716116597,36.2751436423562],[-113.155753420199,36.2751340849261],[-113.155772173677,36.275105381827],[-113.155759158728,36.2750709538369],[-113.15574259789,36.2750453329834],[-113.155736047428,36.2750108731385],[-113.155711506559,36.2749902419014],[-113.155675906953,36.2749699588087],[-113.155641967078,36.2749495934963],[-113.155614800612,36.2749237131938],[-113.155583593048,36.2748985105683],[-113.155602866364,36.2748657591261],[-113.155591112412,36.2748393322833],[-113.155629786968,36.2748223554134],[-113.155655102618,36.2747996028548],[-113.155687735,36.27476749563],[-113.15570227389,36.2747389929318],[-113.1557209214,36.2747697779122],[-113.155749249391,36.2747849921821],[-113.155783268433,36.2748048783166],[-113.155825204254,36.2748186483534],[-113.155862205089,36.2748460458046],[-113.155903600847,36.2748436614634],[-113.155931170878,36.2748611842215],[-113.155964454136,36.2748474403097],[-113.156008502471,36.2748509597714],[-113.15605072725,36.2748340377143],[-113.15606191059,36.2748059280981],[-113.156082361489,36.27477823721],[-113.156111045895,36.2747589400013],[-113.156135685189,36.2747397301696],[-113.156171584813,36.2747272586007],[-113.156217535059,36.2747267966254],[-113.156252449015,36.2747086426109],[-113.156287014558,36.2746821545871],[-113.156287886335,36.2746529879778],[-113.156319351546,36.2746281143211],[-113.156335108044,36.2745947582958],[-113.156370111989,36.2745856234355],[-113.156396165773,36.2745628042281],[-113.156411620126,36.2745321433017],[-113.156408855102,36.2745019642704],[-113.156397391651,36.2744732779671],[-113.156403363089,36.2744448089544],[-113.156372663846,36.2744206456464],[-113.156332578369,36.2744246830408],[-113.156280432918,36.2744177998565],[-113.156240962667,36.2744152290684],[-113.156215019774,36.2743902462173],[-113.156218440971,36.274353116976],[-113.156230412267,36.2743090633949],[-113.156228974826,36.2742696403985],[-113.156213709416,36.2742393947974],[-113.15620508205,36.2742068103119],[-113.156184926843,36.2741844262356],[-113.156182531155,36.2741518474231],[-113.156166487887,36.2741267076285],[-113.156128691262,36.2741136301048],[-113.156101251487,36.2740934288994],[-113.156100422144,36.2740645354364],[-113.15610616757,36.2740282521144],[-113.156089603715,36.2740040951669],[-113.156051821012,36.2739914806655],[-113.156059033145,36.2739642854451],[-113.156094157524,36.2739672663823],[-113.156142012755,36.273973874604],[-113.156172790451,36.2739947078388],[-113.156217924075,36.2739986475192],[-113.156254133846,36.2739928494136],[-113.156290633684,36.2739731561058],[-113.156325064571,36.2739480973553],[-113.156352139461,36.2739269560991],[-113.156398791606,36.273916701643],[-113.156438492458,36.2739049248801],[-113.15648509831,36.2739041147753],[-113.156524890996,36.2738976588584],[-113.156567031771,36.2738956286096],[-113.156602784421,36.2738779533124],[-113.156637885855,36.2738764601525],[-113.156652014443,36.2738484370579],[-113.156639769684,36.2738224653456],[-113.156632338618,36.2737956577577],[-113.156617532855,36.2737542450771],[-113.156595154131,36.2737288879361],[-113.156573036314,36.273697922328],[-113.156551655394,36.2736744805947],[-113.156585606795,36.2736572884786],[-113.156625678476,36.2736613815219],[-113.156659858103,36.2736454453691],[-113.15670092515,36.2736479277263],[-113.15673839092,36.2736474897387],[-113.156766643709,36.2736157235397],[-113.156809312471,36.2736023851335],[-113.156836201941,36.2735794903649],[-113.156865842309,36.2735610158008],[-113.15691094981,36.2735470655001],[-113.156942964107,36.2735578215534],[-113.156975032068,36.2735777272366],[-113.157008759736,36.2735902298381],[-113.157027011503,36.2736137865399],[-113.157072182583,36.2736349493127],[-113.157105715801,36.2736575749634],[-113.157142128396,36.2736678910509],[-113.157179759521,36.2736837744713],[-113.15722807906,36.2736795918126],[-113.157259877836,36.2736932315136],[-113.15730364247,36.2737040178841],[-113.157343304858,36.2736814297054],[-113.157381666852,36.2736581871596],[-113.157423202206,36.2736501419458],[-113.157467433596,36.273624949262],[-113.157486903632,36.2735980492104],[-113.157505617539,36.2735709771225],[-113.157494626363,36.2735441707502],[-113.157501129957,36.2735141435453],[-113.157545942141,36.2735066971417],[-113.157586761537,36.2735094856203],[-113.157622291095,36.2734911614651],[-113.157652615371,36.273466038553],[-113.157685150472,36.2734534551076],[-113.157694297913,36.2734264267687],[-113.157711978165,36.2733832822296],[-113.157706054265,36.2733448794545],[-113.157678117393,36.2733220312763],[-113.157647397034,36.2733048217631],[-113.157646663441,36.273269398038],[-113.157655849669,36.2732365002468],[-113.15767008865,36.2732070454872],[-113.157677427114,36.2731771834755],[-113.157719801449,36.2731990184243],[-113.157761774638,36.273196455377],[-113.157801332798,36.2731991674008],[-113.157826977903,36.273180053547],[-113.157870226139,36.2731703521108],[-113.157918473078,36.2731541652757],[-113.157960436052,36.2731460571773],[-113.157996477424,36.2731268845083],[-113.158021795643,36.2730943642793],[-113.158038525982,36.2730656477841],[-113.158070137977,36.2730543148628],[-113.158101715482,36.2730395060107],[-113.158139678835,36.2730399284173],[-113.158178200212,36.2730245155619],[-113.158210513334,36.2730064674339],[-113.158243563591,36.2729883474004],[-113.158271511957,36.2729584116052],[-113.158303046361,36.2729478615031],[-113.158352799526,36.2729375494053],[-113.158395142638,36.2729288610279],[-113.158437759554,36.2729376748041],[-113.158470003904,36.2729477322486],[-113.158501483863,36.2729739702763],[-113.158542076278,36.2729842897866],[-113.158582952022,36.2729972172088],[-113.158624584869,36.2729963671812],[-113.158640124221,36.2729695217017],[-113.158662907466,36.2729379304492],[-113.158677163449,36.2729123421015],[-113.15871572611,36.2729017082405],[-113.158752523802,36.2729005497866],[-113.158793201482,36.2729051142924],[-113.158838620591,36.2728978159906],[-113.158880450778,36.2728992021898],[-113.158899615837,36.2729244204395],[-113.158928923453,36.2729404076617],[-113.158942545597,36.2729761123777],[-113.158930778757,36.273005016972],[-113.158932041169,36.273034885966],[-113.158959689498,36.2730579184293],[-113.158979073194,36.2730827063729],[-113.159010310198,36.2731076326651],[-113.159051189449,36.2731305829812],[-113.159089258565,36.2731366213499],[-113.159120353873,36.273148036987],[-113.159139763626,36.2731706566623],[-113.159180872022,36.273182203298],[-113.159210687859,36.2732022887645],[-113.159249144088,36.2732128818703],[-113.159272476391,36.2731785999441],[-113.159281235488,36.2731505473507],[-113.159274839027,36.2731231813353],[-113.159282596378,36.2730821212876],[-113.159284791351,36.2730542350339],[-113.159310537582,36.2730297965117],[-113.159288095595,36.2730071766526],[-113.1593062297,36.2729797334899],[-113.159335669484,36.2729542097085],[-113.15936709194,36.2729326115815],[-113.159405696671,36.2729234675879],[-113.159413377633,36.2728895368641],[-113.159425100736,36.2728620012788],[-113.159461999786,36.2728408062543],[-113.159501160782,36.2728426830216],[-113.159542187002,36.2728367473465],[-113.159582275966,36.2728271762801],[-113.159619814773,36.2728195873917],[-113.159663954578,36.2728258169609],[-113.159706725914,36.2728362328146],[-113.159723854214,36.2728111972665],[-113.159762434949,36.2727997722513],[-113.159798415597,36.2727921934312],[-113.159838544789,36.2727968495142],[-113.159860503106,36.2728273631017],[-113.159888950169,36.2728473406301],[-113.159876881681,36.2728831804153],[-113.15990889914,36.2729047113689],[-113.159908376162,36.2729379232998],[-113.15993389465,36.2729613770943],[-113.159973403851,36.2729764928927],[-113.160015845177,36.2729773124131],[-113.160055101386,36.2729811468325],[-113.160078564931,36.2730133205233],[-113.160099031486,36.2730365527962],[-113.160122588459,36.2730613309371],[-113.160161312455,36.273059060115],[-113.160197373362,36.2730576621483],[-113.160229189232,36.273038269526],[-113.160231755615,36.273009897025],[-113.160250913764,36.2729803638942],[-113.16027580007,36.2729595109936],[-113.160314765097,36.2729725300349],[-113.160350303204,36.2729570928814],[-113.16038761761,36.2729391016118],[-113.160420608947,36.272918621388],[-113.160458026956,36.2729092362076],[-113.160468900188,36.2728800790163],[-113.160511459218,36.2728712381672],[-113.160546288712,36.2728578400195],[-113.160580460465,36.2728488082173],[-113.160614236754,36.2728366161761],[-113.160633035736,36.2728092437269],[-113.160660144762,36.2727862882635],[-113.160673129179,36.2727588947134],[-113.160687602138,36.2727290883584],[-113.160706272721,36.2727028746631],[-113.160703500026,36.2726753810366],[-113.160717477177,36.2726458819897],[-113.160737372032,36.2726207124692],[-113.160760561922,36.2725991420048],[-113.160796471651,36.2725895225894],[-113.160828702991,36.2725756836892],[-113.160864096957,36.2725750150624],[-113.160899107972,36.27256509909],[-113.160935570785,36.2725599169429],[-113.160957420938,36.272538487836],[-113.160996088694,36.2725270815848],[-113.161030528133,36.2725240920379],[-113.161075522267,36.2725213407211],[-113.161106472297,36.2725036661909],[-113.161144539714,36.2724876864312],[-113.161181990122,36.2724834030378],[-113.161222961874,36.2724975058953],[-113.16125779943,36.2724959161075],[-113.161282733495,36.2724744690441],[-113.161304330762,36.2724474659342],[-113.161322061717,36.2724238407125],[-113.161352400342,36.2724015973668],[-113.161384832862,36.2723865026934],[-113.161420015433,36.2723767988933],[-113.161454307812,36.2723630703846],[-113.161486920087,36.2723552220672],[-113.161527226251,36.2723415163986],[-113.161560089125,36.2723283860711],[-113.161597704867,36.2723140367832],[-113.161635918483,36.2723015893571],[-113.161674530316,36.2722911501575],[-113.161706199916,36.2722768110128],[-113.16174304497,36.2722796834675],[-113.161776711159,36.2722579855557],[-113.161814331644,36.2722385641659],[-113.161852555981,36.2722323601935],[-113.161886861767,36.2722525801173],[-113.161923530863,36.2722653778618],[-113.161935007702,36.2723027227337],[-113.161902356699,36.2723270027517],[-113.161920501312,36.2723521217834],[-113.161947421602,36.2723700857514],[-113.161977167223,36.2723870873414],[-113.161961845177,36.2724181738087],[-113.1619599792,36.272448146204],[-113.161953885411,36.2724767024095],[-113.161934014756,36.2725122580518],[-113.16189454886,36.2725198644864],[-113.16185783592,36.2725395038434],[-113.161824738159,36.2725502940654],[-113.161802535918,36.2725729131792],[-113.161765912884,36.272576844697],[-113.161738731609,36.2725984172247],[-113.161713018481,36.2726257183766],[-113.161722814849,36.2726563379683],[-113.161715594897,36.2726927401286],[-113.161722431641,36.2727246994795],[-113.161752292175,36.2727563984124],[-113.161797829259,36.2727620286581],[-113.161835500749,36.272765031254],[-113.161861692682,36.2727933497048],[-113.161880025467,36.2728178614258],[-113.161912385367,36.2728090909572],[-113.16194670715,36.2727945685784],[-113.161970995277,36.2727732349092],[-113.162000576838,36.272745541053],[-113.162035642506,36.2727370443022],[-113.162066789643,36.272725551989],[-113.162103647593,36.2727027344565],[-113.162126969115,36.2726807836821],[-113.162148430118,36.2726524813258],[-113.16217836316,36.2726370891295],[-113.16221786275,36.272621260694],[-113.162252433073,36.2726404076119],[-113.162288397847,36.2726428775869],[-113.16233390496,36.2726327352864],[-113.162360002777,36.2726258824909],[-113.162336817948,36.2726121126767],[-113.162327622045,36.2725816400152],[-113.162312277014,36.2725544306335],[-113.162287424797,36.2725279123999],[-113.162267463782,36.2724921956515],[-113.162272310743,36.2724591605964],[-113.162262951292,36.2724304647618],[-113.162271157596,36.2723981116631],[-113.162267695677,36.2723674830003],[-113.162259434625,36.2723331680535],[-113.16227717082,36.2723063950532],[-113.162299597608,36.2722832075411],[-113.162391652518,36.272257810514],[-113.162423770375,36.2722437470007],[-113.162453755037,36.272257064799],[-113.162479879685,36.2722387624291],[-113.162520102517,36.2722216012236],[-113.16255626387,36.2722184133385],[-113.162590722664,36.2722249683881],[-113.162626233737,36.2722077734063],[-113.162657729833,36.2721956662122],[-113.162690083072,36.2721813414826],[-113.162729814056,36.2721776229629],[-113.16275935243,36.2721556028599],[-113.16279426515,36.2721416563365],[-113.162803642756,36.2721124286571],[-113.162823076606,36.2720885732098],[-113.162863532487,36.2720658652166],[-113.162895391552,36.2720436796067],[-113.162923792889,36.2720224506987],[-113.162918795751,36.2719879099932],[-113.162946229174,36.2719675476732],[-113.162955774065,36.2719288544869],[-113.162986688087,36.2719093747071],[-113.163028153141,36.2718806859091],[-113.163064583595,36.2718790676779],[-113.163102019129,36.2718895878797],[-113.163131470234,36.2719204393877],[-113.16313491663,36.2719503733554],[-113.163143622159,36.2719773070776],[-113.163163268809,36.272007230022],[-113.163192715082,36.2720343544808],[-113.163233996453,36.2720470881894],[-113.163268108742,36.2720522612212],[-113.163299065712,36.2720783010206],[-113.163348780453,36.272084428343],[-113.163392268746,36.2720902482932],[-113.163437797162,36.2721010194269],[-113.163460202747,36.2720787722036],[-113.163480747932,36.2720552624913],[-113.163509755335,36.2720297833861],[-113.163521675652,36.2719943263125],[-113.163498283368,36.2719741698417],[-113.163496973022,36.2719425855982],[-113.16352824983,36.2719240347251],[-113.163557082557,36.2718938022986],[-113.163576547745,36.2718699632909],[-113.16355866667,36.2718461395059],[-113.163520788825,36.271832863886],[-113.163522651647,36.2718053396216],[-113.163503797682,36.2717784895456],[-113.16349306644,36.2717508804383],[-113.16346256841,36.2717236804441],[-113.163465572174,36.2716886939106],[-113.163481909655,36.271658812927],[-113.16350073548,36.2716349999243],[-113.163484412477,36.2716068872034],[-113.163498155511,36.2715729429742],[-113.163512639153,36.2715417552163],[-113.16352000835,36.2715088980043],[-113.163520123878,36.2714728758003],[-113.163553472365,36.2714556277497],[-113.163576529729,36.2714307078974],[-113.16361458756,36.2714212335472],[-113.163646634231,36.271412112251],[-113.163660794256,36.2713852938124],[-113.163650991461,36.2713563573373],[-113.163644841602,36.2713226902124],[-113.163635897978,36.2712936264167],[-113.163636997504,36.2712611143223],[-113.16365509261,36.2712299080537],[-113.163671488746,36.2711948990524],[-113.163670750157,36.2711672542154],[-113.163699313773,36.2711880147104],[-113.163699174494,36.2712253109651],[-113.163735239376,36.2712247762749],[-113.163770470758,36.2712496542561],[-113.163804613768,36.2712327252588],[-113.163833168334,36.2712616639156],[-113.163888260081,36.2712537992429],[-113.163901968798,36.2712205153852],[-113.163928753597,36.2711982482969],[-113.163961515442,36.2711732248141],[-113.16400582675,36.2711714564317],[-113.16401737387,36.2711978915766],[-113.164015701294,36.2712253655336],[-113.164004207012,36.2712556393393],[-113.164018640905,36.2712872510104],[-113.164030253641,36.2713159410671],[-113.164027668851,36.271348474641],[-113.164056434398,36.2713642865364],[-113.164095425433,36.2713754732182],[-113.164113415889,36.2714053133178],[-113.164135791346,36.271430934089],[-113.164109544755,36.2714501178458],[-113.164076458282,36.2714594744152],[-113.164047920524,36.2714744127719],[-113.164016913662,36.2714892236592],[-113.163986694406,36.2715103072604],[-113.163969589391,36.2715363687242],[-113.163939510478,36.2715572550798],[-113.163916432694,36.2715790936235],[-113.163910440074,36.2716183832751],[-113.163918445213,36.2716464698358],[-113.163929541734,36.2716777092747],[-113.163921950962,36.271711405178],[-113.163903011472,36.2717373466085],[-113.16389561188,36.2717672830865],[-113.163875924046,36.271797003937],[-113.163871608554,36.271832854288],[-113.16383549531,36.2718503165201],[-113.163815770639,36.2718745108942],[-113.163780603684,36.2718967773509],[-113.163766856618,36.2719264194964],[-113.16377476221,36.2719585216193],[-113.163778669498,36.2720001423553],[-113.163756342744,36.272024958886],[-113.163745684474,36.2720526207193],[-113.163725908596,36.2720829470499],[-113.163703181628,36.2721102838038],[-113.163734255892,36.2721425425444],[-113.16378864636,36.2721490907133],[-113.163820495523,36.2721644177976],[-113.163851576341,36.2721339688439],[-113.16388640995,36.2721171643256],[-113.163922064403,36.2721106186282],[-113.163956643575,36.2720957674336],[-113.163994961885,36.2721132974645],[-113.164026820064,36.2721329418396],[-113.164069211771,36.2721406084476],[-113.164071190555,36.2721792598526],[-113.164056474488,36.2722054114822],[-113.164035151621,36.2722359461388],[-113.164031122395,36.2722634149819],[-113.164024952899,36.2722943215938],[-113.16401202091,36.2723278023199],[-113.163972361555,36.2723248823627],[-113.163930544067,36.2723226161853],[-113.163895062995,36.2723304458887],[-113.163900306136,36.2723698890896],[-113.163936080808,36.2723758385518],[-113.163955582005,36.2724072115732],[-113.163990271614,36.2724258294305],[-113.164026446607,36.2724282148561],[-113.164059988082,36.2724092379672],[-113.164089025349,36.2724318528909],[-113.164118397135,36.2724130425076],[-113.164153467684,36.2724067524799],[-113.164198426889,36.2724038320671],[-113.164205297092,36.2723749227922],[-113.164231958567,36.2723532987336],[-113.164246420578,36.2723259294403],[-113.164259935,36.2723001618899],[-113.164278138903,36.2722678980706],[-113.164320532628,36.2722550342999],[-113.164361143904,36.2722751753952],[-113.164395698093,36.2722790114982],[-113.164429529757,36.2722688156995],[-113.164473472338,36.2722763269903],[-113.164510698564,36.2722728046587],[-113.164546537822,36.272274804817],[-113.164569014666,36.2722530518473],[-113.164608204048,36.2722428238831],[-113.164649757706,36.2722402939638],[-113.164674377677,36.2722207312277],[-113.164713893089,36.2722099357789],[-113.164714814127,36.2721818598005],[-113.164733811327,36.2721535403171],[-113.164730064547,36.2721227077827],[-113.164713928824,36.2720920049492],[-113.164664862781,36.272091434144],[-113.164657418949,36.2720584521111],[-113.164659842393,36.2720288319399],[-113.164628662096,36.2720143907228],[-113.164604656508,36.2719807828829],[-113.164584513529,36.2719555598429],[-113.164602941439,36.2719320197776],[-113.16464396513,36.2719279599381],[-113.164677173656,36.2719191490261],[-113.164666339081,36.2718852341934],[-113.164641727928,36.271853760927],[-113.164633904512,36.2718164240888],[-113.16466954467,36.2718142049524],[-113.164700758221,36.271826507535],[-113.164724750698,36.271847750753],[-113.164748452264,36.2718761136592],[-113.164764918547,36.2719023424677],[-113.164806925785,36.2719052394765],[-113.164837775339,36.271881306778],[-113.164868188585,36.2718583031619],[-113.164882821368,36.271832573879],[-113.164892827582,36.2718047750343],[-113.164921413249,36.2717878652389],[-113.16494811448,36.2717700323213],[-113.164955864603,36.2717367616194],[-113.164972648277,36.2717113683378],[-113.165006833274,36.2717017653842],[-113.165008666323,36.2716675400406],[-113.164998920856,36.2716350161406],[-113.165034195044,36.2716216059439],[-113.165063873879,36.2715988589473],[-113.165091946347,36.2715769946239],[-113.165135493224,36.2715734162151],[-113.16517494957,36.2715794365372],[-113.16520466467,36.2715931839662],[-113.165243585726,36.2715951785774],[-113.165284401874,36.2715843386538],[-113.165307952679,36.271553485808],[-113.165352976289,36.2715556564789],[-113.165382029093,36.2715339852491],[-113.165395991109,36.271505379201],[-113.165431771899,36.2715016889786],[-113.165457519249,36.2714809248839],[-113.165488427347,36.2714626298616],[-113.165502531512,36.271436793806],[-113.165543410239,36.2714439771331],[-113.165572680318,36.2714589412543],[-113.165602961919,36.271474618947],[-113.16562738827,36.2715055987119],[-113.165649057183,36.2715304054447],[-113.165689489207,36.2715318533554],[-113.165723865464,36.2715371155474],[-113.165754489827,36.2715546816468],[-113.165790820895,36.2715549536352],[-113.165818261276,36.2715376155016],[-113.165840214179,36.2715145657228],[-113.16586470561,36.271493471865],[-113.16586865055,36.271464306335],[-113.165882048985,36.2714331568943],[-113.165899694102,36.2714096659707],[-113.165937215235,36.2714218692715],[-113.165963109186,36.2714510503043],[-113.165976495853,36.2714770408979],[-113.165997333716,36.271506372121],[-113.166027601952,36.2715228918154],[-113.166025680191,36.2715511112203],[-113.166034602598,36.2715814686557],[-113.166034137325,36.2716091830485],[-113.166039022211,36.271649683619],[-113.166071187172,36.2716263613305],[-113.166077524423,36.2715935803631],[-113.166105435849,36.2715750023733],[-113.166145776253,36.2715585526093],[-113.166176445512,36.2715358090271],[-113.16620538784,36.2715157476263],[-113.166243526319,36.2715125453384],[-113.166287364453,36.2714957860739],[-113.166321108734,36.2714997688002],[-113.166359738698,36.2715180153118],[-113.166403924811,36.2715239161635],[-113.166432558988,36.2715008028846],[-113.166466353643,36.2714806715119],[-113.166459598279,36.2714524867718],[-113.166437069313,36.2714182783813],[-113.166423805701,36.2713899790346],[-113.166404415375,36.271366146983],[-113.166361225552,36.2713581098825],[-113.166335937109,36.271327199975],[-113.16632233196,36.2712942738217],[-113.166319331079,36.2712651169716],[-113.166313682481,36.2712358134087],[-113.166331445789,36.2712099596232],[-113.166367994421,36.271210175217],[-113.166396938262,36.2712390286746],[-113.166441580338,36.2712423424649],[-113.16647806697,36.2712573098822],[-113.166523009897,36.2712539490371],[-113.166536610468,36.2712203775181],[-113.1665460111,36.2711856337337],[-113.166531427063,36.2711552707821],[-113.166506864432,36.2711300010772],[-113.16652138937,36.2711016424899],[-113.166511904493,36.2710699883146],[-113.166523986793,36.2710382308054],[-113.166508336872,36.2710047828879],[-113.166481010106,36.2709778101285],[-113.166502090446,36.2709462392772],[-113.166539184606,36.2709444493258],[-113.166579862504,36.2709509373878],[-113.166613686656,36.2709449711938],[-113.166650344742,36.2709460905847],[-113.166692464969,36.2709623944016],[-113.166726132366,36.2709473345058],[-113.166761405391,36.2709407903779],[-113.166789819,36.2709207023682],[-113.166755005438,36.2709017062925],[-113.166720686266,36.2708828364493],[-113.16669090223,36.2708595470604],[-113.166673439698,36.2708270099406],[-113.166634623013,36.2708124282275],[-113.166600550491,36.2708083190343],[-113.166565597126,36.2707888927831],[-113.166549812422,36.2707556816654],[-113.166559459643,36.2707208000084],[-113.166571261446,36.2706942403049],[-113.1666007814,36.2706634782296],[-113.166635796752,36.270674154761],[-113.166675457817,36.2706846948019],[-113.166716315145,36.2706986049601],[-113.166755241996,36.2706905154808],[-113.166789368693,36.2706923981943],[-113.166828409328,36.2706929353351],[-113.16683663664,36.2706611340988],[-113.166867197555,36.2706483829678],[-113.166850356092,36.2706228111315],[-113.166858572302,36.2705935483207],[-113.166855524206,36.2705584208388],[-113.1668269337,36.2705315945489],[-113.166855897026,36.2705111441297],[-113.166854124122,36.2704829267838],[-113.166885204149,36.2704716021039],[-113.16692062491,36.2704667462029],[-113.166938431116,36.270443343248],[-113.166919562657,36.2704175684017],[-113.166889019022,36.2704023113143],[-113.166910182783,36.2703707091364],[-113.166910586621,36.2703369576522],[-113.166902949224,36.2703007046357],[-113.166893140965,36.270266413566],[-113.166892517091,36.2702343013527],[-113.166870292657,36.2702110624588],[-113.166891827447,36.2701828976502],[-113.166923193139,36.270166811314],[-113.166959047922,36.2701658630384],[-113.166994348122,36.2701547989418],[-113.167031832306,36.2701638297948],[-113.167071674131,36.2701848618515],[-113.167111562187,36.2701921446331],[-113.16715073098,36.2701836774805],[-113.167185616706,36.2701754583183],[-113.167221457868,36.2701807007419],[-113.167255182117,36.270176046758],[-113.167290105564,36.2701565508853],[-113.167322478098,36.2701415764958],[-113.167356381957,36.270130536707],[-113.167383381592,36.2701072320093],[-113.167412299927,36.2700771539617],[-113.167453457494,36.2700810767831],[-113.167488152237,36.2700648262858],[-113.167519099156,36.270042537929],[-113.167543865519,36.2700160017567],[-113.16754784837,36.2699832399691],[-113.167561291384,36.2699474150937],[-113.167599711482,36.269931764023],[-113.167635502058,36.2699167843599],[-113.167683179121,36.2699113328379],[-113.16772136264,36.2699049195356],[-113.167748683313,36.269925069742],[-113.167762415679,36.2699536083174],[-113.1677579315,36.269981199094],[-113.167766864626,36.2700119275645],[-113.167804970462,36.270002743966],[-113.167845555425,36.2700025452086],[-113.167881739045,36.2700105123407],[-113.167911273574,36.2699923795219],[-113.16791018671,36.2699619747761],[-113.167943753702,36.2699474941367],[-113.167973537642,36.2699292044502],[-113.168001680758,36.2699128833358],[-113.168032268473,36.2698934316287],[-113.168057407716,36.2698631200103],[-113.168080343161,36.2698355911891],[-113.168116652228,36.2698316760708],[-113.168126314754,36.2698638604987],[-113.168124960877,36.2699005108546],[-113.168134215738,36.2699336509041],[-113.168163865368,36.269958517947],[-113.168202915114,36.2699714706918],[-113.16822581969,36.2699932908781],[-113.168223264107,36.2700289093414],[-113.168222889883,36.2700615380943],[-113.168238086489,36.2700872306046],[-113.168254648947,36.2701185994317],[-113.168261988076,36.2701492386945],[-113.168298800471,36.270141020318],[-113.168333065336,36.2701212665837],[-113.168343720208,36.2700851388657],[-113.168356669506,36.2700500691868],[-113.168386158273,36.2700333035414],[-113.168420039061,36.2700131880939],[-113.168422521549,36.2699770229277],[-113.168451943672,36.2699625172797],[-113.168487732144,36.2699485937936],[-113.168529004715,36.2699231974757],[-113.168567393489,36.2699049732867],[-113.168571216607,36.2698757476938],[-113.168569682418,36.2698410921535],[-113.168590288774,36.2698118226002],[-113.16859287778,36.2697796313905],[-113.168602062937,36.2697501733231],[-113.168627787298,36.2697283877395],[-113.168651044474,36.2697033235988],[-113.168684699321,36.26968361869],[-113.168697585191,36.2696557591908],[-113.168707866809,36.269625580869],[-113.168715136731,36.2695877307381],[-113.168738643286,36.2695669353972],[-113.168775432644,36.2695642930993],[-113.168799892874,36.2695862967729],[-113.168809345934,36.2696153671441],[-113.168810425397,36.2696483084347],[-113.168821454844,36.269678795083],[-113.168860751513,36.2696892481737],[-113.168896003879,36.2696973526769],[-113.168927289176,36.2697163598669],[-113.168962106435,36.2697268815753],[-113.169000247687,36.2697212410979],[-113.169034731967,36.2697134126634],[-113.169072910264,36.2697075425458],[-113.169106805707,36.2696934792628],[-113.169146715313,36.2696912056751],[-113.169153274092,36.2697246072812],[-113.169163448208,36.269756278477],[-113.169189713129,36.2697794553386],[-113.169215358449,36.269798422376],[-113.169247143663,36.2698195620362],[-113.169284908985,36.2698122824088],[-113.169302019353,36.2697840379248],[-113.169311786197,36.2697521995806],[-113.169334081851,36.2697223638418],[-113.169368044931,36.2697113494544],[-113.169377786266,36.2696837389383],[-113.169399249165,36.2696557895194],[-113.169430840755,36.2696448758372],[-113.169462419514,36.2696324129447],[-113.169494763199,36.2696224924143],[-113.169518661299,36.2695960238792],[-113.169549626747,36.2695777709526],[-113.169556480817,36.2695468291227],[-113.169532147071,36.2695151652575],[-113.169566501781,36.2694945766909],[-113.169601772825,36.2694799501938],[-113.169649108698,36.2694751764982],[-113.16967833074,36.2694458964157],[-113.169687041269,36.2694163576502],[-113.169700990983,36.2693824702854],[-113.169736933545,36.2693666516836],[-113.169761525357,36.2693471551358],[-113.169798207071,36.2693525726215],[-113.169832078498,36.26933833561],[-113.169852554715,36.2693119462453],[-113.169873969246,36.2692829024715],[-113.169895778063,36.2692538281019],[-113.169925341629,36.2692297344866],[-113.169954015296,36.2692539157384],[-113.169956750431,36.2692878635216],[-113.16997771182,36.2693147905844],[-113.170015047395,36.2693195417485],[-113.170044045473,36.2693039716977],[-113.17006503248,36.2693399452119],[-113.170088279113,36.26936043924],[-113.170131859738,36.2693638033827],[-113.170134763011,36.2693316488065],[-113.17015585023,36.269298304236],[-113.170167431498,36.269270262759],[-113.17019817575,36.2692558507651],[-113.170204485769,36.2692227167594],[-113.170235429312,36.269206055855],[-113.170266215889,36.2691880277278],[-113.170289742971,36.269165419986],[-113.170304947824,36.2691327743735],[-113.170333322271,36.2691152280808],[-113.170372048319,36.2691164521142],[-113.170416379065,36.2691132640842],[-113.170426915926,36.2690855768502],[-113.170441746403,36.2690445580909],[-113.17139799,36.2699309909262],[-113.171436301616,36.2699313433115],[-113.171460373433,36.2699096799865],[-113.17145939433,36.2698816880746],[-113.171439237596,36.2698523697878],[-113.171423735276,36.2698179671219],[-113.171413610385,36.2697836055872],[-113.171449997693,36.2697663290112],[-113.17148489248,36.2697443167601],[-113.171523334134,36.269734981666],[-113.171567093289,36.2697405620818],[-113.17159997599,36.2697477768232],[-113.171628215066,36.2697666114888],[-113.171643981359,36.2697976021991],[-113.171681490156,36.2698032104866],[-113.1717125561,36.2698214664835],[-113.171737961405,36.2698440021996],[-113.171751657124,36.2698757065284],[-113.171788526742,36.2698867678906],[-113.171826700583,36.2699033209555],[-113.171851983564,36.2698819068582],[-113.171879807411,36.2698554188195],[-113.171912200279,36.2698657619722],[-113.171937918557,36.2698885028761],[-113.171914154937,36.2699137318756],[-113.171951750599,36.269916968829],[-113.171991852422,36.2699102633279],[-113.172024106962,36.2698973746629],[-113.172060017797,36.2698999436419],[-113.172037370815,36.2699328914346],[-113.172007719986,36.2699475138794],[-113.171987799001,36.2699716653584],[-113.171963344237,36.2699956927958],[-113.171920009459,36.270000373086],[-113.171880941749,36.2700109788797],[-113.171840759445,36.2700147014109],[-113.171813258367,36.2700420344588],[-113.171840289719,36.2700716703501],[-113.1718486139,36.2701058734706],[-113.171835369474,36.2701387919163],[-113.171795353672,36.2701480042827],[-113.17177024627,36.2701233287542],[-113.171734367154,36.2701374567669],[-113.17171769791,36.2701623089732],[-113.171686523955,36.2701796946312],[-113.171455788013,36.2701601181333],[-113.171429174452,36.2701805999771],[-113.171444302629,36.2702141910026],[-113.171431149787,36.2702507438199],[-113.171388390738,36.2702645613429],[-113.171373806047,36.2702957969127],[-113.171402209239,36.2703125140615],[-113.171426384851,36.2703327268443],[-113.171451535504,36.2703574782748],[-113.171493295568,36.2703763080285],[-113.171503795755,36.2704115956399],[-113.171500507004,36.2704441601454],[-113.17148446403,36.2704704890858],[-113.171457695679,36.2704963160962],[-113.171439424466,36.2705251849709],[-113.171393283126,36.2705311482101],[-113.171374013134,36.2705543809993],[-113.171358518051,36.2705808414848],[-113.171313005149,36.2705831725244],[-113.171280451509,36.2706061337005],[-113.171249810578,36.2706350568615],[-113.171289180258,36.2706221977979],[-113.171325513669,36.2706394884056],[-113.171331649686,36.2706682798944],[-113.171364509695,36.2706884449138],[-113.171403066329,36.2707015668961],[-113.171433001366,36.2707230270965],[-113.171447181727,36.2707627014716],[-113.171470632121,36.2707933750531],[-113.171485444639,36.2708222360683],[-113.171524830656,36.2708215368473],[-113.171569816684,36.2708254959568],[-113.171610633166,36.2708404705716],[-113.171647438067,36.2708431532218],[-113.17163327528,36.270871979038],[-113.17160195593,36.2708910780951],[-113.171597056509,36.2709274990247],[-113.171559807801,36.2709364816812],[-113.171524299096,36.2709488470621],[-113.171507491811,36.2709813010946],[-113.171522133667,36.2710131207558],[-113.171526437677,36.2710454508903],[-113.171538643489,36.2710762457898],[-113.171561412598,36.2711010864209],[-113.171586621394,36.2711355597052],[-113.171607495198,36.2711590854238],[-113.171586974542,36.2711634142569]]]}},{"type":"Feature","properties":{"hazard":"fire-perimeter","severity":"MODERATE","tone":"moderate","fire_name":"Griffins Creek RX","acres":448.6129980080611,"contained_pct":0.0,"irwin_id":"{DFCCD56A-82EF-4E2B-8BA2-61F9D7A96276}","unit_code":"CONG","unit_name":"Congaree National Park","acres_affected":415.7},"geometry":{"type":"MultiPolygon","coordinates":[[[[-80.719147498,33.807835729],[-80.7186674389999,33.8079895990001],[-80.718280486,33.8080532860001],[-80.717924897,33.8079879040001],[-80.717709255,33.807703309],[-80.717618219,33.8071607250001],[-80.717557529,33.8067990000001],[-80.717342104,33.806449838],[-80.717033737,33.8061392010001],[-80.7168645959999,33.8058288840001],[-80.716912279,33.8054415820001],[-80.717177422,33.8047835950001],[-80.71727185,33.80429309],[-80.7171952269999,33.80407338],[-80.7169946829999,33.803905043],[-80.716948787,33.803749974],[-80.7169341269999,33.803504579],[-80.7169657439999,33.8032980310001],[-80.717276097,33.803001727],[-80.717462102,33.8028859300001],[-80.7176486179999,33.802615169],[-80.717850601,33.802344443],[-80.7180680069999,33.802086665],[-80.718285667,33.8017514050001],[-80.7184877729999,33.801441937],[-80.718766712,33.8012876080001],[-80.719107059,33.8012754700001],[-80.719540049,33.8013151960001],[-80.719972696,33.80145823],[-80.720265882,33.8016784280001],[-80.720450706,33.8019242080001],[-80.720635574,33.802157075],[-80.720727504,33.802428471],[-80.720710819,33.802802931],[-80.720631923,33.8032805600001],[-80.72056837,33.803796966],[-80.720598174,33.8041457030001],[-80.7205662709999,33.804442647],[-80.72059574,33.804894694],[-80.7206257139999,33.8051917770001],[-80.720624664,33.8055146130001],[-80.7205153309999,33.8058372090001],[-80.72041215182153,33.80605368892885],[-80.71983410991612,33.80696225183141],[-80.719815469,33.806984942],[-80.719551268,33.8073588390001],[-80.7193802159999,33.807629638],[-80.719147498,33.807835729]]],[[[-80.7067819379999,33.804263427],[-80.7074225699999,33.804288204],[-80.7083974879999,33.804313768],[-80.7093177089999,33.8040368740001],[-80.710126658,33.8037132060001],[-80.7112688679999,33.8036926280001],[-80.711574357,33.803972409],[-80.711907861,33.8042057380001],[-80.712435822,33.804602313],[-80.7129645589999,33.804766333],[-80.713549173,33.8048839690001],[-80.713911318,33.804884809],[-80.714468541,33.8048628450001],[-80.714775279,33.8047705330001],[-80.715082401,33.80456195],[-80.7152777859999,33.8044461220001],[-80.715556127,33.8045165290001],[-80.715834468,33.8045869380001],[-80.715806073,33.8047496560001],[-80.7158891029999,33.8049126350001],[-80.7161944549999,33.8052389160001],[-80.7161654459999,33.8055876820001],[-80.715941895,33.8057964670001],[-80.715774058,33.8060053790001],[-80.715828928,33.8062613160001],[-80.715856477,33.8063544010001],[-80.715855478,33.806656721],[-80.715826853,33.8068892100001],[-80.7157143439999,33.807214527],[-80.7156577819999,33.807470208],[-80.715573284,33.8077490790001],[-80.7154333,33.807958054],[-80.7151264789999,33.8080736260001],[-80.714764014,33.8081658090001],[-80.7142064609999,33.8082807970001],[-80.7141505119999,33.808350433],[-80.71370439,33.808465675],[-80.713425419,33.8085813060001],[-80.712922958,33.8088824550001],[-80.7125879549999,33.809090972],[-80.712169375,33.8092992960001],[-80.711750877,33.809484363],[-80.7112487159999,33.8096924870001],[-80.710886005,33.8098544260001],[-80.710745537,33.8102029290001],[-80.7106332389999,33.8104584770001],[-80.710325927,33.8107135650001],[-80.71004765,33.8106198900001],[-80.709825484,33.8104100680001],[-80.709575774,33.810107159],[-80.7094652819999,33.809827834],[-80.709187716,33.809524858],[-80.708854278,33.8092682610001],[-80.7085206039999,33.80908143],[-80.708131379,33.808847955],[-80.707435787,33.8085904960001],[-80.706517014,33.8084255250001],[-80.705904289,33.808377555],[-80.7054582379999,33.808469513],[-80.70488835324673,33.80869536115486],[-80.69616516784912,33.79982444753439],[-80.6962677,33.7997961950001],[-80.696825297,33.7996580330001],[-80.6978009759999,33.7994511270001],[-80.6987762429999,33.79936049],[-80.6996399239999,33.7993160840001],[-80.700809765,33.799342182],[-80.7012265449999,33.7996455140001],[-80.701169217,33.8001104860001],[-80.701141201,33.800156928],[-80.7010554509999,33.8007846200001],[-80.701025654,33.8013426790001],[-80.7010793439999,33.8019241970001],[-80.701077888,33.802342793],[-80.701160893,33.8025057770001],[-80.701411197,33.8026226600001],[-80.702051172,33.802833508],[-80.702468616,33.802950792],[-80.703025342,33.803068411],[-80.7034986639999,33.8031393160001],[-80.703832624,33.8032331410001],[-80.70411039,33.8034663620001],[-80.704387998,33.803746093],[-80.704860208,33.804142567],[-80.705360836,33.804376319],[-80.7058343269999,33.804400704],[-80.7062247969999,33.8042621020001],[-80.70674324,33.8042633360001],[-80.7067819379999,33.804263427]]],[[[-80.708234362,33.811336533],[-80.708401833,33.8112439080001],[-80.7085412879999,33.811197727],[-80.70881988,33.8111983850001],[-80.7093768299999,33.8112694650001],[-80.709710827,33.8113632720001],[-80.710183731,33.8115736840001],[-80.710433447,33.811876591],[-80.710655775,33.812039902],[-80.710878495,33.812086935],[-80.711101449,33.812064202],[-80.711491947,33.8119255820001],[-80.711742995,33.8118331480001],[-80.7119941189999,33.811717457],[-80.7120222899999,33.8116245000001],[-80.7119670389999,33.8114848390001],[-80.711605725,33.8112281850001],[-80.711522695,33.8110652020001],[-80.711523637,33.810786138],[-80.711692189,33.8103679340001],[-80.711887904,33.810159092],[-80.712305944,33.810113556],[-80.71277908,33.8102541910001],[-80.7133077029999,33.8104647210001],[-80.714031187,33.810722211],[-80.714476469,33.810862774],[-80.7147820709999,33.8111192910001],[-80.7149477579999,33.8115615290001],[-80.715057421,33.812096658],[-80.715083584,33.8126083390001],[-80.7149987719999,33.812980232],[-80.714774195,33.8134913330001],[-80.714270632,33.8141180600001],[-80.713531750689,33.81484086170093],[-80.7081497555242,33.81137863553602],[-80.708234362,33.811336533]]],[[[-80.71630972,33.812518143],[-80.716422849,33.8120067830001],[-80.716341034,33.81147172],[-80.716175799,33.810889952],[-80.715842949,33.810447332],[-80.715426833,33.809911497],[-80.715177645,33.809445812],[-80.7148996019999,33.8092823800001],[-80.714677351,33.8090958240001],[-80.7148739039999,33.808631174],[-80.715375889,33.8084695430001],[-80.7156824859999,33.80842374],[-80.715850175,33.808261337],[-80.7159902339999,33.808029106],[-80.716296906,33.807960044],[-80.7167421779999,33.808100601],[-80.717131276,33.80838056],[-80.7175760929999,33.808660645],[-80.717910091,33.8087544300001],[-80.718383457,33.808825278],[-80.718829491,33.8087332740001],[-80.719303618,33.8085715660001],[-80.7196656259999,33.8086189000001],[-80.719999398,33.8087824460001],[-80.72036065,33.8090623310001],[-80.720666339,33.809295578],[-80.721111551,33.8094593760001],[-80.721807718,33.809553968],[-80.7223366539999,33.8096714370001],[-80.7228375129999,33.8098586080001],[-80.72306001,33.809975385],[-80.723587983,33.8103951680001],[-80.72380581544054,33.81064660367781],[-80.71823711291172,33.81770911623437],[-80.71808866612851,33.81777231581466],[-80.71452382510567,33.81547906108568],[-80.71630972,33.812518143]]]]}}],"hazard":"fire-perimeter","attribution":"NIFC WFIGS · NPS boundaries","generatedAt":"2026-10-04T00:04:53Z","version":"v1"}